0;0;0;0;x;x;
1;42;3;128;VESTFIRDIR;x;
2;84;6;1;REYKJAVIK;x;
3;126;9;129;STOKKSEYRI;x;
4;168;12;2;REYDARFJALL;x;
5;0;15;130;HUSAVIK;x;
6;168;45;177;TORSHAVN;x;
7;84;21;131;SCALLOWAY;x;
8;126;24;4;KIRKWALL;x;
9;168;27;132;DONEGAL;x;
10;0;30;5;RAPHOE;x;
11;42;33;133;FAHAN;x;
12;84;36;6;DERRY;x;
13;126;39;134;SLEMISH;x;
14;168;42;7;CARRICKFERGUS;x;
15;0;45;135;DOWNPATRICK;x;
16;42;48;8;BALTIMORE;x;
17;84;51;136;ARMAGH;x;
18;126;54;9;DUNDALK;x;
19;168;57;137;ARDEE;x;
20;0;60;10;GALWAY;x;
21;42;63;138;CASTLEBAR;x;
22;84;66;11;SLIGO;x;
23;126;69;139;ATHENRY;x;
24;168;72;12;DROMAHAIR;x;
25;0;75;140;BELCOO;x;
26;42;78;13;LONGFORD;x;
27;126;84;14;CAVAN;x;
28;84;81;141;DUBLIN;x;
29;168;87;142;WICKLOW;x;
30;0;90;15;KILDARE;x;
31;42;93;143;TRIM;x;
32;84;96;16;DROGHEDA;x;
33;126;99;144;BIRR;x;
34;168;102;17;ATHLONE;x;
35;0;105;145;ARDNAMURCHON;x;
36;42;108;18;UISNEACH;x;
37;84;111;146;WEXFORD;x;
38;126;114;19;ENNISCORTHY;x;
39;168;117;147;FERNS;x;
40;0;120;20;CARLOW;x;
41;42;123;148;KILKENNY;x;
42;84;126;21;ATHY;x;
43;126;129;149;GOWRAN;x;
44;168;132;22;CARRICK;x;
45;0;135;150;LIMERICK;x;
46;42;138;23;ENNIS;x;
47;84;141;151;NENAGH;x;
48;126;144;24;ROSCREA;x;
49;168;147;152;WATERFORD;x;
50;0;150;25;EMLY;x;
51;42;153;153;CLONMEL;x;
52;84;156;26;TRALEE;x;
53;126;159;154;CORK;x;
54;168;162;27;KINSALE;x;
55;0;165;155;LINDHOLM;x;
56;42;168;28;VIBORG;x;
57;84;171;156;AARHUS;x;
58;126;174;29;JELLING;x;
59;168;177;157;VORBASSE;x;
60;0;180;30;RIBE;x;
61;42;183;158;AABENRAA;x;
62;84;186;31;HEDEBY;x;
63;126;189;159;ROSKILDE;x;
64;168;192;32;NAESTVED;x;
65;0;195;160;ODENSE;x;
66;42;198;33;SVENDBORG;x;
67;84;201;161;NYKOBING;x;
68;126;204;34;NAKSKOV;x;
69;168;207;162;SLAGELSE;x;
70;0;210;35;LUND;x;
71;42;0;163;TRELLEBORG;x;
72;84;3;36;TOMMERUP;x;
73;126;6;164;HELSINGBORG;x;
74;168;9;37;HALMSTAD;x;
75;0;12;165;ONSALA;x;
76;42;15;38;LAHOLM;x;
77;84;18;166;RONNE;x;
78;126;21;39;BREGNE;x;
79;168;24;167;RONNEBY;x;
80;0;27;40;AVASKAR;x;
81;42;30;168;AALBORG;x;
82;84;33;41;RINGKOBING;x;
83;126;36;169;VARDE;x;
84;168;39;42;HUSUMBRO;x;
85;0;42;170;HAFN;x;
86;42;45;43;GOINGE;x;
87;84;48;171;LISTER;x;
88;126;51;44;ARENSBURG;x;
89;168;54;172;SONEBURG;x;
90;0;57;45;MUHU;x;
91;42;60;173;DAGO;x;
92;84;63;46;HAPSAL;x;
93;126;66;174;LEAL;x;
94;168;69;47;REVAL;x;
95;0;72;175;HARJUMAA;x;
96;42;75;48;JARVA;x;
97;84;78;176;WESENBURG;x;
98;126;81;49;NARVA;x;
99;168;84;177;PARNU;x;
100;0;87;50;VILJANDI;x;
101;42;90;178;LEMISELE;x;
102;84;93;51;VALMIERA;x;
103;126;96;179;KOKENOIS;x;
104;168;99;52;JURMALA;x;
105;0;102;180;BAUSKA;x;
106;42;105;53;DOBELE;x;
107;84;108;181;MITAU;x;
108;126;111;54;RIGA;x;
109;168;114;182;VENDEN;x;
110;0;117;55;PILTENE;x;
111;42;120;183;CEKLIS;x;
112;84;123;56;KANDAVA;x;
113;126;126;184;BANDAVA;x;
114;168;129;57;GROBIN;x;
115;0;132;185;PALANGA;x;
116;42;135;58;DUVZARE;x;
117;84;138;186;DUNDAGA;x;
118;126;141;59;MEMEL;x;
119;168;144;187;TILSIT;x;
120;0;147;60;RAGNIT;x;
121;42;150;188;NEUENBURG;x;
122;84;153;61;LABIAU;x;
123;126;156;189;JURBARKAS;x;
124;168;159;62;RASEINIAI;x;
125;0;162;190;TAURAGE;x;
126;42;165;63;MEDENIKEN;x;
127;84;168;191;SIAULIAI;x;
128;126;171;64;TELSIAI;x;
129;168;174;192;VELIUONA;x;
130;0;177;65;KAUNAS;x;
131;42;180;193;KEDAINIAI;x;
132;84;183;66;UPYTE;x;
133;126;186;194;SELPILS;x;
134;168;189;67;LENNEWARDEN;x;
135;0;192;195;JEKABPILS;x;
136;42;195;68;JERSIKA;x;
137;84;198;196;DAUGAVPILS;x;
138;126;201;69;REZEKNE;x;
139;168;204;197;CESVAINE;x;
140;0;207;70;GULBENE;x;
141;42;210;198;ALUKSNE;x;
142;84;0;71;RAUNA;x;
143;126;3;199;VASTSELIINA;x;
144;168;6;72;VALGA;x;
145;0;9;200;TARTU;x;
146;42;12;73;POLTSAMAA;x;
147;84;15;201;ALISTEGUNDE;x;
148;126;18;74;SALACGRIVA;x;
149;168;21;202;VILKMERGE;x;
150;0;24;75;OKNIST;x;
151;42;27;203;UTENA;x;
152;84;30;76;BIRZAI;x;
153;126;33;204;TRAKAI;x;
154;168;36;77;KERNAVE;x;
155;0;39;205;VILNIUS;x;
156;42;42;78;PANEMUNE;x;
157;84;45;206;SUVALKAI;x;
158;126;48;79;VILKAVISKIS;x;
159;168;51;207;VALKININKAI;x;
160;0;54;80;MERKINE;x;
161;42;57;208;GRODNO;x;
162;84;60;81;ALITEN;x;
163;126;63;209;SEJNY;x;
164;168;66;82;LIDA;x;
165;0;69;210;KREVA;x;
166;42;72;83;BRASLAU;x;
167;84;75;211;YAMA;x;
168;126;78;84;KOPORYE;x;
169;168;81;212;NYEN;x;
170;0;84;85;NOTEBORG;x;
171;42;87;213;RAUTU;x;
172;84;90;86;KAKISALMI;x;
173;126;93;214;KOIVISTO;x;
174;168;96;87;SORTAVALA;x;
175;0;99;215;PORVOO;x;
176;42;102;88;ESPOO;x;
177;84;105;216;RASEBORG;x;
178;126;108;89;RIKALA;x;
179;168;111;217;TURKU;x;
180;0;114;90;RAUMA;x;
181;42;117;218;PARIKKALA;x;
182;84;120;91;VIIPURI;x;
183;126;123;219;LIINMAA;x;
184;168;126;92;TELJA;x;
185;0;129;220;ULVILA;x;
186;42;132;93;PIRKKALA;x;
187;84;135;221;SAVITAIPALE;x;
188;126;138;94;MIKKELI;x;
189;168;141;222;SULKAVA;x;
190;0;144;95;OLAVINLINNA;x;
191;42;147;223;KIDILA;x;
192;84;150;96;SALINIS;x;
193;126;153;224;AUNUS;x;
194;168;156;97;SEESJARVI;x;
195;0;159;225;ONEGABORG;x;
196;42;162;98;SOUTJARVI;x;
197;84;165;226;VEHKALAHTI;x;
198;126;168;99;KONTUPOHJA;x;
199;168;171;227;LIZMAJARVI;x;
200;0;174;0;TOVAJARVI;x;
201;42;177;128;SUOJARVI;x;
202;84;180;1;VATSELANJARVI;x;
203;126;183;129;SUOPARSAARI;x;
204;168;186;2;TOHMAJARVI;x;
205;0;189;130;HAMEENLINNA;x;
206;42;192;3;SOMERO;x;
207;84;195;131;SYSMA;x;
208;126;198;4;LAHTI;x;
209;168;201;132;PAIJALA;x;
210;0;204;5;VUOHIJARVI;x;
211;42;207;133;MESSUKYLA;x;
212;84;210;6;RUOVESI;x;
213;126;0;134;MUSTASAARI;x;
214;168;3;7;MERIKARVIA;x;
215;0;6;135;LEVANLUHTA;x;
216;42;9;8;SUND;x;
217;84;12;136;JOMALA;x;
218;126;15;9;SOMA;x;
219;168;18;137;KEM;x;
220;0;21;10;STRAND;x;
221;42;24;138;HOLSTEBRO;x;
222;84;27;11;ORMSTRUP;x;
223;126;30;139;YCOST;x;
224;168;33;12;RANDROS;x;
225;0;36;140;TARM;x;
226;42;39;13;DJURSLAND;x;
227;84;42;141;TAULOV;x;
228;126;45;14;MIDDELFART;x;
229;168;48;142;BAGAHUS;x;
230;0;51;15;RANIRIKI;x;
231;42;54;143;AUSTFOLD;x;
232;84;57;16;ROMERIKI;x;
233;126;60;144;RINGARIKI;x;
234;168;63;17;OSLOSYSLAR;x;
235;0;66;145;VALDRES;x;
236;42;69;18;HEDMARK;x;
237;84;72;146;NORTHRI GUDBRANDSDALI;x;
238;126;75;19;SUTHRI GUDBRANDSDALI;x;
239;168;78;147;NORTHRI EYSTRIDALI;x;
240;0;81;20;SUTHRI EYSTRIDALI;x;
241;42;84;148;GAULDALA;x;
242;84;87;21;STJORDALA;x;
243;126;138;49;VERDALA;x;
244;168;93;22;INNAN NAMDALFYLKI;x;
245;0;96;150;UTAN NAMDALFYLKI;x;
246;42;99;23;DRAFN;x;
247;84;102;151;NUMEDAL;x;
248;126;105;24;TELEMARK;x;
249;168;108;152;ARENDALL;x;
250;0;111;25;RAABOIGDE;x;
251;42;114;153;LISTER;x;
252;84;117;26;JATHARR;x;
253;126;120;154;RYFYLKI;x;
254;168;123;27;HAUGELAND;x;
255;0;126;155;HARDANGER;x;
256;42;129;28;SUNNHORDALAND;x;
257;84;132;156;MITHRHORDALAND;x;
258;126;135;29;NORTHRIHORDALAND;x;
259;168;138;157;VOSS;x;
260;0;141;30;SOGNFYLKI;x;
261;42;144;158;BREMANGER;x;
262;84;147;31;STOLSHEIMEN;x;
263;126;150;159;FJARLAND;x;
264;168;153;32;DALE;x;
265;0;156;160;FIRDAFYLKI;x;
266;42;159;33;JOLSTER;x;
267;84;162;161;SUNNMORE;x;
268;126;165;34;ROMSDALI;x;
269;168;168;162;NORTHRIMORE;x;
270;0;171;35;STRIND;x;
271;42;174;163;ORKDALA;x;
272;84;177;36;HITRAR;x;
273;126;180;164;EYNAFYLKI;x;
274;168;183;37;TORGAR;x;
275;0;186;165;RODOY;x;
276;42;189;38;SANDNES;x;
277;84;192;166;BODIN;x;
278;126;195;39;VAGAN;x;
279;168;198;167;BJARKOY;x;
280;0;201;40;VESTVAGBORG;x;
281;42;204;168;NORWEGIAN IMPASSABLE 1;x;
282;84;207;41;GRAFTAVALLEN;x;
283;126;210;169;GRONG;x;
284;168;0;42;AARBORTE;x;
285;0;3;170;BORGARSYSLAR;x;
286;42;6;43;TUNSBERG;x;
287;84;9;171;SKIRINGSSAL;x;
288;126;12;44;HEDDALI;x;
289;168;15;172;OTTRUNES;x;
290;0;18;45;HEIANE;x;
291;42;21;173;TANNA;x;
292;84;24;46;ARAK;x;
293;126;27;174;DOVRE;x;
294;168;30;47;ARDDA;x;
295;0;33;175;KROKAR;x;
296;42;36;48;SKALSTUGAN;x;
297;84;39;176;STORSJO;x;
298;126;42;49;SVEG;x;
299;43;81;138;NORWEGIAN IMPASSABLE 9;x;
300;0;48;50;LIONGBY;x;
301;42;51;178;WANNAMO;x ;
302;84;54;51;VAXJO;x ;
303;126;57;179;ALLBO;x;
304;168;60;52;KINNEVALD;x;
305;0;63;180;NORRVIDINGE;x;
306;42;66;53;UPPVIDINGE;x;
307;84;69;181;KALMAR;x;
308;126;72;54;HOGSBY;x ;
309;168;75;182;HULINGSRYD;x ;
310;0;78;55;VIMMERBY;x;
311;42;81;183;HULTABY;x;
312;84;84;56;JONKOPING;x;
313;126;87;184;EKSJO;x ;
314;168;90;57;BORGHOLM;x ;
315;0;93;185;EKETORP;x;
316;42;96;58;SKARA;x;
317;84;99;186;LODOSE;x;
318;126;102;59;KUNGAHALLA;;x 
319;168;105;187;FALKÖPING;x;
320;0;108;60;VARNHEM;x;
321;42;111;188;DALABORG;x;
322;84;114;61;TISSELSKOG;x;
323;126;117;189;TINGVALLA;x;
324;168;120;62;FRISKDAL;x;
325;0;123;190;GILLBERG;x;
326;42;126;63;VASE;x ;
327;84;129;191;ORABRO;x ;
328;126;132;64;RISEBERGA;x;
329;168;135;192;NORASKOG;x;
330;0;138;65;SUDHERKOPUNG;x;
331;42;141;193;HAMARKINDA;x;
332;84;144;66;LIUNGA;x;
333;126;147;194;SKAENNINGE;x;
334;168;150;67;VRETA;x;
335;0;153;195;WISINGHNO;x;
336;42;156;68;TALJE;x;
337;84;159;196;NYKOPUNG;x;
338;126;162;69;SUNDBY;x;
339;168;165;197;STRIGINES;x;
340;0;168;70;BIRKEVIK;x;
341;42;171;198;SIGTUNA;x;
342;84;174;71;UPPSALA;x;
343;126;177;199;ENESCOPINGE;x;
344;168;180;72;OSTHAMMAR;x ;
345;0;183;200;HENAMORUM;x ;
346;42;186;73;VAESTRAAROS;x ;
347;84;189;201;ARBUGAE;x ;
348;126;192;74;SKYNZEKKEBERGE;x ;
349;168;195;202;FERNABO;x ;
350;0;198;75;FALENE;x ;
351;42;201;203;MOR;x;
352;84;204;76;MOLUNGR;x ;
353;126;207;204;NORRBARKE;x ;
354;168;210;77;GAVLE;x;
355;0;0;205;OKLABO;x;
356;42;3;78;ODMARDEN;x;
357;84;6;206;BALDANAS;x;
358;126;9;79;FARILA;x;
359;168;12;207;DILSBO;x;
360;0;15;80;NORALE;x;
361;42;18;208;SEILANGER;x ;
362;84;21;81;HAFRA;x ;
363;126;24;209;LIDH;x ;
364;168;27;82;HEDANGER;x ;
365;0;30;210;SIOBORADH;x ;
366;42;33;83;SOLATUMUM;x ;
367;84;36;211;NETERU;x ;
368;126;39;84;GRUNDASUND;x;
369;168;42;212;WYSBU;x;
370;0;45;85;GARNAE;x;
371;42;48;213;BURSS;x;
372;84;51;86;FAROO;x;
373;126;54;214;JAHKAMAKKE;x  ;
374;168;57;87;LUOKTA;x;
375;0;60;215;ARVIESJAVRRIE;x ;
376;42;63;88;TUORPON;x;
377;84;66;216;SEMISJAUR;x;
378;126;69;89;SJOKKSJOKK;x;
379;168;72;217;SIRKAS;x;
380;0;75;90;SIGGEVARA;x;
381;42;78;218;LAIS;x;
382;84;81;91;UBMEJE;x;
383;126;84;219;TINGEVARA;x;
384;168;87;92;SUONDAVARA;x ;
385;0;90;220;KITTAL;x ;
386;42;93;93;FROSO;x ;
387;84;96;221;SUADIGIL;x;
388;126;99;94;KEMIJAVRI;x;
389;168;102;222;MORARNA;x;
390;0;105;95;SOMBIO;x;
391;42;108;223;AANAARJAVRI;x;
392;84;111;96;PELDOJAVRI;x;
393;126;114;224;ROUNALA;x;
394;168;117;97;GUOVDAGEAIDNU;x ;
395;0;120;225;IESJAVRI;x ;
396;42;123;98;KARASJOHKA;x;
397;84;126;226;AVIOVARA;x;
398;126;129;99;LAGGUJAKKA;x ;
399;168;132;227;OHCEJOHKA;x ;
400;0;135;0;PEACCAM;x;
401;42;138;128;SUONNJEL;x;
402;84;141;1;MUETKK;x;
403;126;144;129;NUOTTJAURR;x;
404;168;147;2;KIILT;x;
405;0;150;130;KOARDEGK;x;
406;42;153;3;MASELK;x;
407;84;156;131;CUKKSUAL;x ;
408;126;159;4;SAARVESJAURR;x ;
409;168;162;132;AKKEL;x;
410;0;165;5;LUJAVVR;x ;
411;42;168;133;LEJJAVVR;x ;
412;84;171;6;ARSJOGK;x;
413;126;174;134;GUODDEMJAVVR;x ;
414;168;177;7;KINTUS;x ;
415;0;180;135;JOVVKUJ;x;
416;42;183;8;PENNE;x;
417;84;186;136;SOSNEVKE;x;
418;126;189;9;KOULAJARVI;x ;
419;168;192;137;KITKA;x;
420;0;195;10;MAANSELKA;x;
421;42;198;138;JULEVU;x ;
422;84;201;11;BITON;x ;
423;126;204;139;GALASEATNU;x ;
424;168;207;12;DUORTNUS;x;
425;0;210;140;GIEPMA;x ;
426;42;0;13;IIJOKI;x ;
427;84;3;141;ARJEPLUOVVE;x ;
428;126;6;14;UDDJAUR;x ;
429;168;9;142;LUSSPIE;x Lusspie;
430;0;12;15;SJELTIE;x ;
431;42;15;143;GAALTOE;x;
432;84;18;16;VUALTJERE;x ;
433;42;87;63;HELSINGORA;x;
434;168;24;17;KOLDING;x;
435;0;27;145;OSTAVALL;x;
436;42;30;18;RAGUNDA;x;
437;84;33;146;FOLLINGE;x;
438;126;36;19;FINNFORSAR;x;
439;168;39;147;HELGUM;x;
440;0;42;20;Olsztyn;x;			#POL>MPL>Krakowska
441;42;45;148;INDAL;x;
442;84;48;21;PEDERSORE;x;
443;126;51;149;VETELI;x;
444;168;54;22;OULU;x;
445;0;57;150;LIMINKA;x;
446;42;60;23;PUOLANKA;x;
447;84;63;151;KONNEVESI;x;
448;126;66;24;KEITELE;x;
449;168;69;152;PIELINEN;x;
450;0;72;25;KAJAANI;x;
451;42;75;153;NUOKKIJARVI;x;
452;84;78;26;TUNGUT;x;
453;126;81;154;KUUSEMA;x;
454;168;84;27;KOUTAJOKI;x;
455;0;87;155;TIIKSJARVI;x;
456;42;90;28;river_hooghly;;
457;84;93;156;river_ichamati;;
458;126;96;29;Istria;x;
459;168;99;157;Veglia;x;
460;0;102;30;Varadzin;x;
461;42;105;158;Zagreb;x;
462;84;108;31;Krizevci;x;
463;126;111;159;Usora;x;
464;168;114;32;Senj;x;
465;0;117;160;Zadar;x;
466;42;120;33;Zachlumia;x;
467;84;123;161;Split;x;
468;126;126;34;Ragusa;x;
469;168;129;162;Zeta;x;
470;0;132;35;Dyrrachion;x;
471;42;135;163;Ochrid;x;
472;84;138;36;Epeiros;x;
473;126;141;164;Arta;x;
474;168;144;37;Cephalonia;x;
475;0;147;165;Hellas;x;
476;42;150;38;Achaia;x;
477;84;153;166;Methone;x;
478;126;156;39;Monemvasia;x;
479;168;159;167;Kaneia;x;
480;0;162;40;Chandax;x;
481;42;165;168;Korinthos;x;
482;84;168;41;Atheniai;x;
483;126;171;169;Rhodos;x;
484;168;174;42;Naxos;x;
485;0;177;170;Euboia;x;
486;42;180;43;Chios;x;
487;84;183;171;Lesbos;x;
488;126;186;44;Demetrias;x;
489;168;189;172;Thessalia;x;
490;0;192;45;Thessalonike;x;
491;42;195;173;Chalkidike;x;
492;84;198;46;Strymon;x;
493;126;201;174;Philippopolis;x;
494;168;204;47;Adrianopolis;x;
495;0;207;175;Kaliopolis;x;
496;42;210;48;Byzantion;x;
497;84;0;176;Thrake;x;
498;126;3;49;Mesembria;x;
499;168;6;177;Tyrnovo;x;
500;0;9;50;Serdica;x;
501;42;12;178;Naissus;x;
502;84;15;51;Rashka;x;
503;126;18;179;Hum;x;
504;168;21;52;Rama;x;
505;0;24;180;Belgrade;x;
506;42;27;53;Vidin;x;
507;84;30;181;Nikopolis;x;
508;126;33;54;Dorostotum;x;
509;168;36;182;Karvuna;x;
510;0;39;55;Constantia;x;
511;42;42;183;Galati;x;				#MOL>GAL>Galati
512;84;45;56;Cetatea Alba;x;		#MOL>CET>Cetatea Alba
513;126;48;184;Barlad;x;			#MOL>BAR>Barlad
514;168;51;57;Turnu;x;				#WAL>OLT>Giurgiu
515;0;54;185;Targoviste;x;			#WAL>ALP>Campulung
516;42;57;58;Severin;x;				#WAL>OLT>Severin
517;84;60;186;Temes;x;
518;126;63;59;Bacs;x;
519;168;66;187;Feher;x;
520;0;69;60;Bihar;x;
521;42;72;188;Csanad;x;
522;84;75;61;Pest;x;
523;126;78;189;Hewes;x;
524;168;81;62;Gemer;x;
525;0;84;190;Orava;x;
526;126;21;144;Czestochowa;x;		#POL>MPL>Krakowska
527;84;90;191;Krakow;x;				#POL>MPL>Krakowska
528;126;93;64;Sieradz;x;			#POL>KUJ>Sieradzka
529;168;96;192;Plock;x;				#POL>MAZ>Plocka
530;0;99;65;Czersk;x;				#POL>MAZ>Czerska
531;42;102;193;Sandomierz;x;		#POL>MPL>Sandomierska
532;84;105;66;Sacz;x;				#POL>MPL>Sacz
533;126;108;194;Saris;x;
534;168;111;67;Peremyshl;x;			#RUS>KHV>CHE>Peremyshl
535;0;114;195;Volodymyr;x;			#RUS>KHV>VOL>Volodymyr
536;42;117;68;Halych;x;				#RUS>KHV>HAL>Halych
537;84;120;196;Bereg;x;
538;126;123;69;Abauj;x;
539;168;126;197;Marmaros;x;
540;0;129;70;Szekelyfold;x;
541;42;132;198;Iasi;x;				#MOL>MOL>Iasi
542;84;135;71;Olbia_ETEL;x;			#Caspian Pontic Steppe
543;126;138;199;Okachiv;x;			#Caspian Pontic Steppe
544;168;141;72;Korsun;x;			#RUS>RUT>KIE>Kiev
545;0;144;200;Suceava;x;			#MOL>SUC>Suceava
546;42;147;73;Terebovl;x;			#RUS>KHV>HAL>Terebovl
547;84;150;201;Kiev;x;				#RUS>RUT>KIE>Kiev
548;126;153;74;Pinsk;x;				#RUS>WRU>PIN>Pinsk
549;168;156;202;Berestye;x;			#RUS>KHV>VOL>Berestye
550;0;159;75;Minsk;x;				#RUS>WRU>MIN>Minsk
551;42;162;203;Mstislavl;x;			#RUS>WRU>SMO>Smolensk
552;84;165;76;Turov;x;				#RUS>RUT>TUR>Turov
553;126;168;204;Lyubech;x;			#RUS>RUT>CHE>Chernigov
554;168;171;77;Chernigov;x;			#RUS>RUT>CHE>Chernigov
555;0;174;205;Pereyaslavl;x;		#RUS>RUT>PERE>Pereyaslavl
556;42;177;78;Samar;x;				#Caspian Pontic Steppe
557;84;180;206;Khortytsia;x;		#Caspian Pontic Steppe
558;126;183;79;Oleshye;x;			#Caspian Pontic Steppe
559;168;186;207;Kalos Limen;x;		#Caspian Pontic Steppe
560;0;189;80;Chersonesus;x;			#Caspian Pontic Steppe
561;42;192;208;Theodosia;x;			#Caspian Pontic Steppe
562;84;195;81;Kerch;x;				#Caspian Pontic Steppe
563;126;198;209;Taganrog;x;			#Caspian Pontic Steppe
564;168;201;82;Bakhmut;x;			#Caspian Pontic Steppe
565;0;204;210;Kharka;x;				#Caspian Pontic Steppe
566;42;207;83;Oskol;x;				#Caspian Pontic Steppe
567;84;210;211;Novgorod Seversky;x;	#RUS>RUT>CHE>Novgorod-Seversky
568;126;0;84;Smolensk;x;			#RUS>WRU>SMO>Smolensk
569;168;3;212;Vyazma;x;				#RUS>WRU>SMO>Smolensk
570;0;6;85;Dmitrov;x;				#RUS>OPO>OPO>Moskva
571;42;9;213;Uglich;x;				#RUS>OPO>OPO>Yaroslavl
572;84;12;86;Yaroslavl;x;			#RUS>OPO>OPO>Yaroslavl
573;126;15;214;Pereyaslavl Zalessky;x; #RUS>OPO>OPO>Suzdal
574;168;18;87;Rostov;x;				#RUS>OPO>OPO>Yaroslavl
575;0;21;215;Moskva;x;				#RUS>OPO>OPO>Moskva
576;42;24;88;Debryansk;x;			#RUS>RUT>CHE>Chernigov
577;84;27;216;Pronsk;x;				#RUS>OPO>RYA>Tula
578;126;30;89;Kolomna;x;			#RUS>OPO>OPO>Moskva
579;168;33;217;Saransk;x;			#RUS>OPO>OPO>Moskva
580;0;36;90;Ryazan;x;				#RUS>OPO>RYA>Ryazan
581;42;39;218;Murom;x;				#RUS>OPO>RYA>Ryazan
582;84;42;91;Vladimir;x;			#RUS>OPO>OPO>Vladimir
583;126;45;219;Starodub-on-the-klyazma;x;	#RUS>OPO>OPO>Vladimir
584;168;48;92;Nizhny Novgorod;x;	#RUS>OPO>NIZ>Nizhny-Novgorod
585;0;51;220;Gorodets;x;			#RUS>OPO>NIZ>Nizhny-Novgorod
586;42;54;93;Galich Mersky;x;		#RUS>OPO>NIZ>Manturovo
587;84;57;221;Mozhaysk;x;			#RUS>WRU>SMO>Mozhaysk
588;126;60;94;Yoshkar-Ola;x;
589;168;63;222;Urzen;x;
590;0;66;95;Cheboksary;x;
591;42;69;223;Simbirsk;x;
592;84;72;96;Saratov;x;
593;126;75;224;Khopyor;x;
594;168;78;97;Kazarki;x;			#Caspian Pontic Steppe
595;0;81;225;Sarysyn;x;				#Caspian Pontic Steppe
596;42;84;98;Tana;x;				#Caspian Pontic Steppe
597;84;87;226;Azov;x;				#Caspian Pontic Steppe
598;126;90;99;Tmutarakan;x;			#Caspian Pontic Steppe
599;168;93;227;Yaseni;x;			#Caspian Pontic Steppe
600;0;96;0;Nicopsia;x;
601;42;99;128;Kutaisi;x;
602;84;102;1;Tasqala;x;				#Caspian Pontic Steppe
603;126;105;129;Cabarda;x;			#Caspian Pontic Steppe
604;168;108;2;Khazaran;x;
605;0;111;130;Beksima;x;
606;42;114;3;Petigoria;x;			#Caspian Pontic Steppe
607;84;117;131;Sarkel;x;
608;126;120;4;Ukek;x;				#Caspian Pontic Steppe
609;168;123;132;Samar;x;
610;0;126;5;Bolghar;x;
611;42;129;133;Kazan;x;
612;84;132;6;Kai;x;
613;126;135;134;Bilyar;x;
614;168;138;7;Ashli;x;
615;0;141;135;Ufa;x;
616;42;144;8;Pecheneg;x;
617;84;147;136;Uzens;x;
618;126;150;9;Atyrau;x;				#Kazakh
619;168;153;137;Saray;x;
620;0;156;10;Itil;x;
621;42;159;138;Akkityk;x;			#Turkestan
622;84;162;11;Ak-Dzulpas;x;			#Turkestan
623;126;165;139;Kassarma;x;			#Turkestan
624;168;168;12;Aktau;x;				#Turkestan
625;0;171;140;Bailjar;x;			#Turkestan
626;42;174;13;river_daugava;x;
627;84;177;141;Kyzyl-Su;x;			#Turkestan
628;126;180;14;river_thames;x;
629;168;183;142;river_thames;x;
630;0;186;15;river_thames;x;
631;42;189;143;Yangadzha;x;			#Turkestan
632;84;192;16;sea_gulf_riga;x;
633;126;195;144;sea_gulf_bothnia;x;
634;168;198;17;sea_finnish_archipelago;x;
635;0;201;145;sea_baltic;x;
636;42;204;18;sea_coast_of_oland;x;
637;84;207;146;sea_coast_of_oland;x;
638;126;210;19;sea_coast_of_lithuania;x;
639;168;0;147;sea_baltic;x;
640;0;3;20;sea_baltic;x;
641;42;6;148;sea_coast_of_pomerania;x;
642;84;9;21;HUNGARIAN-MORAVIAN MOUNTAINS;x;
643;126;12;149;sea_arkona_basin;x;
644;168;15;22;sea_sydfynskeohav;x;
645;0;18;150;sea_skagerrak;x;
646;42;21;23;sea_gulf_finland;x;
647;84;24;151;sea_white_sea;x;
648;126;27;24;sea_white_sea;x;
649;168;30;152;sea_white_sea;x;
650;0;33;25;FINNISH IMPASSABLE 2;x;
651;42;36;153;FINNISH IMPASSABLE 3;x;
652;84;39;26;FINNISH IMPASSABLE 4;x;
653;126;42;154;NORWEGIAN IMPASSABLE 2;x;
654;168;45;27;NORWEGIAN IMPASSABLE 3;x;
655;0;48;155;NORWEGIAN IMPASSABLE 4;x;
656;42;51;28;NORWEGIAN IMPASSABLE 5;x;
657;84;54;156;NORWEGIAN IMPASSABLE 6;x;
658;126;57;29;NORWEGIAN IMPASSABLE 7;x;
659;168;60;157;IBERIAN IMPASSABLE TERRAIN 8;x;
660;0;63;30;Coast of Siberia;x;
661;42;66;158;sea_northern_atlantic;x;
662;84;69;31;sea_north_sea;x;
663;126;72;159;sea_coast_norway;x;
664;168;75;32;sea_coast_norway;x;
665;0;78;160;sea_coast_norway;x;
666;42;81;33;sea_coast_norway;x;
667;84;84;161;sea_coast_denmark;x;
668;126;87;34;Shirvan;x;
669;168;90;162;Shemakha;x;
670;0;93;35;Gandzasar;x;
671;42;96;163;Kapan;x;
672;84;99;36;Dvin;x;
673;126;102;164;Nukhpata;x;
674;168;105;37;Derbent;x;			#Caspian Pontic Steppe
675;0;108;165;Kumukh;x;			#Caspian Pontic Steppe
676;42;111;38;Telavi;x;
677;84;114;166;Batumi;x;
678;126;117;39;Trebizond;x;
679;168;120;167;Gori;x;
680;0;123;40;Oltisi;x;
681;42;126;168;Ani;x;
682;84;129;41;Van;x;
683;126;132;169;sea_limfjord;x;
684;168;135;42;sea_zuiderzee;x;
685;0;138;170;sea_zeeland;x;
686;42;141;43;sea_thames_estuary;x;
687;84;144;171;sea_coast_suffolk;x;
688;126;147;44;sea_the_wash;x;
689;168;150;172;river_humber;x;
690;0;153;45;sea_east_english_coast;x;
691;42;156;173;sea_north_sea;x;
692;84;159;46;sea_eastern_coast_scotland;x;
693;126;162;174;sea_orkney;x;
694;168;165;47;sea_north_sea;x;
695;0;168;175;sea_atlantic;x;
696;42;171;48;sea_hebrides;x;
697;84;174;176;sea_atlantic;x;
698;126;177;49;sea_the_minch;x;
699;168;180;177;sea_firth_of_clyde;x;
700;0;183;50;sea_hebrides;x;
701;42;186;178;Manzikert;x;
702;84;189;51;Tzimisca;x;
703;126;192;179;Martyropolis;x;
704;168;195;52;Theodosiopolis;x;
705;0;198;180;Cerasus;x;
706;42;201;53;Colonea;x;
707;84;204;181;Melitene;x;
708;126;207;54;sea_irish;x;
709;168;210;182;sea_irish;x;
710;0;0;55;sea_irish;x;
711;42;3;183;sea_celtic;x;
712;84;6;56;sea_bristol_channel;x;
713;126;9;184;sea_irish;x;
714;168;12;57;sea_coast_of_ailech;x;
715;0;15;185;sea_galway_bay;x;
716;42;18;58;HUNGARIAN-MORAVIAN MOUNTAINS;x;
717;84;21;186;HUNGARIAN-MORAVIAN MOUNTAINS;x;
718;126;24;59;HUNGARIAN-MORAVIAN MOUNTAINS;x;
719;168;27;187;CARPATHIANS;x;
720;0;30;60;CARPATHIANS;x;
721;42;33;188;CARPATHIANS;x;
722;84;36;61;sea_dingle_bay;x;
723;126;39;189;sea_courtmacsherry_bay;x;
724;168;42;62;sea_celtic;x;
725;0;45;190;sea_english_channel;x;
726;42;48;63;sea_english_channel;x;
727;84;51;191;sea_english_channel;x;
728;126;54;64;sea_english_channel;x;
729;168;57;192;sea_english_channel;x;
730;0;60;65;Eastern Sahara;x; #Impassable
731;42;63;193;Central Africa;x; #Impassable
732;84;66;66;CARPATHIANS;x;
733;126;69;194;CARPATHIANS;x;
734;168;72;67;SOUTHEASTERN TAURUS;x;
735;0;75;195;Ablastha;x;
736;42;78;68;Lykandos;x;
737;84;81;196;Kaisereia;x;
738;126;84;69;Amisos;x;
739;168;87;197;Sinope;x;
740;0;90;70;Herakleia;x;
741;42;93;198;Nikomedia;x;
742;84;96;71;Prusa;x;
743;126;99;199;Kyzikos;x;
744;168;102;72;Abydos;x;
745;0;105;200;Smyrna;x;
746;42;108;73;Ephesos;x;
747;84;111;201;Halikarnassos;x;
748;126;114;74;Laodikeia;x;
749;168;117;202;Dorylaion;x;
750;0;120;75;Nikaea;x;
751;42;123;203;Paphlagonia;x;
752;84;126;76;Galatia;x;
753;126;129;204;Ankyra;x;
754;168;132;77;Sozopolis;x;
755;0;135;205;Attaleia;x;
756;42;138;78;Limisol;x;
757;84;141;206;Famagusta;x;
758;126;144;79;Seleukia;x;
759;168;147;207;Ikonion;x;
760;0;150;80;Tyana;x;
761;42;153;208;Tarsus;x;
762;84;156;81;Adana;x;
763;126;159;209;Czech Mountains 1;x;
764;168;162;82;Czech Mountains 2;x;
765;0;165;210;Czech Mountains 3;x;
766;42;168;83;Czech Mountains 4;x;
767;84;171;211;Czech Mountains 5;x;
768;126;174;84;Czech Mountains 6;x;
769;168;177;212;Czech Mountains 7;x;
770;0;180;85;Czech Mountains 8;x;
771;42;183;213;Czech Mountains 9;x;
772;84;186;86;Czech Mountains 10;x;
773;126;189;214;Czech Mountains 11;x;
774;168;192;87;German Mountains 1;x;
775;0;195;215;German Mountains 2;x;
776;42;198;88;German Mountains 3;x;
777;84;201;216;German Mountains 4;x;
778;126;204;89;German Mountains 5;x;
779;168;207;217;German Mountains 6;x;
780;0;210;90;German Mountains 7;x;
781;42;0;218;German Mountains 8;x;
782;84;3;91;German Mountains 9;x;
783;126;6;219;German Mountains 10;x;
784;168;9;92;German Mountains 11;x;
785;0;12;220;German Mountains 12;x;
786;42;15;93;French Mountains 2;x;
787;84;18;221;Central Apennine Mountains 1;x;
788;126;21;94;Central Apennine Mountains 2;x;
789;168;24;222;Southern Apennine Mountains;x;
790;0;27;95;Atlas Mountains 1;x;
791;42;30;223;Atlas Mountains 2;x;
792;84;33;96;Atlas Mountains 3;x;
793;126;36;224;Atlas Mountains 4;x;
794;168;39;97;Atlas Mountains 5;x;
795;0;42;225;Atlas Mountains 6;x;
796;42;45;98;Atlas Mountains 7;x;
797;84;48;226;Atlas Mountains 8;x;
798;126;51;99;Atlas Mountains 9;x;
799;168;54;227;Atlas Mountains 10;x;
800;0;57;0;Tell Atlas Mountains 1;x;
801;42;60;128;Tell Atlas Mountains 2;x;
802;84;63;1;Tell Atlas Mountains 3;x;
803;126;66;129;Tell Atlas Mountains 4;x;
804;168;69;2;Tell Atlas Mountains 5;x;
805;0;72;130;Tell Atlas Mountains 6;x;
806;42;75;3;Tell Atlas Mountains 7;x;
807;84;78;131;Tell Atlas Mountains 8;x;
808;126;81;4;Tinsukia;x;
809;168;84;132;Ghuguha_Dol;x;
810;0;87;5;Charaideo;x;
811;42;90;133;Carguya;x;
812;84;93;6;Narayanpur;x;
813;126;96;134;Numaligarh;x;
814;168;99;7;Manikuta;x;
815;0;102;135;Pragyotisapura;x;
816;42;105;8;Dhubri;x;
817;84;108;136;Nalrajar_Garh;x;
818;126;111;9;Bhitagarh;x;
819;168;114;137;Sri_Surya_Pahar;x;
820;0;117;10;Kamakhya;x;
821;42;120;138;Herombial;x;
822;84;123;11;Maibong;x;
823;126;126;139;Oddiyana2;x;
824;168;129;12;Jangalbari;x;
825;0;132;140;Habiganj;x;
826;42;135;13;Manipur;x;
827;84;138;141;Khoupum;x;
828;126;141;14;Chatigama;x;
829;168;144;142;Candranatha;x;
830;0;147;15;Pattikera;x;
831;42;150;143;Tripura;x;
832;84;153;16;Mainamati;x;
833;126;156;144;Ekdala;x;
834;168;159;17;Chandpur;x;
835;0;162;145;Bagerhat;x;
836;42;165;18;Ishwaripur;x;
837;84;168;146;Gaur;x;
838;126;171;19;Hazrat_Pandua;x;
839;168;174;147;Rampur_Boalia;x;
840;0;177;20;Ramavati;x;
841;42;180;148;Devkot;x;
842;84;183;21;Raktamrittika;x;
843;126;186;149;Agmahl;x;
844;168;189;22;Kalyaneshwari;x;
845;0;192;150;Gopbhum;x;
846;42;195;23;Mahasthangarh;x;
847;84;198;151;Ghoraghat;x;
848;0;3;225;Somapur;x;
849;126;201;24;Gran Canaria;x;
850;168;96;42;Bokainagar;x;
851;84;9;226;Dhakeshwari_Jatiya_Mandir;x;
852;85;84;11;Nasirabad;x;
853;127;87;139;Unakoti;x;
854;169;90;12;Tlawng;x;
855;126;135;84;Attahasa;x;
856;168;138;212;Santipura;x;
857;0;141;85;Pandua;x;
858;42;144;213;Kumarhati;x;
859;84;147;86;Visnupura;x;
860;126;150;214;Umardan;x;
861;168;153;87;Pabna;x;
862;0;156;215;Sagardwip;x;
863;42;159;88;Chatrabhog;x;
864;84;162;216;Chandraketugarh;x;
865;126;165;89;Dantan;x;
866;168;168;217;Baghmundi;x;
867;0;171;90;Odantapuri;x;
868;42;174;218;Rajagrha;x;
869;84;177;91;Maner;x;
870;126;180;219;Bihar_Sharif;x;
871;168;183;92;Campa;x;
872;0;186;220;Vikramasila;x;
873;42;189;93;Bodh_Gaya;x;
874;84;192;221;Kukkutapada;x;
875;126;195;94;Jaund;x;
876;168;198;222;Arrah;x;
877;0;201;95;Sugauna;x;
878;42;204;223;Darbhanga;x;
879;84;207;96;Hajipur;x;
880;126;210;224;Kesaria;x;
881;168;0;97;Pava;x;
882;168;123;82;Chapra;x;
883;126;120;209;Gadhipuri;x;
884;126;3;154;Haldi2;x;
885;84;117;81;Bhadohi;x;
886;168;15;227;Perm;x;
887;1;18;0;Kharom-Vosh;x;
888;43;21;128;Kargadan;x;
889;85;24;1;Ural;x;
890;127;27;129;Khanty-Mansiisk;x;
891;169;30;2;Tyumen;x;
892;1;33;130;Tselym-Balyn;x;
893;43;36;3;Surgut;x;
894;43;96;13;SOUTH CARPATHIANS;x;
895;127;42;4;Kurgan;x;
896;169;45;132;Aqtobe;x;		#Kazakh
897;1;48;5;Iletsk;x;			#Kazakh
898;43;51;133;Tobol;x;
899;1;93;140;KOLA IMPASSIBLE TERRAIN;x;
900;127;57;134;Yangikent;x;		#Turkestan
901;169;60;7;Jend;x;			#Turkestan
902;1;63;135;KOLA IMPASSIBLE TERRAIN;x;
903;43;66;8;Afrasiyab;x;
904;85;69;136;Amorha;x;
905;127;72;9;Kantit;x;
906;169;75;137;Ambikapur;x;
907;1;78;10;Beohari;x;
908;84;132;211;Betla;x;
909;0;126;210;Palamau;x;
910;42;129;83;Kenduli;x;
911;0;207;25;Ratu;x;
912;84;0;26;Shikarji;x;
913;126;48;34;Kashipur;x;
914;84;45;161;Mandla;x;
915;85;39;131;Banjar;x;
916;126;105;79;Bohani;x;
917;42;99;78;Barman;x;
918;168;93;77;Hoshangabad;x;
919;126;90;204;Handia;x;
920;85;99;141;Gawilgarh;x;
921;127;102;14;Savarinarayana;x;
922;169;105;142;Pali;x;
923;1;108;15;Amarkantak;x;
924;43;111;143;Moti_Mahal;x;
925;85;114;16;Bahoriband;x;
926;127;117;144;Soubhagyapura;x;
927;17;40;240;Bhubaneswar;x;
928;169;120;17;Konarak;x;
929;1;123;145;Dhauli;x;
930;43;126;18;Sakshigopal;x;
931;85;129;146;Athgarh;x;
932;127;132;19;Ratnagiri;x;
933;169;132;182;Roslavl;x;
934;1;135;55;Lukoml;x;				#RUS>RUT>POL>Lukoml
935;43;138;183;KOLA IMPASSIBLE TERRAIN;x;
936;42;39;68;sea_aegean;x;
937;84;42;196;sea_crete;x;
938;126;45;69;sea_libya;x;
939;168;48;197;sea_nile_delta;x;
940;0;51;70;sea_jerusalem;x;
941;42;54;198;sea_cyprus;x;
942;0;54;35;sea_aegean;x;
943;42;18;3;Näsijärvi;x;
944;168;63;72;sea_aral;x;
945;0;66;200;sea_gulf_alexandretta;x;
946;42;69;73;sea_gulf_antalya;x;
947;84;72;201;sea_marmara;x;
948;126;75;74;sea_gulf_varna;x;
949;168;78;202;sea_black;x;
950;0;81;75;sea_black;x;
951;42;84;203;sea_black;x;
952;0;96;205;sea_caspian;x;
953;84;180;56;sea_morocco;x;
954;126;183;184;sea_gibraltar;x;
955;126;33;159;Saimaa;x;
956;84;15;156;FINISEH LAKES 1;x;
957;168;204;152;Oulujärvi;x;
958;42;132;48;lake_ladoga;x;
959;84;135;176;sea_malaren;x;
960;168;171;182;sea_faereyar;x;
961;168;141;177;lake_hjalmaren;x;
962;0;144;50;lake_vattern;x;
963;42;147;178;lake_vanern;x;
964;84;150;51;sea_white_sea;x;
965;126;153;179;sea_dover;x;
966;168;156;52;sea_english_channel;x;
967;0;159;180;sea_english_channel;x;
968;42;162;53;sea_st_georges_channel;x;
969;84;87;76;sea_azov;x;
970;168;21;157;sea_finisterre;x;
971;126;90;149;TIBET IMPASSABLE;x;
972;168;108;207;VEPSIAN WASTELAND;x;
973;126;78;39;sea_waddenzee;x;
974;42;27;158;sea_bay_biscay;x;
975;126;168;54;sea_donegal_bay;x;
976;42;210;153;IMPASSABLE ATLANTIC EUROPE-AFRICA;x;
977;168;36;32;sea_bretagne;x;
978;0;39;160;Atlantic;x;
979;0;111;80;Tiveriade Lake;x;
980;42;12;28;sea_portugal;x;
981;0;9;155;sea_gulf_cadiz;x;
982;168;51;162;sea_iceland;x;
983;42;114;208;Dead Sea;x;
984;42;57;163;sea_north_sea;x;
985;84;60;36;sea_northern_atlantic;x;
986;126;63;164;sea_coast_norway;x;
987;168;66;37;sea_north_sea;x;
988;0;69;165;sea_north_sea;x;
989;42;72;38;sea_north_sea;x;
990;84;75;166;sea_north_sea;x;
991;42;6;98;sea_celtic;x;
992;168;81;167;sea_the_minch;x;
993;0;84;40;sea_moray_firth;x;
994;42;87;168;sea_firth_of_forth;x;
995;84;90;41;sea_east_english_coast;x;
996;126;93;169;sea_dogger_bank;x;
997;126;12;99;lake_onega;x;
998;0;99;170;sea_north_sea;x;
999;42;102;43;sea_the_sound;x;
1000;84;105;171;sea_heligoland;x;
1001;126;108;44;sea_kattegat;x;
1002;168;111;172;sea_gulf_gdansk;x;
1003;0;114;45;sea_bight_of_hano;x;
1004;42;117;173;sea_baltic;x;
1005;84;120;46;sea_gulf_bothnia;x;
1006;126;123;174;sea_gulf_finland;x;
1007;168;126;47;sea_gulf_bothnia;x;
1008;0;129;175;sea_gulf_bothnia;x;
1009;168;6;27;sea_english_channel;x;
1010;126;18;29;sea_english_channel;x;
1011;42;42;33;sea_alboran;x;
1012;84;57;71;Lake Peipus;x;
1013;126;60;199;Lori;x;
1014;0;24;30;sea_asturias;x;
1015;42;177;183;sea_bay_biscay;x;
1016;0;174;55;sea_bay_biscay;x;
1017;84;30;31;sea_aegean;x;
1018;85;54;6;FINNISH LAKES 2;x;
1019;84;165;181;sea_irish;x;
1020;168;186;57;sea_alboran;x;
1021;0;189;185;sea_gulf_valencia;x;
1022;42;192;58;sea_algier;x;
1023;84;195;186;sea_algier;x;
1024;126;198;59;sea_sardinia;x;
1025;168;201;187;sea_gulf_lion;x;
1026;0;204;60;ALP LAKES;x;
1027;42;207;188;sea_cote_dazur;x;
1028;84;210;61;sea_gulf_genoa;x;
1029;126;0;189;sea_tyrrhenian;x;
1030;168;3;62;sea_sardinian_coast;x;
1031;0;6;190;sea_gulf_napoli;x;
1032;42;9;63;sea_palermo;x;
1033;84;12;191;sea_sicilian_narrows;x;
1034;126;15;64;sea_malta;x;
1035;168;18;192;sea_libya;x;
1036;0;21;65;sea_gulf_taranto;x;
1037;42;24;193;sea_ionia;x;
1038;84;27;66;sea_strait_otranto;x;
1039;169;135;147;BALKAN MOUNTAINS;x;
1040;1;138;20;BALKAN MOUNTAINS;x;
1041;43;141;148;BALKAN MOUNTAINS;x;
1042;85;144;21;BALKAN MOUNTAINS;x;
1043;127;147;149;BALKAN MOUNTAINS;x;
1044;169;150;22;BALKAN MOUNTAINS;x;
1045;1;153;150;GUINEA_UPLANDS;x;
1046;43;156;23;GUINEA_UPLANDS;x;
1047;85;159;151;ASANTE_HILLS;x;
1048;127;162;24;ASANTE_HILLS;x;
1049;169;165;152;OGADEN_DESERT;x;
1050;1;168;25;JEBEL_BEJA;x;
1051;43;171;153;JEBEL_BEJA;x;
1052;85;174;26;river_vistula;x;
1053;127;177;154;river_vistula;x;
1054;169;180;27;river_vistula;x;
1055;1;183;155;river_vistula;x;
1056;43;186;28;river_dniester;x;
1057;85;189;156;river_dniester;x;
1058;127;192;29;river_danube;x;
1059;169;195;157;river_danube;x;
1060;1;198;30;river_danube;x;
1061;43;201;158;river_danube;x;
1062;85;204;31;sea_caspian;x;
1063;127;207;159;river_danube;x;
1064;169;210;32;sea_caspian;x;
1065;1;0;160;river_danube;x;
1066;43;3;33;river_danube;x;
1067;85;6;161;river_danube;x;
1068;127;9;34;NUBIAN_DESERT_SOUTH;x;
1069;169;12;162;Chott el Djerid;x;
1070;1;15;35;river_dnieper;x;
1071;43;18;163;river_dnieper;x;
1072;85;21;36;river_dnieper;x;
1073;127;24;164;river_desna;x;
1074;169;27;37;river_desna;x;
1075;1;30;165;river_desna;x;
1076;43;33;38;Lake Chad;x;
1077;85;36;166;river_dnieper;x;
1078;127;39;39;river_dnieper;x;
1079;169;42;167;river_pripyat;x;
1080;1;45;40;WOLLO_HIGHLANDS;x;
1081;43;48;168;river_daugava;x;
1082;85;51;41;river_daugava;x;
1083;127;54;169;river_pripyat;x;
1084;169;57;42;river_svir;x;
1085;1;60;170;river_volkhov;x;
1086;43;63;43;lake_ilmen;x;
1087;85;66;171;river_lovat;x;
1088;127;69;44;WOLLO_HIGHLANDS;x;
1089;169;72;172;WOLLO_HIGHLANDS;x;
1090;1;75;45;river_don;x;
1091;43;78;173;river_don;x;
1092;85;81;46;river_volga;x;
1093;127;84;174;river_volga;x;
1094;169;87;47;river_volga;x;
1095;1;90;175;river_volga;x;
1096;43;93;48;river_volga;x;
1097;85;96;176;river_volga;x;
1098;127;99;49;river_volga;x;
1099;169;102;177;river_oka;x;
1100;1;105;50;river_cheksna;x;
1101;43;108;178;river_cheksna;x;
1102;85;111;51;river_oka;x;
1103;127;114;179;river_volga;x;
1104;169;117;52;river_oka;x;
1105;1;120;180;river_volga;x;
1106;43;123;53;river_volga;x;
1107;85;126;181;EASTERN DESERT;x;
1108;127;127;54;EASTERN DESERT;x;
1109;126;30;194;sea_adriatic_sea;x;
1110;168;33;67;sea_gulf_venice;x;
1111;0;36;195;sea_aegean;x;
1112;85;141;56;Madurai;x;
1113;127;144;184;Kara;x;
1114;169;147;57;Mahoyadapuram;x;
1115;1;150;185;Cholamandalam;x;
1116;43;153;58;Tenkasi;x;
1117;85;156;186;Qalqut;x;
1118;127;159;59;Manyapura;x;
1119;169;162;187;Kanchipuram;x;
1120;1;165;60;Tagadur;x;
1121;43;168;188;Uchangidurga;x;
1122;85;171;61;Udayagiri;x;
1123;127;174;189;Vengipura;x;
1124;169;177;62;Honnore;x;
1125;1;180;190;Thana;x;
1126;43;183;63;Daman;x;
1127;85;186;191;Akruresvara;x;
1128;127;189;64;Vizagipatam;x;
1129;169;192;192;Kataka;x;
1130;1;195;65;Mandavyapura;x;
1131;43;198;193;Karmanta;x;
1132;85;201;66;Kirghiz;x;
1133;127;204;194;Vadodara;x;
1134;169;207;67;Vamanasthali;x;
1135;1;210;195;Valabhi;x;
1136;43;0;68;Dvaraka;x;
1137;85;3;196;Mansura;x;
1138;127;6;69;Bhakkar;x;
1139;169;9;197;Musanagar;x;
1140;1;12;70;Banavasi;x;
1141;43;15;198;Kol;x;
1142;85;18;71;Pratishthana;x;
1143;127;21;199;Kalyani;x;
1144;169;24;72;Kollipake;x;
1145;1;27;200;Devagiri;x;
1146;43;30;73;Naldurg;x;
1147;85;33;201;Mandapika;x;
1148;127;36;74;Dasapura;x;
1149;169;39;202;Dhara;x;
1150;1;42;75;Sarangpur;x;
1151;43;45;203;Laksmanavati;x;
1152;85;48;76;Mudgagiri;x;
1153;127;51;204;Kotivarsa;x;
1154;169;54;77;Pataliputra;x;
1155;1;57;205;Sripuri;x;
1156;43;60;78;Kodalaka;x;
1157;85;63;206;Balkonda;x;
1158;127;66;79;Bidar;x;
1159;169;69;207;Ramagiri;x;
1160;1;72;80;Rayapura;x;
1161;43;75;208;Srinagara;x;
1162;85;78;81;Kusinagara;x;
1163;127;81;209;Varanasi;x;
1164;169;84;82;Chauragarh;x;
1165;1;87;210;Bandhugadha;x;
1166;43;90;83;Jaunpur;x;
1167;85;93;211;Lakhnau;x;
1168;127;96;84;Mandawar;x;
1169;169;99;212;Kalpi;x;
1170;1;102;85;Vidisa;x;
1171;43;105;213;Kalanjara;x;
1172;85;108;86;Gwalior;x;
1173;127;111;214;Sambhal;x;
1174;169;114;87;Candravati;x;
1175;1;117;215;Aror;x;
1176;43;120;88;Medantaka;x;
1177;85;123;216;Kundina;x;
1178;127;126;89;Karur;x;
1179;169;129;217;Sakala;x;
1180;1;132;90;Udabhanda;x;
1181;43;135;218;Sutkend;x;			#Turkestan
1182;85;138;91;Bawangaja;x;
1183;127;141;219;Borgarh;x;
1184;169;144;92;Khargone;x;
1185;1;147;220;Khandwa;x;
1186;43;150;93;Chach;x;				#Turkestan
1187;85;153;221;Changdev;x;
1188;127;156;94;Erandol;x;
1189;169;159;222;Amalner;x;
1190;1;162;95;Gurjaratra;x;
1191;43;165;223;Bannu;x;
1192;85;168;96;Bhera;x;
1193;127;171;224;Jalandhar;x;
1194;169;174;97;Sindkheda;x;
1195;1;177;225;Bhamer;x;
1196;43;180;98;Srirangapatna;x;
1197;85;183;226;Dwarasamudra;x;
1198;127;186;99;Vatapi;x;
1199;169;189;227;Penugonda;x;
1200;1;192;0;Kanara;x;
1201;43;195;128;Kongu;x;
1202;85;198;1;Kudalasangama;x;
1203;127;201;129;Idatarainadu;x;
1204;169;204;2;Nellore;x;
1205;1;207;130;Narim;x;
1206;43;210;3;Taradavadi;x;
1207;85;0;131;Amaravati;x;
1208;127;3;4;Kambampet;x;
1209;169;6;132;Racakonda;x;
1210;1;9;5;Manyakheta;x;
1211;43;12;133;Pannagallu;x;
1212;85;15;6;Lattalura;x;
1213;127;18;134;Kondana;x;
1214;169;21;7;Tirunelveli;x;
1215;1;24;135;Etawah;x;
1216;43;27;8;Talakad;x;
1217;85;30;136;Nandagiri;x;
1218;127;33;9;Alampur;x;
1219;169;36;137;Potapi;x;
1220;1;39;10;Goa;x;
1221;43;42;138;Vijayawada;x;
1222;85;45;11;Rajamahendravaram;x;
1223;127;48;139;Ishim;x;
1224;169;51;12;Mandasa;x;
1225;1;54;140;Puri;x;
1226;43;57;13;Nandapur;x;
1227;85;60;141;Cakrakuta;x;
1228;127;63;14;Swetakapura;x;
1229;169;66;142;Khinjali;x;
1230;1;69;15;Suvarnapura;x;
1231;43;72;143;Viraja;x;
1232;85;75;16;Midnapore;x;
1233;127;78;144;Saptagrama;x;
1234;169;81;17;Deogarh2;x;
1235;1;84;145;Tamralipti;x;
1236;43;87;18;Candradvipa;x;
1237;85;90;146;Rajrappa;x;
1238;127;93;19;Mallabhum;x;
1239;169;96;147;Vijayapura;x;
1240;1;99;20;Fathabad;x;
1241;43;102;148;Koriya;x;
1242;85;105;21;Lakhnor;x;
1243;127;108;149;Karnasubarna;x;
1244;169;111;22;Kamatapur;x;
1245;1;114;150;Srihatta;x;
1246;43;117;23;Goalpara;x;
1247;85;120;151;Khijjinga;x;
1248;127;123;24;Chutia;x;
1249;169;126;152;Sambalpur;x;
1250;1;129;25;Ayodhya;x;
1251;43;132;153;Sasaram;x;
1252;85;135;26;Barasuru;x;
1253;127;138;154;Nilagiri;x;
1254;169;141;27;Vairagara;x;
1255;1;144;155;Vemulavada;x;
1256;43;147;28;Orangallu;x;
1257;85;150;156;Medak;x;
1258;127;153;29;Nanded;x;
1259;169;156;157;Vatsagulma;x;
1260;1;159;30;Nasikya;x;
1261;43;162;158;Parnakheta;x;
1262;85;165;31;Thalner;x;
1263;127;168;159;Burhanpur;x;
1264;169;171;32;Nandurbar;x;
1265;1;174;160;Sagar;x;
1266;43;177;33;Somnath;x;
1267;85;180;161;Vardhamana;x;
1268;127;183;34;Dhamalpur;x;
1269;169;186;162;Canda;x;
1270;1;189;35;Kiranapura;x;
1271;43;192;163;Tripuri;x;
1272;85;195;36;Ratanpur;x;
1273;127;198;164;Turgay;x;
1274;169;201;37;Damoh;x;
1275;1;204;165;Jajmau;x;
1276;43;207;38;Gaya;x;
1277;85;210;166;Tummana;x;
1278;127;0;39;Gurgi;x;
1279;169;3;167;Hardoi;x;
1280;1;6;40;EASTERN DESERT;x;
1281;43;9;168;Chunar;x;
1282;85;12;41;Lalganj;x;
1283;127;15;169;Asni;x;
1284;169;18;42;Manikpur;x;
1285;1;21;170;Acalapura;x;
1286;43;24;43;Kherla;x;
1287;85;27;171;Asirgarh;x;
1288;127;30;44;Ujjayini;x;
1289;169;33;172;Dadhipadra;x;
1290;1;36;45;Khetaka;x;
1291;43;39;173;Mohadavasaka;x;
1292;85;42;46;Anahilapataka;x;
1293;127;45;174;EAST INDIAN OCEAN TI;x;
1294;169;48;47;Satyapura;x;
1295;1;51;175;Kanthakota;x;
1296;43;54;48;Dimapur;x;
1297;85;57;176;Debul;x;
1298;127;60;49;Chanderi;x;
1299;169;63;177;Candhoba;x;
1300;1;66;50;Kota;x;
1301;43;69;178;Mahoba;x;
1302;85;72;51;Chitrakut;x;
1303;127;75;179;Ranikot;x;
1304;169;78;52;Ludrava;x;
1305;1;81;180;Balkhash Lake;x;
1306;43;84;53;Tara;x;
1307;85;87;181;river_indus;x;
1308;127;90;54;river_indus;x;
1309;169;93;182;river_indus;x;
1310;1;96;55;Qualnsiyah;x;
1311;43;99;183;river_ganges;x;
1312;85;102;56;river_ganges;x;
1313;127;105;184;river_ganges;x;
1314;169;108;57;river_ganges;x;
1315;1;111;185;river_ganges;x;
1316;43;114;58;river_brahmaputra;x;
1317;85;117;186;river_casamance;x;
1318;127;120;59;Devaparvata;x;
1319;169;123;187;Bikrampur;x;
1320;1;126;60;SINAI DESERT;x;
1321;43;129;188;Kamarupanagara;x;
1322;85;132;61;SINAI DESERT;x;
1323;127;135;189;Nabadwipa;x;
1324;169;138;62;Suvarnagram;x;
1325;1;141;190;Madhupur;x;
1326;43;144;63;JIBAL-AL-HIJAZI;x;
1327;85;147;191;Rothas;x;
1328;127;150;64;Prayaga;x;
1329;169;153;192;Ket;x;
1330;1;156;65;JIBAL-AL-HIJAZI;x;
1331;43;159;193;Sonda;x;
1332;85;162;66;JIBAL-AL-HIJAZI;x;
1333;127;165;194;Siwistan;x;
1334;169;168;67;DANAKIL_HILLS;x;
1335;1;171;195;AD-DAHNA DESERT;x;
1336;43;174;68;Vijnot;x;
1337;85;177;196;Uch;x;
1338;127;180;69;Multan;x;
1339;169;183;197;Rajanpur;x;
1340;1;186;70;Karor;x;
1341;43;189;198;Nandana;x;
1342;85;192;71;Purushapura;x;
1343;127;195;199;SYRIAN DESERT;x;
1344;169;198;72;SYRIAN DESERT;x;
1345;1;201;200;Aghata;x;
1346;43;204;73;Shakambhari;x;
1347;85;207;201;TAKLAMAKAN DESERT;x;
1348;127;210;74;TIBETAN LAKES;x;
1349;169;0;202;Vikramapura;x;
1350;1;3;75;Reni;x;
1351;43;6;203;Gilgit;x;
1352;85;9;76;Sarasvati;x;
1353;127;12;204;Harshnath;x;
1354;169;15;77;Nagauda;x;
1355;1;18;205;Ranthambore;x;
1356;43;21;78;Kanyakubja;x;
1357;85;24;206;Sripatha;x;
1358;127;27;79;Vodamayutja;x;
1359;169;30;207;Mathura;x;
1360;1;33;80;Maldives;x;
1361;43;36;208;Shorkot;x;
1362;85;39;81;Lahur;x;
1363;127;42;209;Dipalpur;x;
1364;169;45;82;Tribandapura;x;
1365;1;48;210;Indraprastha;x;
1366;43;51;83;Asigarh;x;
1367;85;54;211;Saharanpur;x;
1368;127;57;84;Hastinapura;x;
1369;169;60;212;Socotra;x;
1370;1;63;85;Mohenjo_Daro;x;
1371;43;66;213;Larkana;x;
1372;85;69;86;Badah;x;
1373;127;72;214;SYRIAN DESERT;x;
1374;169;75;87;Rojhan;x;
1375;1;78;215;Kafirkot;x;
1376;43;81;88;Daraban;x;
1377;85;84;216;Jasnaul;x;
1378;127;87;89;Gurganj;x;		#Turkestan
1379;169;90;217;SYRIAN IMPASSABLE;x;
1380;1;93;90;SYRIAN IMPASSABLE;x;
1381;43;96;218;Pundravardhana;x;
1382;85;99;91;sea_red_sea;x;
1383;127;102;219;sea_red_sea;x;
1384;169;105;92;sea_red_sea;x;
1385;1;108;220;sea_bab_el_mandeb;x;
1386;43;111;93;sea_gulf_aden;x;
1387;85;114;221;sea_gulf_aden;x;
1388;127;117;94;sea_guardafui_channel;x;
1389;169;120;222;sea_arabian_sea;x;
1390;1;123;95;sea_arabian_sea;x;
1391;43;126;223;sea_arabian_sea;x;
1392;85;129;96;sea_gulf_oman;x;
1393;127;132;224;sea_strait_of_hormuz;x;
1394;169;135;97;sea_persian_gulf;x;
1395;1;138;225;sea_persian_gulf;x;
1396;43;141;98;sea_arabian_sea;x;
1397;85;144;226;sea_arabian_sea;x;
1398;127;147;99;sea_arabian_sea;x;
1399;169;150;227;sea_arabian_sea;x;
1400;1;153;0;sea_arabian_sea;x;
1401;43;156;128;sea_laccadive_sea;x;
1402;85;159;1;sea_laccadive_sea;x;
1403;127;162;129;sea_bay_of_bengal;x;
1404;169;165;2;sea_palk_bay;x;
1405;1;168;130;sea_bay_of_bengal;x;
1406;43;171;3;sea_bay_of_bengal;x;
1407;85;174;131;sea_bay_of_bengal;x;
1408;169;132;32;Anxi;x;
1409;169;180;132;sea_bay_of_bengal;x;
1410;1;183;5;sea_bay_of_bengal;x;
1411;43;186;133;sea_bay_of_bengal;x;
1412;85;189;6;sea_arabian_sea;x;
1413;127;192;134;Venadu;x;
1414;169;195;7;Kora;x;
1415;1;198;135;Pithapuram;x;
1416;43;201;8;Kolhapur;x;
1417;85;204;136;AZERBAIJAN MOUNTAINS;x;
1418;127;207;9;Haruppeswara;x;
1419;169;210;137;Mithila;x;
1420;1;0;10;Simaramapura;x;
1421;43;3;138;Sravasti;x;
1422;85;6;11;Naimisa;x;
1423;127;9;139;Fergana;x;
1424;169;12;12;Suyab;x;			#Turkestan
1425;1;15;140;Almaliq;x;		#Turkestan
1426;43;18;13;Sarkand;x;		#Turkestan
1427;85;21;141;Urzhar;x;		#Turkestan
1428;127;24;14;AZERBAIJAN MOUNTAINS;x;
1429;169;27;142;AZERBAIJAN MOUNTAINS;x;
1430;1;30;15;Zhitikara;x;		#Kazakh
1431;43;33;143;Otrar;x;			#Turkestan
1432;85;36;16;Symbyl;x;			#Turkestan
1433;127;39;144;Terekti;x;		#Kazakh
1434;169;42;17;Karkaraly;x;		#Kazakh
1435;1;45;145;Astana;x;
1436;43;48;18;AZERBAIJAN MOUNTAINS;x;
1437;85;51;146;PERSIAN IMPASSABLE TERRAIN;x;
1438;127;54;19;Yarkand;x;
1439;169;57;147;Kashgar;x;
1440;1;60;20;Khotan;x;
1441;86;135;186;Cherchen;x;
1442;128;138;59;Charkliq;x;
1443;170;141;187;Karashar;x;
1444;2;144;60;Kucha;x;
1445;44;147;188;Aksu;x;
1446;86;150;61;Kara Khoja;x;
1447;128;153;189;Loulan;x;
1448;170;156;62;Dunhuang;x;
1449;2;159;190;Luntai;x;
1450;44;162;63;Sharga;x;
1451;86;165;191;Altay;x;
1452;128;168;64;Karatangdy;x;
1453;170;171;192;Aj Bogd;x;
1454;2;174;65;Abakan;x;
1455;44;177;193;Tsagaanuur;x;
1456;86;180;66;Ikh Bogd;x;
1457;170;201;197;Karakorum;x;
1458;2;204;70;Tarvagatai;x;
1459;44;207;198;Arzhan;x;
1460;1;120;30;Khilem Khamar;x;
1461;43;123;158;Otuken_city;x;	#Ötüken city
1462;85;126;31;Krasnoyarsk;x;
1463;127;129;159;Erchis;x;
1464;127;177;4;Siberian Wastes;x; #Impassable wasteland
1465;1;135;160;ATLANTIC TI;x;
1466;43;138;33;;x;
1467;85;141;161;INDIAN OCEAN TI;x;
1468;127;144;34;Onge;x; #Little Andaman
1469;167;238;13;b_xinghua_putian;x;
1470;68;255;219;b_fuzhou_fuqing;x;
1471;43;153;163;PERSIAN IMPASSABLE TERRAIN;x;
1472;85;156;36;MIDDLE SWEDEN LAKES;x;
1473;127;159;164;SOUTH SWEDEN LAKES;x;
1474;169;162;37;SOUTH NORWAY LAKES;x;
1475;1;165;165;NORTH SWEDEN LAKES;x;
1476;43;168;38;DANISH LAKES;x;
1477;85;171;166;IRISH LAKES;x;
1478;127;174;39;ITALIAN LAKES;x;
1479;169;177;167;HUNGARIAN LAKES;x;
1480;1;180;40;GREEK LAKES;x;
1481;43;183;168;WEST TURKISH LAKES;x;
1482;85;186;41;EAST TURKISH LAKES;x;
1483;127;189;169;EGYPT LAKES;x;
1484;169;192;42;PERSIAN LAKES;x;
1485;1;195;170;PERSIAN IMPASSABLE TERRAIN;x;
1486;43;198;43;RUSSIAN LAKES 2;x;
1487;85;201;171;river_kama;x;
1488;127;204;44;RUSSIAN LAKES 4;x;
1489;169;207;172;Ustyurt Plateau;x;
1490;1;210;45;Tibet Lakes;x;
1491;43;0;173;TRANSOXIANA LAKES;x;
1492;85;3;46;LAKES TARTARIA;x;
1493;127;6;174;LAKES MONGOLIA;x;
1494;169;9;47;LAKE BAIKAL;x;
1495;1;12;175;ALTAISHAN;x;
1496;43;15;48;LAKES EAST OF BURMA;x;
1497;85;18;176;LAKES TIBET;x;
1498;127;21;49;LAKES TIBET;x;
1499;169;24;177;BOLTON;x;
1500;1;27;50;YARLESTRE;x;
1501;255;255;255;TIANSHAN;x;
1502;85;33;51;DOVER;x;
1503;127;36;179;CANTERBURY;x;
1504;169;39;52;ROCHESTER;x;
1505;1;42;180;TONBRIDGE;x;
1506;43;45;53;LEWES;x;
1507;85;48;181;CHICHESTER;x;
1508;127;51;54;ARUN;x;
1509;169;54;182;HASTINGS;x;
1510;1;57;55;CHERTSEY;x;
1511;43;60;183;GUILDFORD;x;
1512;85;63;56;KINGSTON;x;
1513;127;66;184;TANDBRIDGE;x;
1514;169;69;57;COLCHESTER;x;
1515;1;72;185;MALDON;x;
1516;43;75;58;CHELMSFORD;x;
1517;85;78;186;DUNMOW;x;
1518;127;81;59;IPSWICH;x;
1519;169;84;187;SUDBURY;x;
1520;1;87;60;BLYTHING;x;
1521;43;90;188;BEODERICSWORTH;x;
1522;85;93;61;NORWICH;x;
1523;127;96;189;THETFORD;x;
1524;169;99;62;WALSINGHAM;x;
1525;1;102;190;LYNN;x;
1526;43;105;63;SOUTHWARK;x;
1527;85;108;191;LONDON;x;
1528;127;111;64;WOXBRIGGE;x;
1529;169;114;192;GORE;x;
1530;1;117;65;BRENTFORD;x;
1531;43;120;193;BERKHAMSTED;x;
1532;85;123;66;SAINT ALBANS;x;
1533;127;126;194;HERTFORD;x;
1534;169;129;67;CAMBRIDGE;x;
1535;1;132;195;RADFIELD;x;
1536;43;135;68;PAPWORTH;x;
1537;85;138;196;ELY;x;
1538;127;141;69;BEDFORD;x;
1539;169;144;197;AMPTHILL;x;
1540;1;147;70;LUTON;x;
1541;43;150;198;HURSTINGSTONE;x;
1542;85;153;71;NORMAN CROSS;x;
1543;127;156;199;LEIGHTONSTONE;x;
1544;169;159;72;WINCHESTER;x;
1545;1;162;200;SOUTHAMPTON;x;
1546;43;165;73;PORTSMOUTH;x;
1547;85;168;201;BASINGSTOKE;x;
1548;127;171;74;CHRISTCHURCH;x;
1549;169;174;202;CARISBROOKE;x;
1550;1;177;75;TIANSHAN;x;
1551;43;180;203;BUCKINGHAM;x;
1552;85;183;76;AYLESBURY;x;
1553;127;186;204;NEWPORT;x;
1554;169;189;77;WYCOMBE;x;
1555;1;192;205;READING;x;
1556;43;195;78;NEWBURY;x;
1557;85;198;206;ABINGDON;x;
1558;127;201;79;OXFORD;x;
1559;169;204;207;BANBURY;x;
1560;1;207;80;WITNEY;x;
1561;43;210;208;SALISBURY;x;
1562;85;0;81;WILTON;x;
1563;127;3;209;RAMSBURY;x;
1564;169;6;82;MALMESBURY;x;
1565;1;9;210;WAREHAM;x;
1566;43;12;83;POOLE;x;
1567;85;15;211;SHAFTESBURY;x;
1568;127;18;84;LYME;x;
1569;169;21;212;EXETER;x;
1570;1;24;85;TOTNES;x;
1571;43;27;213;OKEHAMPTON;x;
1572;85;30;86;BARNSTAPLE;x;
1573;127;33;214;LAUNCESTON;x;
1574;169;36;87;TINTAGEL;x;
1575;1;39;215;HELSTON;x;
1576;43;42;88;BATH;x;
1577;85;45;216;WINTERSTOKE;x;
1578;127;48;89;ILCHESTER;x;
1579;169;51;217;TAUNTON;x;
1580;1;54;90;GLOUCESTER;x;
1581;43;57;218;BRISTOL;x;
1582;85;60;91;WINCHCOMBE;x;
1583;127;63;219;LINCOLN;x;
1584;169;66;92;STAMFORD;x;
1585;1;69;220;BOSTON;x;
1586;43;72;93;BOLINGBROKE;x;
1587;85;75;221;GRIMSBY;x;
1588;127;78;94;POCKLINGTON;x;
1589;169;81;222;COTTINGHAM;x;
1590;1;84;95;BRIDLINGTON;x;
1591;43;87;223;LEEDS;x;
1592;85;90;96;DONCASTER;x;
1593;127;93;224;HALIFAX;x;
1594;169;96;97;SHEFFIELD;x;
1595;1;99;225;YORK;x;
1596;43;102;98;SCARBOROUGH;x;
1597;85;105;226;WHITBY;x;
1598;127;108;99;RICHMOND;x;
1599;169;111;227;RIPON;x;
1600;1;114;0;NORTHAMPTON;x;
1601;43;117;128;PETERBOROUGH;x;
1602;85;120;1;KETTERING;x;
1603;127;123;129;WARWICK;x;
1604;169;126;2;COVENTRY;x;
1605;1;129;130;BIRMINGHAM;x;
1606;43;132;3;DURHAM;x;
1607;85;135;131;DARLINGTON;x;
1608;127;138;4;HARTLEPOOL;x;
1609;169;141;132;MONKCHESTER;x;
1610;1;144;5;BAMBURGH;x;
1611;43;147;133;HEXHAM;x;
1612;85;150;6;ROTHBURY;x;
1613;127;153;134;OAKHAM;x;
1614;169;156;7;TIANSHAN;x;
1615;1;159;135;LEICESTER;x;
1616;43;162;8;MELTON;x;
1617;85;165;136;BOSWORTH;x;
1618;127;168;9;NOTTINGHAM;x;
1619;169;171;137;NEWARK;x;
1620;1;174;10;RETFORD;x;
1621;43;177;138;DERBY;x;
1622;85;180;11;CHESTERFIELD;x;
1623;127;183;139;CASTLETON;x;
1624;169;186;12;WORCESTER;x;
1625;1;189;140;EVESHAM;x;
1626;43;192;13;KIDDERMINSTER;x;
1627;85;195;141;STAFFORD;x;
1628;127;198;14;WOLVERHAMPTON;x;
1629;169;201;142;STOKE-ON-TRENT;x;
1630;1;204;15;NEWPORT;x;
1631;43;207;143;MONMOUTH;x;
1632;85;210;16;HEREFORD;x;
1633;127;0;144;WIGMORE;x;
1634;169;3;17;CLIFFORD;x;
1635;1;6;145;CARLISLE;x;
1636;43;9;18;WHITEHAVEN;x;
1637;85;12;146;KENDAL;x;
1638;127;15;19;APPLEBY;x;
1639;169;18;147;LANCASTER;x;
1640;1;21;20;SALFORD;x;
1641;43;24;148;WEST DERBY;x;
1642;85;27;21;FURNESS;x;
1643;127;30;149;CHESTER;x;
1644;169;33;22;NORTHWICH;x;
1645;1;36;150;MACCLESFIELD;x;
1646;43;39;23;SHREWSBURY;x;
1647;85;42;151;LUDLOW;x;
1648;127;45;24;BISHOP'S CASTLE;x;
1649;169;48;152;CARDIFF;x;
1650;1;51;25;SWANSEA;x;
1651;43;54;153;CAERPHILLY;x;
1652;85;57;26;CARMARTHEN;x;
1653;127;60;154;LLANDOVERY;x;
1654;169;63;27;PEMBROKE;x;
1655;1;66;155;ST DAVIDS;x;
1656;43;69;28;FISHGUARD;x;
1657;85;72;156;CARDIGAN;x;
1658;127;75;29;ABERYSTWYTH;x;
1659;169;78;157;BRECON;x;
1660;1;81;30;TALGARTH;x;
1661;43;84;158;LLANDRINDOD;x;
1662;85;87;31;RHAYADER;x;
1663;127;90;159;WELSHPOOL;x;
1664;169;93;32;NEWTOWN;x;
1665;1;96;160;DOLGELLAU;x;
1666;43;99;33;CORWEN;x;
1667;85;102;161;CAERNARFON;x;
1668;127;105;34;LLYN;x;
1669;169;108;162;LLANDUDNO;x;
1670;1;111;35;DENBIGH;x;
1671;43;114;163;WREXHAM;x;
1672;85;117;36;RUTHIN;x;
1673;127;120;164;YNS MON;x;
1674;169;123;37;HOLYHEAD;x;
1675;1;126;165;BERWICK;x;
1676;43;129;38;DUNBAR;x;
1677;85;132;166;KELSO;x;
1678;127;135;39;JEDBURGH;x;
1679;169;138;167;ANNAN;x;
1680;1;141;40;MAYBOLE;x;
1681;43;144;168;DUMFRIES;x;
1682;85;147;41;KILCUDBRITE;x;
1683;127;150;169;SANQUHAR;x;
1684;169;153;42;WIGTOWN;x;
1685;1;156;170;GIRVAN;x;
1686;43;159;43;KYLE;x;
1687;85;162;171;STRATHGRYTE;x;
1688;127;165;44;CUNNINGHAM;x;
1689;169;168;172;ISLAY;x;
1690;1;171;45;ARRAN;x;
1691;43;174;173;MULL;x;
1692;85;177;46;SKYE;x;
1693;127;180;174;LEWIS;x;
1694;169;183;47;THE UISTS;x;
1695;1;186;175;DUMBARTON;x;
1696;43;189;48;GLASGOW;x;
1697;85;192;176;MENEITH;x;
1698;127;195;49;CASTLETOWN;x;
1699;169;198;177;RAMSEY;x;
1700;1;201;50;KILMARTEN;x;
1701;43;204;178;GLENCOE;x;
1702;85;207;51;LOMOND;x;
1703;127;210;179;DINGWALL;x;
1704;169;0;52;GAIRLOCH;x;
1705;1;3;180;DORNOCH;x;
1706;43;6;53;DURNESS;x;
1707;85;9;181;THURSO;x;
1708;127;12;54;WICK;x;
1709;169;15;182;INVERNESS;x;
1710;1;18;55;BADENOCH;x;
1711;43;21;183;GLENFINNAN;x;
1712;85;24;56;BANFF;x;
1713;127;27;184;MORTLACH;x;
1714;169;30;57;PETERHEAD;x;
1715;1;33;185;ELGIN;x;
1716;43;36;58;KEITH;x;
1717;85;39;186;GARIOCH;x;
1718;127;42;59;ABERDEEN;x;
1719;169;45;187;KINCARDINE;x;
1720;1;48;60;DUNDEE;x;
1721;43;51;188;KIRRIEMUIR;x;
1722;85;54;61;BALLATER;x;
1723;127;57;189;MAR;x;
1724;169;60;62;DUNFERMLINE;x;
1725;1;63;190;KIRCALDY;x;
1726;43;66;63;ST ANDREWS;x;
1727;85;69;191;EDINBURGH;x;
1728;127;72;64;HADDINGTON;x;
1729;169;75;192;GALASHIELS;x;
1730;1;78;65;PENICUICK;x;
1731;43;81;193;LINLITHGOW;x;
1732;85;84;66;QUEENSFERRY;x;
1733;127;87;194;FALKIRK;x;
1734;169;90;67;STIRLING;x;
1735;1;93;195;CALLANDER;x;
1736;43;96;68;CLACKMANNAN;x;
1737;85;99;196;LANARK;x;
1738;127;102;69;CADYOU;x;
1739;169;105;197;BIGGAR;x;
1740;1;108;70;SELKIRK;x;
1741;43;111;198;PERTH;x;
1742;85;114;71;COUPAR ANGUS;x;
1743;127;117;199;DUNKELD;x;
1744;169;120;72;ABERFELDY;x;
1745;1;123;200;CRIEFF;x;
1746;43;126;73;LAGOS;x;
1747;85;129;201;SILVES;x;
1748;127;132;74;FARO;x;
1749;169;135;202;OURIQUE;x;
1750;1;138;75;MERTOLA;x;
1751;43;141;203;BEJA;x;
1752;85;144;76;ALCACER DO SAL;x;
1753;127;147;204;SETUBAL;x;
1754;169;150;77;LISBOA;x;
1755;1;153;205;SANTAREM;x;
1756;43;156;78;OBIDOS;x;
1757;85;159;206;LEIRIA;x;
1758;127;162;79;COIMBRA;x;
1759;169;165;207;AVEIRO;x;
1760;1;168;80;PORTO;x;
1761;43;171;208;BRAGA;x;
1762;85;174;81;CHAVEZ;x;
1763;127;177;209;BRAGANCA;x;
1764;169;180;82;MIRANDA DO DUORO;x;
1765;1;183;210;VILLA REAL;x;
1766;43;186;83;GUIMARAES;x;
1767;85;189;211;MOGADOURO;x;
1768;127;192;84;LAMEGO;x;
1769;169;195;212;VISEU;x;
1770;1;198;85;TRANCOSO;x;
1771;43;201;213;IDANHA;x;
1772;85;204;86;ABRANTES;x;
1773;127;207;214;CASTELO BRANCO;x;
1774;169;210;87;NISA;x;
1775;1;0;215;CRATO;x;
1776;43;3;88;ELVAS;x;
1777;85;6;216;EVORA;x;
1778;127;9;89;AVIS;x;
1779;169;12;217;MONTEMOR;x;
1780;1;15;90;VIANA DO ALENTEJO;x;
1781;43;18;218;TUI;x;
1782;85;21;91;VIGO;x;
1783;127;24;219;PADRON;x;
1784;169;27;92;MONTE FARO;x;
1785;1;30;220;SANTIAGO DE COMPOSTELA;x;
1786;43;33;93;BETANZOS;x;
1787;85;36;221;LA CORUNA;x;
1788;127;39;94;FERROL;x;
1789;169;42;222;MONDONEDO;x;
1790;1;45;95;VILALBA;x;
1791;43;48;223;MELIDE;x;
1792;85;51;96;LUGO;x;
1793;127;54;224;CARBALLIDO;x;
1794;169;57;97;LUARCA;x;
1795;1;60;225;PRAVIA;x;
1796;43;63;98;GIJON;x;
1797;85;66;226;OVIEDO;x;
1798;127;69;99;VILLAVICIOSA;x;
1799;169;72;227;OURENSE;x;
1800;1;75;0;LIMIA;x;
1801;43;78;128;SANTIALLANA;x;
1802;85;81;1;SANTANDER;x;
1803;127;84;129;BILIBIO;x;
1804;169;87;2;IZURUM;x;
1805;1;90;130;IRUN;x;
1806;43;93;3;PAMPLONA;x;
1807;85;96;131;JACA;x;
1808;127;99;4;ALAVA;x;
1809;169;102;132;LIZARRA;x;
1810;1;105;5;LOGRONO;x;
1811;43;108;133;NAJERA;x;
1812;85;111;6;MEDINA DE POMAR;x;
1813;127;114;134;MIRANDA DE EBRO;x;
1814;169;117;7;AMAYA;x;
1815;1;120;135;REINOSA;x;
1816;43;123;8;LEON;x;
1817;85;126;136;RIANO;x;
1818;127;129;9;MONTERREI;x;
1819;169;132;137;MONFORTE DE LEMOS;x;
1820;1;135;10;PONFERRADA;x;
1821;43;138;138;ASTORGA;x;
1822;85;141;11;SARRIA;x;
1823;127;144;139;CANGAS DEL NARCEA;x;
1824;169;147;12;VILLABLINO;x;
1825;1;150;140;GUARDO;x;
1826;43;153;13;BENAVENTE;x;
1827;85;156;141;ALBA;x;
1828;127;159;14;SALAMANCA;x;
1829;169;162;142;CIDUAD RODRIGO;x;
1830;1;165;15;CORIA;x;
1831;43;168;143;PLASENCIA;x;
1832;85;171;16;ALCANTARA;x;
1833;127;174;144;ZALACA;x;
1834;169;177;17;MERIDA;x;
1835;1;180;145;BADAJOZ;x;
1836;43;183;18;OLIVENZA;x;
1837;85;186;146;MOURA;x;
1838;127;189;19;SERPA;x;
1839;169;192;147;AYAMONTE;x;
1840;1;195;20;HUELVA;x;
1841;43;198;148;ALMONTE;x;
1842;85;201;21;JEREZ;x;
1843;127;204;149;CADIZ;x;
1844;169;207;22;TARIFA;x;
1845;1;210;150;ALGECIRAS;x;
1846;43;0;23;MALAGA;x;
1847;85;3;151;NERJA;x;
1848;127;6;24;MOTRIL;x;
1849;169;9;152;ALMERIA;x;
1850;1;12;25;AGUILAS;x;
1851;43;15;153;CARTAGENA;x;
1852;85;18;26;MURCIA;x;
1853;127;21;154;ALICANTE;x;
1854;169;24;27;DENIA;x;
1855;1;27;155;VALENCIA;x;
1856;43;30;28;MURVIEDRO;x;
1857;85;33;156;CASTELLON DE LA PLANA;x;
1858;127;36;29;AMPOSTA;x;
1859;169;39;157;TORTOSA;x;
1860;1;42;30;TARRAGONA;x;
1861;43;45;158;SITGES;x;
1862;85;48;31;BARCELONA;x;
1863;127;51;159;LOREDO;x;
1864;169;54;32;GIRONA;x;
1865;1;57;160;ROSES;x;
1866;43;60;33;PERPIGNAN;x;
1867;85;63;161;OLOT;x;
1868;127;66;34;PUIGCERDA;x;
1869;169;69;162;ANDORRA;x;
1870;1;72;35;VIELHA;x;
1871;43;75;163;RIBAGORZA;x;
1872;85;78;36;AINSA;x;
1873;127;81;164;HUESCA;x;
1874;169;84;37;BARBASTRO;x;
1875;1;87;165;VIC;x;
1876;43;90;38;BERGA;x;
1877;85;93;166;MANRESA;x;
1878;127;96;39;URGELL;x;
1879;169;99;167;PRADES;x;
1880;1;102;40;MAIALS;x;
1881;43;105;168;LLEIDA;x;
1882;85;108;41;FRAGA;x;
1883;127;111;169;CASPE;x;
1884;169;114;42;BALAGUER;x;
1885;1;117;170;SARINENA;x;
1886;43;120;43;ZUERA;x;
1887;85;123;171;ZARAGOZA;x;
1888;127;126;44;EJEA;x;
1889;169;129;172;TAFALLA;x;
1890;1;132;45;TUDELA;x;
1891;43;135;173;BELCHITE;x;
1892;85;138;46;ALCANIZ;x;
1893;127;141;174;CALACEITE;x;
1894;169;144;47;ZAMORA;x;
1895;1;147;175;TORO;x;
1896;43;150;48;SIMANCAS;x;
1897;85;153;176;VALLADOLID;x;
1898;127;156;49;ARANDA DE DUERO;x;
1899;169;159;177;SAN ESTEBAN;x;
1900;1;162;50;OSMA;x;
1901;43;165;178;SORIA;x;
1902;85;168;51;TARAZONA;x;
1903;127;171;179;ARNEDO;x;
1904;169;174;52;SEDANO;x;
1905;1;177;180;PALENCIA;x;
1906;43;180;53;BURGOS;x;
1907;85;183;181;ATAPUERCA;x;
1908;127;186;54;LERMA;x;
1909;169;189;182;SAN LEONARDO DE YAGUE;x;
1910;1;192;55;VILLAFAFILA;x;
1911;43;195;183;VALENCIA DE CAMPOS;x;
1912;85;198;56;AVILA;x;
1913;127;201;184;BEJAR;x;
1914;169;204;57;MEDINA DEL CAMPO;x;
1915;1;207;185;OLMEDO;x;
1916;43;210;58;SIERRA DE GREDOS;x;
1917;85;0;186;ALMARAZ;x;
1918;127;3;59;TALAVERA;x;
1919;169;6;187;TOLEDO;x;
1920;1;9;60;MAQUEDA;x;
1921;43;12;188;LA ADRADA;x;
1922;85;15;61;CORACERA;x;
1923;127;18;189;MADRID;x;
1924;169;21;62;SEGOVIA;x;
1925;1;24;190;CUELLAR;x;
1926;43;27;63;UCEDA;x;
1927;85;30;191;GUDALAJARA;x;
1928;127;33;64;ARGANDA;x;
1929;169;36;192;VILLAREJO DE SALVANES;x;
1930;1;39;65;SIGUENZA;x;
1931;43;42;193;MEDINACELI;x;
1932;85;45;66;CALATAYUD;x;
1933;127;48;194;ABLANQUE;x;
1934;169;51;67;DAROCA;x;
1935;1;54;195;MOLINA;x;
1936;43;57;68;ALBARRACIN;x;
1937;85;60;196;TERUEL;x;
1938;127;63;69;MONTANEJOS;x;
1939;169;66;197;REQUENA;x;
1940;1;69;70;ALBACETE;x;
1941;43;72;198;SEGORBE;x;
1942;85;75;71;MAESTRAZGO;x;
1943;127;78;199;SIERRA DE SAN JUST;x;
1944;169;81;72;ZURITA;x;
1945;1;84;200;ALTO TAJO;x;
1946;43;87;73;ADEMUZ;x;
1947;85;90;201;CUENCA;x;
1948;127;93;74;VALERIA;x;
1949;169;96;202;ALARCON;x;
1950;1;99;75;VENTA DEL MORO;x;
1951;43;102;203;HUETE;x;
1952;85;105;76;UCLES;x;
1953;127;108;204;MORA;x;
1954;169;111;77;CACERES;x;
1955;1;114;205;TRUJILLO;x;
1956;43;117;78;CASTILBLANCO;x;
1957;85;120;206;LA JARA;x;
1958;127;123;79;OCANA;x;
1959;169;126;207;QUINTANAR;x;
1960;1;129;80;MALAGON;x;
1961;43;132;208;CABANEROS;x;
1962;85;135;81;LA PUEBLA DE MONTALBAN;x;
1963;127;138;209;CALATRAVA;x;
1964;169;141;82;ALCAZAR;x;
1965;1;144;210;TOMELLOSO;x;
1966;43;147;83;MENTESA;x;
1967;85;150;211;ALCARAZ;x;
1968;127;153;84;SEGURA;x;
1969;169;156;212;ALMANSA;x;
1970;1;159;85;CIEZA;x;
1971;43;162;213;CARAVACA DE LA CRUZ;x;
1972;85;165;86;LORCA;x;
1973;127;168;214;HUESCAR;x;
1974;169;171;87;BAZA;x;
1975;1;174;215;GUADIZ;x;
1976;43;177;88;QUESADA;x;
1977;85;180;216;JAEN;x;
1978;127;183;89;GRANADA;x;
1979;169;186;217;CABRA;x;
1980;1;189;90;CARMONA;x;
1981;43;192;218;SEVILLA;x;
1982;85;195;91;ARCOS;x;
1983;127;198;219;MORON;x;
1984;169;201;92;ANTEQUERA;x;
1985;1;204;220;UBEDA;x;
1986;43;207;93;ANDUJAR;x;
1987;85;210;221;ALARCOS;x;
1988;127;0;94;PEDROCHE;x;
1989;169;3;222;ALMADER;x;
1990;1;6;95;ILERENA;x;
1991;43;9;223;NIEBLA;x;
1992;85;12;96;ZAFRA;x;
1993;127;15;224;TRIANA;x;
1994;169;18;97;CANTILLANA;x;
1995;1;21;225;CORDOBA;x;
1996;43;24;98;MEDELLIN;x;
1997;85;27;226;HORNACHOS;x;
1998;127;30;99;DON LLORENTE;x;
1999;169;33;227;GUADIATO;x;
2000;2;36;0;IVIZA;x;
2001;44;39;128;MALLORCA;x;
2002;86;42;1;MINORCA;x;
2003;128;45;129;GRALHEIRA;x;
2004;170;48;2;REOLID;x;
2005;2;51;130;NARBONNE;x;
2006;44;54;3;CARCASSONE;x;
2007;86;57;131;MONTBEL;x;
2008;128;60;4;SAINT-LIZIER;x;
2009;170;63;132;BERTRAND-DE-COMMINGES;x;
2010;2;66;5;TARBES;x;
2011;44;69;133;OLORON;x;
2012;86;72;6;BAYONNE;x;
2013;128;75;134;BEZIERS;x;
2014;170;78;7;AGDE;x;
2015;2;81;135;MONTPELLIER;x;
2016;44;84;8;NIMES;x;
2017;86;87;136;ARLES;x;
2018;128;90;9;MARSEILLE;x;
2019;170;93;137;TOULON;x;
2020;2;96;10;GRASSE;x;
2021;44;99;138;NICE;x;
2022;86;102;11;MONACO;x;
2023;128;105;139;AIX;x;
2024;170;108;12;DRAGUGNIAN;x;
2025;2;111;140;Castellane;x;
2026;44;114;13;SISTERON;x;
2027;86;117;141;EMBRUN;x;
2028;128;120;14;GAP;x;
2029;170;123;142;SAINT-MICHEL-DE-MAURIENNE;x;
2030;2;126;15;GRENOBLE;x;
2031;44;129;143;MOUTIERS;x;
2032;86;132;16;CHARTREUSE;x;
2033;128;135;144;VIENNE;x;
2034;170;138;17;ANNECY;x;
2035;2;141;145;GENEVA;x;
2036;44;144;18;THONON-LES-BAINS;x;
2037;86;147;146;LAUSANNE;x;
2038;128;150;19;MARTIGNY;x;
2039;170;153;147;AOSTA;x;
2040;2;156;20;IVREA;x;
2041;44;159;148;TURIN;x;
2042;86;162;21;PINEROLO;x;
2043;128;165;149;CUNEO;x;
2044;170;168;22;SALUZZO;x;
2045;2;171;150;CHIERI;x;
2046;44;174;23;BERN;x;
2047;86;177;151;THUN;x;
2048;128;180;24;LUCERNE;x;
2049;170;183;152;BIEL;x;
2050;2;186;25;BASEL;x;
2051;44;189;153;ZURICH;x;
2052;86;192;26;FARDUZES;x;
2053;128;195;154;SANKT GALLEN;x;
2054;170;198;27;KONSTANZ;x;
2055;2;201;155;CHUR;x;
2056;44;204;28;PORRENTRUY;x;
2057;86;207;156;MONTPELLIARD;x;
2058;128;210;29;MULHOUSE;x;
2059;170;0;157;AVIGNON;x;
2060;2;3;30;APT;x;
2061;44;6;158;FORCALQUIER;x;
2062;86;9;31;ORANGE;x;
2063;128;12;159;VIVIERS;x;
2064;170;15;32;VALENCE;x;
2065;2;18;160;LYON;x;
2066;44;21;33;DIE;x;
2067;86;24;161;VAISON;x;
2068;128;27;34;ROMANS;x;
2069;170;30;162;BELLEY;x;
2070;2;33;35;Villars;x;
2071;44;36;163;BOURG;x;
2072;86;39;36;SALINS;x;
2073;128;42;164;LONS-LE-SAUNIER;x;
2074;170;45;37;PONTARLIER;x;
2075;2;48;165;MORTEAU;x;
2076;44;51;38;BESANCON;x;
2077;86;54;166;VESOUL;x;
2078;128;57;39;EPINAL;x;
2079;170;60;167;TOUL;x;
2080;2;63;40;HAYANGE;x;
2081;44;66;168;SAINT-MIHIEL;x;
2082;86;69;41;LUXEMBOURG;x;
2083;128;72;169;TRIER;x;
2084;170;75;42;KOBLENZ;x;
2085;2;78;170;BEDA;x;
2086;44;81;43;ADENAU;x;
2087;86;84;171;BONN;x;
2088;128;87;44;COLOGNE;x;
2089;170;90;172;DIEKIRCH;x;
2090;2;93;45;BASTOGNE;x;
2091;44;96;173;BOUILLON;x;
2092;86;99;46;AACHEN;x;
2093;128;102;174;DUREN;x;
2094;170;105;47;LA ROCHE;x;
2095;2;108;175;VIRTON;x;
2096;44;111;48;HUY;x;
2097;86;114;176;LIEGE;x;
2098;128;117;49;NAMUR;x;
2099;170;120;177;MAASTRICHT;x;
2100;2;123;50;EINDHOVEN;x;
2101;44;126;178;MOERS;x;
2102;86;129;51;GLADBACH;x;
2103;128;132;179;NIJMEGEN;x;
2104;170;135;52;KLEVE;x;
2105;2;138;180;LEUVEN;x;
2106;44;141;53;ANTWERP;x;
2107;86;144;181;BRUSSELS;x;
2108;128;147;54;ROSENDAAL;x;
2109;170;150;182;BREDA;x;
2110;2;153;55;TILBURG;x;
2111;44;156;183;TURNHOUT;x;
2112;86;159;56;MIDDELBURG;x;
2113;128;162;184;BERGEN OP ZOOM;x;
2114;170;165;57;GHENT;x;
2115;2;168;185;BRUGES;x;
2116;44;171;58;DINANT;x;
2117;86;174;186;MONS;x;
2118;128;177;59;CAMBRAI;x;
2119;170;180;187;VALENCIENNES;x;
2120;2;183;60;ATH;x;
2121;44;186;188;MALBODEN;x;
2122;86;189;61;COUVIN;x;
2123;128;192;189;COURTRAI;x;
2124;170;195;62;ROESELARE;x;
2125;2;198;190;YPRES;x;
2126;44;201;63;LILLE;x;
2127;86;204;191;TOURNAI;x;
2128;128;207;64;VEURNE;x;
2129;170;210;192;GRAVELINES;x;
2130;2;0;65;CALAIS;x;
2131;44;3;193;DUNKIRK;x;
2132;86;6;66;BOULOGNE;x;
2133;128;9;194;SAINT-OMER;x;
2134;170;12;67;AIRE;x;
2135;2;15;195;HESDIN ;x;
2136;44;18;68;MONTREUIL-SUR-MER;x;
2137;86;21;196;ABBEVILLE;x;
2138;128;24;69;DAX;x;
2139;170;27;197;MIMIZAN;x;
2140;2;30;70;LA-TESTE-DE-BUCH;x;
2141;44;33;198;MEDOC;x;
2142;86;36;71;BORDEAUX;x;
2143;128;39;199;FRONSAC;x;
2144;170;42;72;BLAYE;x;
2145;2;45;200;JONZAC;x;
2146;44;48;73;ROYAN;x;
2147;86;51;201;LA ROCHELLE;x;
2148;128;54;74;FONTENAY;x;
2149;170;57;202;TALMONT;x;
2150;2;60;75;MONTAIGU;x;
2151;44;63;203;RAIS;x;
2152;86;66;76;NANTES;x;
2153;128;69;204;GUERANDE;x;
2154;170;72;77;VANNES;x;
2155;2;75;205;LORIENT;x;
2156;44;78;78;QUIMPER;x;
2157;86;81;206;BREST;x;
2158;128;84;79;LEON;x;
2159;170;87;207;CORNOUAILLES;x;
2160;2;90;80;ROHAN;x;
2161;44;93;208;TREGUIER;x;
2162;86;96;81;SAINT-BRIEUC;x;
2163;128;99;209;PORHOET;x;
2164;170;102;82;SAINT-MALO;x;
2165;2;105;210;RENNES;x;
2166;44;108;83;CHATEAUBRIANT;x;
2167;86;111;211;AVRANCHES;x;
2168;128;114;84;COUTANCES;x;
2169;170;117;212;CHERBOURG;x;
2170;2;120;85;BAYEUX;x;
2171;44;123;213;MORTAIN;x;
2172;86;126;86;CAEN;x;
2173;128;129;214;FALAISE;x;
2174;170;132;87;LISIEUX;x;
2175;2;135;215;HARCOURT;x;
2176;44;138;88;FECAMP;x;
2177;86;141;216;DIEPPE;x;
2178;128;144;89;EU;x;
2179;170;147;217;ROUEN;x;
2180;2;150;90;GISORS ;x;
2181;44;153;218;MANTES;x;
2182;86;156;91;AUMALE;x;
2183;128;159;219;BEAUVAIS;x;
2184;170;162;92;AMIENS;x;
2185;2;165;220;CORBIE;x;
2186;44;168;93;PERONNE;x;
2187;86;171;221;SAINT-QUENTIN;x;
2188;128;174;94;NOYON;x;
2189;170;177;222;CLERMONT;x;
2190;2;180;95;BEAUMONT;x;
2191;44;183;223;QUINGEY;x;
2192;86;186;96;LURE;x;
2193;128;189;224;PAU;x;
2194;170;192;97;TURSAN;x;
2195;2;195;225;TARTAS;x;
2196;44;198;98;ALBRET;x;
2197;86;201;226;LANGON;x;
2198;128;204;99;BAZADAIS;x;
2199;170;207;227;MARSAN;x;
2200;2;210;0;GABARDAN;x;
2201;44;0;128;ARMAGNAC;x;
2202;86;3;1;PARDIAC;x;
2203;128;6;129;FESENSAC;x;
2204;170;9;2;LECTOURE;x;
2205;2;12;130;LOMAGNE;x;
2206;44;15;3;ASTARAC;x;
2207;86;18;131;MURET;x;
2208;128;21;4;BEAUMONT;x;
2209;170;24;132;FOIX;x;
2210;2;27;5;TARASCON;x;
2211;44;30;133;PAMIERS;x;
2212;86;33;6;CASTELNAUDARY;x;
2213;128;36;134;CASTELSARRASIN;x;
2214;170;39;7;TOULOUSE;x;
2215;2;42;135;ALBI;x;
2216;44;45;8;USES;x;
2217;86;48;136;ALES;x;
2218;128;51;9;CEVENNES;x;
2219;170;54;137;LODEVE;x;
2220;2;57;10;NAVACELLES;x;
2221;44;60;138;MENDE;x;
2222;86;63;11;MILAU;x;
2223;128;66;139;GEVAUDAN;x;
2224;170;69;12;SAINT-FLOUR;x;
2225;2;72;140;LE PUY;x;
2226;44;75;13;RODEZ;x;
2227;86;78;141;MARVEJOLS;x;
2228;128;81;14;LA SALLE;x;
2229;170;84;142;LA PEYRADE;x;
2230;2;87;15;MONTAUBAN;x;
2231;44;90;143;QUERCY;x;
2232;86;93;16;AGEN;x;
2233;128;96;144;CAHORS;x;
2234;170;99;17;FIGEAC;x;
2235;2;102;145;AGENAIS;x;
2236;44;105;18;BERGERAC;x;
2237;86;108;146;PERIGUEUX;x;
2238;128;111;19;MONTIGNAC;x;
2239;170;114;147;NONTRON;x;
2240;2;117;20;TURENNE;x;
2241;44;120;148;SAINTOGNE;x;
2242;86;123;21;SAINTES;x;
2243;128;126;149;TAILLEBOURG;x;
2244;170;129;22;ANGOULEME;x;
2245;2;132;150;SAINT-JUNIEN;x;
2246;44;135;23;CHALUS;x;
2247;86;138;151;VENTADOUR;x;
2248;128;141;24;LIMOGES;x;
2249;170;144;152;LUSIGNAN;x;
2250;2;147;25;MELLE;x;
2251;44;150;153;RUFFEC;x;
2252;86;153;26;POITIERS;x;
2253;128;156;154;CHATELLERAULT;x;
2254;170;159;27;NIORT;x;
2255;2;162;155;PARTHENAY;x;
2256;44;165;28;LOUDUN;x;
2257;86;168;156;THOUARS;x;
2258;128;171;29;BRESSUIRE;x;
2259;170;174;157;MAULEVRIER;x;
2260;2;177;30;MELAY;x;
2261;44;180;158;SAUMUR;x;
2262;86;183;31;CRAON;x;
2263;128;186;159;LUIGNE;x;
2264;170;189;32;SABLE ;x;
2265;2;192;160;LAVAL;x;
2266;44;195;33;MAYENNE;x;
2267;86;198;161;ANGERS;x;
2268;128;201;34;LA FLECHE;x;
2269;170;204;162;LE LUDE;x;
2270;2;207;35;LE MANS;x;
2271;44;210;163;SARTHE;x;
2272;86;0;36;COURCILLON;x;
2273;128;3;164;TOURAINE;x;
2274;170;6;37;TOURS;x;
2275;2;9;165;LOCHES;x;
2276;44;12;38;LA HAYE;x;
2277;86;15;166;VALENCAY;x;
2278;128;18;39;ISSOUDUN;x;
2279;170;21;167;CHATEAUROUX;x;
2280;2;24;40;DEOLS;x;
2281;44;27;168;BOUSSAC;x;
2282;86;30;41;COMBOURG;x ;
2283;128;33;169;VENDOME;x;
2284;170;36;42;BELLAC;x;
2285;2;39;170;GRANDMONT;x;
2286;44;42;43;GUERET;x;
2287;86;45;171;AUBUSSON;x;
2288;128;48;44;MONTEPENSIER;x;
2289;170;51;172;CLERMONT-SUR-ALLIER;x;
2290;2;54;45;MERCAEUR;x;
2291;44;57;173;LANGEAC;x;
2292;86;60;46;MURAT;x;
2293;128;63;174;CARLAT;x;
2294;170;66;47;AURILLAC;x;
2295;2;69;175;LA TOUR;x;
2296;44;72;48;VELAY;x;
2297;86;75;176;FEURS;x;
2298;128;78;49;MONTBRISON;x;
2299;170;81;177;THIERS;x;
2300;2;84;50;AMBERT;x;
2301;44;87;178;BEAUJEU;x;
2302;86;90;51;MACON;x;
2303;128;93;179;SEMUR-EN-BRIONNAIS;x;
2304;170;96;52;CLUNY;x;
2305;2;99;180;ROANNE;x;
2306;44;102;53;JILAGNY;x;
2307;86;105;181;MOULINS;x;
2308;128;108;54;MONTLUCON;x;
2309;170;111;182;SAINT-POURCAIN;x;
2310;2;114;55;BOURBON-LARCHEMBAULT;x;
2311;44;117;183;ORVAL;x;
2312;86;120;56;BOURGES;x;
2313;128;123;184;HERRY;x;
2314;170;126;57;SANCERRE;x;
2315;2;129;185;VIERZON;x;
2316;44;132;58;ROMORANTIN;x;
2317;43;63;148;OLIVET;x;
2318;85;66;21;CONTRES;x;
2319;127;69;149;BLOIS;x;
2320;169;72;22;BEAUGENCY;x;
2321;1;75;150;CHATEAUDUN;x;
2322;43;78;23;CHARTRES;x;
2323;85;81;151;NOGENT-LE-ROTROU;x;
2324;127;84;24;MORTAGNE;x;
2325;169;87;152;ALENCON;x;
2326;1;90;25;ARGENTAN;x;
2327;43;93;153;SEES;x;
2328;85;96;26;VERNEUIL;x;
2329;127;99;154;EVREUX;x;
2330;169;102;27;VERNON;x;
2331;1;105;155;DREUX;x;
2332;43;108;28;MONTFORT;x;
2333;128;183;194;PARIS;x;
2334;170;186;67;VERSAILLES;x;
2335;2;189;195;MONTLHERY;x;
2336;44;192;68;ETAMPES;x;
2337;86;195;196;NEMOURS;x;
2338;128;198;69;ORLEANS;x;
2339;85;111;156;MONTARGIS;x;
2340;127;114;29;COURTENAY;x;
2341;169;117;157;CHATEAU-RENARD;x;
2342;86;210;71;MONTEREAU;x;
2343;128;0;199;NEVERS;x;
2344;170;3;72;POUGUES-LES-EAUX;x;
2345;2;6;200;DONZY;x;
2346;44;9;73;AUXERRE;x;
2347;86;12;201;AUTUN;x;
2348;128;15;74;CHALON;x;
2349;170;18;202;VEZELAY;x;
2350;2;21;75;CHABLIS;x;
2351;44;24;203;TONNERRE;x;
2352;86;27;76;SENS;x;
2353;128;30;204;BRAY;x;
2354;170;33;77;MELUN;x;
2355;2;36;205;CRECY;x;
2356;44;39;78;MONTREUIL;x;
2357;86;42;206;SAINT-DENIS;x;
2358;128;45;79;SENLIS;x;
2359;170;48;207;MEAUX;x;
2360;2;51;80;CREPY;x;
2361;44;54;208;CHATEAU-THIERRY;x;
2362;86;57;81;CHATILLON;x;
2363;128;60;209;PROVINS;x;
2364;170;63;82;COULOMMIERS;x;
2365;2;66;210;ROMILLY;x;
2366;44;69;83;EPERNAY;x;
2367;86;72;211;VITRY-EN-PERTHOIS;x;
2368;128;75;84;NOGENT;x;
2369;170;78;212;AUBE;x;
2370;2;81;85;BAR-SUR-SEINE;x;
2371;44;84;213;TROYES;x;
2372;86;87;86;BAR-SUR-AUBE;x;
2373;128;90;214;JOINVILLE;x;
2374;170;93;87;LANGRES;x;
2375;2;96;215;CLAIRVAUX;x;
2376;44;99;88;BEAUNE;x;
2377;86;102;216;CITEAUX;x;
2378;128;105;89;MORVAN;x;
2379;170;108;217;MONTBARD;x;
2380;2;111;90;DIJON;x;
2381;44;114;218;CHAUMONT;x;
2382;86;117;91;GRAY;x;
2383;128;120;219;GY;x;
2384;170;123;92;NEUFCHATEAU;x;
2385;2;126;220;Champs;x;
2386;44;129;93;GRAND;x;
2387;86;132;221;VAUCOULEURS;x;
2388;128;135;94;BAR;x;
2389;170;138;222;SAINT-DIZIER;x;
2390;2;141;95;REIMS;x;
2391;44;144;223;RETHEL;x;
2392;86;147;96;CHALONS;x;
2393;128;150;224;GRANPRE;x;
2394;170;153;97;MEZIERES;x;
2395;2;156;225;VERDUN;x;
2396;44;159;98;ROMIGNY;x;
2397;86;162;226;MARLE;x;
2398;128;165;99;COUCY;x;
2399;170;168;227;LAON;x;
2400;2;171;0;ROUCY;x;
2401;44;174;128;BRIELLE;x;
2402;86;177;1;DORT;x;
2403;128;180;129;ROTTERDAM;x;
2404;170;183;2;DELFT;x;
2405;2;186;130;HAARLEM;x;
2406;44;189;3;AMSTERDAM;x;
2407;86;192;131;AALKMAR;x;
2408;128;195;4;EDAM;x;
2409;170;198;132;MEDEMBLIK;x;
2410;2;201;5;STAVEREN;x;
2411;44;204;133;HARLINGEN;x;
2412;86;207;6;WAADEILANNEN;x;
2413;128;210;134;LEEUWARDEN;x;
2414;170;0;7;DOKKUM;x;
2415;2;3;135;APPPINGEDAM;x;
2416;44;6;8;KAMPEN;x;
2417;86;9;136;GRONINGEN;x;
2418;128;12;9;EMDEN;x;
2419;170;15;137;EMMEN;x;
2420;2;18;10;ASSEN;x;
2421;44;21;138;ZWOLLE;x;
2422;86;24;11;COEVORDEN;x;
2423;128;27;139;OMMEN;x;
2424;170;30;12;UTRECHT;x;
2425;2;33;140;TIEL;x;
2426;44;36;13;HARDERWIJK;x;
2427;86;39;141;APELDOORN;x;
2428;128;42;14;ARNHEM;x;
2429;170;45;142;ZUTPHEN;x;
2430;2;48;15;BENTHEIM;x;
2431;44;51;143;ALMELO;x;
2432;86;54;16;BORCULO;x;
2433;128;57;144;BERGH;x;
2434;170;60;17;BREDEVOORT;x;
2435;2;63;145;WEZEL;x;
2436;44;66;18;LEER;x;
2437;86;69;146;WILHELMSHAVEN;x;
2438;128;72;19;OLDENBURG;x;
2439;170;75;147;MEPPEN;x;
2440;2;78;20;OSNABRUCK;x;
2441;44;81;148;PAPENBURG;x;
2442;86;84;21;TWISTRINGEN;x;
2443;128;87;149;RAVENSBERG;x;
2444;170;90;22;VECHTA;x;
2445;2;93;150;CLOPPENBURG;x;
2446;44;96;23;TECKLENBURG;x ;
2447;86;99;151;LIMOUX;x;
2448;128;102;24;LIMBOURG;x;
2449;170;105;152;CLERVAUX;x;
2450;2;108;25;GELDERN;x;
2451;44;111;153;AMERSFOORT;x;
2452;86;114;26;STEENWIJK;x;
2453;128;117;154;DELFZIJL;x;
2454;170;120;27;VAREL;x;
2455;2;123;155;CHAMBERY;x;
2456;44;126;28;CANAVESE;x;
2457;86;129;156;CHAMPAGNOLE;x;
2458;128;132;29;DOLE;x;
2459;170;135;157;ORNANS;x;
2460;2;138;30;NEUCHATEL;x;
2461;44;141;158;SCHWYZ;x;
2462;86;144;31;COGNAC;x;
2463;128;147;159;SULLY-SUR-LOIRE;x;
2464;170;150;32;LA TREMOUILLE;x;
2465;2;153;160;SAVONA;x;
2466;44;156;33;GENOA;x;
2467;86;159;161;ALBA;x;
2468;128;162;34;ACQUI;x;
2469;170;165;162;ASTI;x;
2470;2;168;35;VERCELLI;x;
2471;44;171;163;NOVARA;x;
2472;86;174;36;POMBIA;x;
2473;128;177;164;BIELLA;x;
2474;170;180;37;VIGEVANO;x;
2475;2;183;165;PAVIA;x;
2476;44;186;38;LODI;x;
2477;86;189;166;COMO;x;
2478;128;192;39;BELLINZONA;x;
2479;170;195;167;VARESE;x;
2480;2;198;40;GALLARATE;x;
2481;44;201;168;MONZA;x;
2482;86;204;41;MILAN;x;
2483;128;207;169;TORTONA;x;
2484;170;210;42;Northern Apennine Mountains 1;x;
2485;2;0;170;CHIAVARI;x;
2486;44;3;43;TIANSHAN;x;
2487;86;6;171;VOGHERA;x;
2488;128;9;44;PIACENZA;x;
2489;170;12;172;RONCAGLIA;x;
2490;2;15;45;FLORENTIOLA;x;
2491;44;18;173;CREMONA;x;
2492;86;21;46;CREMA;x;
2493;128;24;174;BERGAMO;x;
2494;170;27;47;BRESCIA;x;
2495;2;30;175;VAL CAMONICA;x;
2496;44;33;48;GARDA;x;
2497;86;36;176;MANTUA;x;
2498;128;39;49;BOLZANO;x;
2499;170;42;177;TRENTO;x;
2500;2;45;50;VICENZA;x;
2501;44;48;178;VERONA;x;
2502;86;51;51;LESSINIA;x;
2503;128;54;179;PADUA;x;
2504;170;57;52;CHIOGGIA;x;
2505;2;60;180;TREVISO;x;
2506;44;63;53;MESTRE;x;
2507;86;66;181;GRADO;x;
2508;128;69;54;AQUILEIA;x;
2509;170;72;182;LONIGO;x;
2510;2;75;55;UDINE;x;
2511;44;78;183;CENETA;x;
2512;86;81;56;CAORLE;x;
2513;128;84;184;PORDENONE;x;
2514;170;87;57;TRIESTE;x;
2515;2;90;185;TRIGLAVSKI;x;
2516;44;93;58;GORIZIA;x;
2517;86;96;186;VENEZIA;x;
2518;128;99;59;PULA;x;
2519;170;102;187;PIRAN;x;
2520;2;105;60;PAZIN;x;
2521;44;108;188;CHERSO;x;
2522;86;111;61;VIKLA;x;
2523;128;114;189;RIJEKA;x;
2524;170;117;62;ADRIA;x;
2525;2;120;190;ROVIGO;x;
2526;44;123;63;POMPOSA;x;
2527;86;126;191;FERRARA;x;
2528;128;129;64;COMACCHIO;x;
2529;170;132;192;CONA;x;
2530;2;135;65;GUASTALLA;x;
2531;44;138;193;LUNA;x;
2532;86;141;66;PARMA;x;
2533;128;144;194;BRESCELLO;x;
2534;170;147;67;REGGIO;x;
2535;2;150;195;CANOSSA;x;
2536;44;153;68;PISA;x;
2537;86;156;196;LUCCA;x;
2538;128;159;69;PISTORJA;x;
2539;170;162;197;TIANSHAN;x;
2540;2;165;70;MODENA;x;
2541;44;168;198;CENTO;x;
2542;86;171;71;BOLOGNA;x;
2543;128;174;199;FIRENZE;x;
2544;170;177;72;VALLOMBROSA;x;
2545;2;180;200;PRATO;x;
2546;44;183;73;RAVENNA;x;
2547;86;186;201;RIMINI;x;
2548;128;189;74;FORLI;x;
2549;170;192;202;IMOLA;x;
2550;2;195;75;MONTE SOLE;x;
2551;44;198;203;CAMALDOLI;x;
2552;86;201;76;MONTEFELTRO;x;
2553;128;204;204;CASENTINO;x;
2554;170;207;77;AREZZO;x;
2555;2;210;205;URBINO;x;
2556;44;0;78;PESARO;x;
2557;86;3;206;LIVORNO;x;
2558;128;6;79;VOLTERRA;x;
2559;170;9;207;IMPRUNETA;x;
2560;2;12;80;SIENA;x;
2561;44;15;208;PIOMBINO;x;
2562;86;18;81;GROSSETO;x;
2563;128;21;209;EMPOLI;x;
2564;170;24;82;CORTONA;x;
2565;2;27;210;CHIUSI;x;
2566;44;30;83;PERUGIA;x;
2567;86;33;211;MONTALCINO;x;
2568;128;36;84;ORIVETO;x;
2569;170;39;212;ORBETELLO;x;
2570;2;42;85;SOANA;x;
2571;44;45;213;CIVITAVECCHIA;x;
2572;86;48;86;VITERBO;x;
2573;128;51;214;SUTRI;x;
2574;170;54;87;PATERNO;x;
2575;2;57;215;ROMA;x;
2576;44;60;88;OSTIA;x;
2577;86;63;216;VATICAN;x;
2578;128;66;89;PALO;x;
2579;170;69;217;FARFA;x;
2580;2;72;90;PERSIAN IMPASSABLE;x;
2581;44;75;218;ASSISSI;x;
2582;86;78;91;GUBBIO;x;
2583;128;81;219;CAGLI;x;
2584;170;84;92;CIVITAS CASTELLI;x;
2585;2;87;220;SPOLETO;x;
2586;44;90;93;TERNI;x;
2587;86;93;221;CAMERINO;x;
2588;128;96;94;RIETI;x;
2589;170;99;222;TIVOLI;x;
2590;2;102;95;VELLETRI;x;
2591;44;105;223;SEGNI;x;
2592;86;108;96;TERRACINA;x;
2593;128;111;224;GAETA;x;
2594;170;114;97;ANCONA;x;
2595;2;117;225;ATRI;x;
2596;44;120;98;TERAMO;x;
2597;86;123;226;ASCOLI PICENO;x;
2598;128;126;99;FERMO;x;
2599;170;129;227;MACERATA;x;
2600;2;132;0;AVEZZANO;x;
2601;44;135;128;PERSIAN IMPASSABLE;x;
2602;86;138;1;CASSINO;x;
2603;128;141;129;CLUIELI;x;
2604;170;144;2;LANCIANO;x;
2605;2;147;130;LARINO;x;
2606;44;150;3;CAPUA;x;
2607;86;153;131;ISERNIA;x;
2608;128;156;4;NAPOLI;x;
2609;170;159;132;BENEVENTO;x;
2610;2;162;5;LUCERA;x;
2611;44;165;133;AMALFI;x;
2612;86;168;6;SALERNO;x;
2613;128;171;134;MARATEA;x;
2614;170;174;7;SIPONTO;x;
2615;2;177;135;MELFI;x;
2616;44;180;8;POTENZA;x;
2617;86;183;136;ACERENZA;x;
2618;128;186;9;VENOSA;x;
2619;170;189;137;TRANI;x;
2620;2;192;10;OLRANTO;x;
2621;44;195;138;TARANTO;x;
2622;86;198;11;BRINDISI;x;
2623;128;201;139;BARI;x;
2624;170;204;12;MATERA;x;
2625;2;207;140;COTRONE;x;
2626;44;210;13;SQUILLUCE;x;
2627;86;0;141;REGGIO;x;
2628;128;3;14;COSENZA;x;
2629;170;6;142;ROSSANO;x;
2630;2;9;15;CASTROVILLARI;x;
2631;44;12;143;CAMARDA;x;
2632;86;15;16;STIGLIANO;x;
2633;128;18;144;MESSINA;x;
2634;170;21;17;CEFALU;x;
2635;2;24;145;PALERMO;x;
2636;44;27;18;TRAPANI;x;
2637;86;30;146;GIRGENTI;x;
2638;128;33;19;SYRACUSE;x;
2639;170;36;147;CATANIA;x;
2640;2;39;20;CASTROGIOVANNI;x;
2641;44;42;148;CALTANISETTA;x;
2642;86;45;21;CALTAGIRONE;x;
2643;128;48;149;LENTINI;x;
2644;170;51;22;MAZARA;x;
2645;2;54;150;CALATAFIMI;x;
2646;44;57;23;MALTA;x;
2647;86;60;151;BASTIA;x;
2648;128;63;24;CORTE;x;
2649;170;66;152;CALVI;x;
2650;2;69;25;AJACCIO;x;
2651;44;72;153;VECCHIO;x;
2652;86;75;26;BONIFACIO;x;
2653;128;78;154;CAGLIARI;x;
2654;170;81;27;IGLESIAS;x;
2655;2;84;155;CARBONARA;x;
2656;44;87;28;TORTOLI;x;
2657;86;90;156;GALTELLI;x;
2658;128;93;29;OLBIA;x;
2659;170;96;157;ORISTANO;x;
2660;2;99;30;SAMASSI;x;
2661;44;102;158;ISILI;x;
2662;86;105;31;SASSARI;x;
2663;128;108;159;ARDARA;x;
2664;170;111;32;PORTO TORRES;x;
2665;2;114;160;ALGHERO;x;
2666;44;117;33;MONTAGNANA;x;
2667;86;120;161;PERSIAN IMPASSABLE;x;
2668;128;123;34;PERSIAN IMPASSABLE;x;
2669;170;126;162;ALIFE;x;
2670;2;129;35;MUNSTER;x;
2671;44;132;163;WARENDORF;x;
2672;86;135;36;AHLEN;x;
2673;128;138;164;DORTMUND;x;
2674;170;141;37;SOEST;x;
2675;2;144;165;RECKLINGHAUSEN;x;
2676;44;147;38;HUKESWAG;x;
2677;86;150;166;ESSEN;x;
2678;128;153;39;HAGEN;x;
2679;170;156;167;MARK;x;
2680;2;159;40;ARNSBERG;x;
2681;44;162;168;BILSTEIN;x;
2682;86;165;41;NEUSS;x;
2683;128;168;169;ESCHWEILER;x;
2684;170;171;42;PRUM;x;
2685;2;174;170;NAUENAHR;x;
2686;44;177;43;CHINY;x;
2687;86;180;171;SAINT-HUBERT;x;
2688;128;183;44;SIEGBURG;x;
2689;170;186;172;SAYN;x;
2690;2;189;45;WIED;x;
2691;44;192;173;ISENBURG;x;
2692;86;195;46;KATZENELNBOGEN;x;
2693;128;198;174;WIESBADEN;x;
2694;170;201;47;MAINZ;x;
2695;2;204;175;BOPPARD;x;
2696;44;207;48;SPONHEIM;x;
2697;86;210;176;COCHEM;x;
2698;128;0;49;SAARBURG;x;
2699;170;3;177;VIANDEN;x;
2700;2;6;50;KONZ;x;
2701;44;9;178;VELDENZ;x;
2702;86;12;51;PERSIAN IMPASSABLE;x;
2703;128;15;179;WADERN;x;
2704;170;18;52;SAARBRUCKEN;x;
2705;2;21;180;FORBACH;x;
2706;44;24;53;BRIEY;x;
2707;86;27;181;KREUSNACH;x;
2708;128;30;54;METZ;x;
2709;170;33;182;NANCY;x;
2710;2;36;55;PUTTLINGEN;x;
2711;44;39;183;FAULQUEMONT;x;
2712;86;42;56;FINSTINGEN;x;
2713;128;45;184;BLANKENBERG;x;
2714;170;48;57;SALM;x;
2715;2;51;185;VAUDEMONT;x;
2716;44;54;58;PERSIAN IMPASSABLE;x;
2717;86;57;186;COLMAR;x;
2718;128;60;59;PERSIAN IMPASSABLE;x;
2719;170;63;187;SELESTAT;x;
2720;2;66;60;FERRETTE;x;
2721;44;69;188;STRASSBURG;x;
2722;86;72;61;HAGUENAU;x;
2723;128;75;189;LICHTBERG;x;
2724;170;78;62;WEISSENBURG;x;
2725;2;81;190;BITSCH;x;
2726;44;84;63;ZWEIBRUCKEN;x;
2727;86;87;191;ROCKHAUSEN;x;
2728;128;90;64;LETNINGEN;x;
2729;170;93;192;KAISERSLAUTERN;x;
2730;2;96;65;PIRMASENS;x;
2731;44;99;193;WORMS;x;
2732;86;102;66;SPEYER;x;
2733;128;105;194;HEIDELBERG;x;
2734;170;108;67;PERSIAN IMPASSABLE;x;
2735;2;111;195;WEINHEIM;x;
2736;44;114;68;BESENSHEIM;x;
2737;86;117;196;ERBACH;x;
2738;128;120;69;MOSBACH;x;
2739;170;123;197;DURNE;x;
2740;2;126;70;PERSIAN IMPASSABLE;x;
2741;44;129;198;RUSSELSHEIM;x;
2742;86;132;71;SELIGENSTADT;x;
2743;128;135;199;HEILBRONN;x;
2744;170;138;72;HOCKENHEIM;x;
2745;2;141;200;VAIHINGEN;x;
2746;44;144;73;BADEN;x;
2747;86;147;201;CALW;x;
2748;128;150;74;WIRTEMBERG;x;
2749;170;153;202;TUBINGEN;x;
2750;2;156;75;SANKT BLASIEN;x;
2751;44;159;203;FREIBURG;x;
2752;86;162;76;OFFENBURG;x;
2753;128;165;204;GEROLDSECK;x;
2754;170;168;77;PERSIAN IMPASSABLE;x;
2755;2;171;205;SULZ;x;
2756;44;174;78;ROTTWEIL;x;
2757;86;177;206;FURSTENBERG;x;
2758;128;180;79;LUPFEN;x;
2759;170;183;207;HOHENBERG;x;
2760;2;186;80;CLETTGAU;x;
2761;44;189;208;HEILIGENBERG;x;
2762;86;192;81;NELLENBURG;x;
2763;128;195;209;ZOLLERN;x;
2764;170;198;82;VEHRINGEN;x;
2765;2;201;210;BEUTLINGEN;x;
2766;44;204;83;SCHELKLINGEN;x;
2767;86;207;211;SIGMARINGEN;x;
2768;128;210;84;ULM;x;
2769;170;0;212;HELLENENSTEIN;x;
2770;2;3;85;HELFENSTEIN;x;
2771;44;6;213;TECK;x;
2772;86;9;86;LOWENSTEIN;x;
2773;128;12;214;GRUNINGEN;x;
2774;170;15;87;BERGE;x;
2775;2;18;215;KIRCHBERG;x;
2776;44;21;88;MARSTETTEN;x;
2777;86;24;216;BURGAU;x;
2778;128;27;89;AUGSBURG;x;
2779;170;30;217;FRIEDBERG;x;
2780;2;33;90;LECHRAIN;x;
2781;44;36;218;PEITING;x;
2782;86;39;91;SCHONGAU;x;
2783;128;42;219;KEMPTEN;x;
2784;170;45;92;KAUFBEUREN;x;
2785;2;48;220;MEMMINGEN;x;
2786;44;51;93;RAVENSBURG;x;
2787;86;54;221;BREGENZ;x;
2788;128;57;94;WERDENBURG;x;
2789;170;60;222;VARES;x;
2790;2;63;95;HOHENSCHWANGAU;x;
2791;44;66;223;BEDERKESA;x;
2792;86;69;96;CUXHAVEN;x;
2793;128;72;224;BREMEN;x;
2794;170;75;97;VERDEN;x;
2795;2;78;225;STADE;x;
2796;44;81;98;ZEVEN;x;
2797;86;84;226;DITHMARSCHEN;x;
2798;128;87;99;ITZEHOE;x;
2799;170;90;227;NEUMUNSTER;x;
2800;2;93;0;FEMERA;x;
2801;44;96;128;KIEL;x;
2802;86;99;1;HAMBURG;x;
2803;128;102;129;BUXTEHUDE;x;
2804;170;105;2;LUBECK;x;
2805;2;108;130;AHRENSBURG;x;
2806;44;111;3;RATZEBURG;x;
2807;86;114;131;MECKLENBURG;x;
2808;128;117;4;SCHWERIN;x;
2809;170;120;132;ROSTOCK;x;
2810;2;123;5;STRALSUND;x;
2811;44;126;133;RUGEN;x;
2812;86;129;6;WERLE;x;
2813;128;132;134;PARCHIM;x;
2814;170;135;7;HAVELBERG;x;
2815;2;138;135;KLENOW;x;
2816;44;141;8;GREIFSWALD;x;
2817;86;144;136;WOLGAST;x;
2818;128;147;9;SWINOUJSCIE;x;
2819;170;150;137;GUSTROW;x;
2820;2;153;10;NEUBRANDENBURG;x;
2821;44;156;138;NEUSTRELITZ;x;
2822;86;159;11;UCRAMUND;x;
2823;128;162;139;SZCZECIN;x;
2824;170;165;12;KOLOBRZEG;x;
2825;2;168;140;STARGARD;x;
2826;44;171;13;CAMMIN;x;
2827;86;174;141;SLUPSK;x;
2828;128;177;14;KOSZALIN;x;
2829;170;180;142;LEBNO;x;
2830;2;183;15;GDANSK;x;
2831;44;186;143;WISLANA;x;
2832;86;189;16;WLADYSLAWOWO;x;
2833;128;192;144;SOPOT;x;
2834;170;195;17;MALBORK;x;
2835;2;198;145;ELBLAG;x;
2836;44;201;18;LOBEZ;x;
2837;86;204;146;BRUCHHAUSEN;x;
2838;128;207;19;DIEPHOLZ;x;
2839;170;210;147;HOYA;x;
2840;2;0;20;MINDEN;x;
2841;44;3;148;WIEDENBRUCK;x;
2842;86;6;21;LIPPSTADT;x;
2843;128;9;149;BUREN;x;
2844;170;12;22;LIPPE;x;
2845;2;15;150;SCHAUENBURG;x;
2846;44;18;23;WOLPE;x;
2847;86;21;151;PADERBORN;x;
2848;128;24;24;BRAKEL;x;
2849;170;27;152;WITTENSTEIN;x;
2850;2;30;25;WALDECK;x;
2851;44;33;153;DIEZ;x;
2852;86;36;26;SIEGEN;x;
2853;128;39;154;SOLMS;x;
2854;170;42;27;LIMBURG;x;
2855;2;45;155;FRANKFURT;x;
2856;44;48;28;HOMBURG;x;
2857;86;51;156;WETZLAR;x;
2858;128;54;29;ZIEGENHAIN;x;
2859;170;57;157;MARBURG;x;
2860;2;60;30;KASSEL;x;
2861;44;63;158;NIDDA;x;
2862;86;66;31;KLINGENBERG;x;
2863;128;69;159;HANAU;x;
2864;170;72;32;GELNHAUSEN;x;
2865;2;75;160;BUDINGEN;x;
2866;44;78;33;RIENECK;x;
2867;86;81;161;LAUTERBACH;x;
2868;128;84;34;WERTHEIM;x;
2869;170;87;162;HOCHBERG;x;
2870;2;90;35;WURZBURG;x;
2871;44;93;163;HAMMELBURG;x;
2872;86;96;36;WEINSBERG;x;
2873;128;99;164;CASEL;x;
2874;170;102;37;BAMBERG;x;
2875;2;105;165;ANSBACH;x;
2876;44;108;38;ABENBERG;x;
2877;86;111;166;NUREMBERG;x;
2878;128;114;39;LICHTSTAD;x;
2879;170;117;167;HIRSCHBERG;x;
2880;2;120;40;TRUBENDING;x;
2881;44;123;168;PERSIAN IMPASSABLE;x;
2882;86;126;41;WEISSENBURG;x;
2883;128;129;169;INGOLSTADT;x;
2884;170;132;42;PERSIAN IMPASSABLE;x;
2885;2;135;170;DILLINGEN;x;
2886;44;138;43;NORDLINGEN;x;
2887;86;141;171;HALL;x;
2888;128;144;44;CRAILSHEIM;x;
2889;170;147;172;MERGENTHEIM;x;
2890;2;150;45;IPHOFEN;x;
2891;44;153;173;UFFENHEIM;x;
2892;86;156;46;RIEDFELD;x;
2893;128;159;174;LUNEBURG;x;
2894;170;162;47;DANNENBERG;x;
2895;2;165;175;LUCHOW;x;
2896;44;168;48;WUNSDORF;x;
2897;86;171;176;DEPENAU;x;
2898;128;174;49;HANNOVER;x;
2899;170;177;177;WERBEN;x;
2900;2;180;50;STENDAL;x;
2901;44;183;178;BRUNSWICK;x;
2902;86;186;51;WOLFENBUTTEL;x;
2903;128;189;179;WALSRODE;x;
2904;170;192;52;CELLE;x;
2905;2;195;180;GIFHORN;x;
2906;44;198;53;MAGDEBURG;x;
2907;86;201;181;GARDELEGEN;x;
2908;128;204;54;PERSIAN IMPASSABLE;x;
2909;170;207;182;SCHWALENBERG;x;
2910;2;210;55;EVERSTEIN;x;
2911;44;0;183;DASSEL;x;
2912;86;3;56;HOMBURG;x;
2913;128;6;184;HILDESHEIM;x;
2914;170;9;57;WOLDENBERG;x;
2915;2;12;185;HOFGEISMAR;x;
2916;44;15;58;HALBERSTADT;x;
2917;86;18;186;WERNIGERODE;x;
2918;128;21;59;GOSLAR;x;
2919;170;24;187;GLEICHENSTEIN;x;
2920;2;27;60;GOTTINGEN;x;
2921;44;30;188;MUHLHAUSEN;x;
2922;86;33;61;MUNDEN;x;
2923;128;36;189;HERSFELD;x;
2924;170;39;62;FULDA;x;
2925;2;42;190;HENNEBERG;x;
2926;44;45;63;SCHWEINFURT;x;
2927;86;48;191;WILTBERG;x;
2928;128;51;64;EBELEBEN;x;
2929;170;54;192;PERSIAN IMPASSABLE;x;
2930;2;57;65;PERSIAN IMPASSABLE;x;
2931;44;60;193;HOHENSTEIN;x;
2932;86;63;66;BLANKENBURG;x;
2933;128;66;194;ARNSTEIN;x;
2934;170;69;67;SANGERHAUSEN;x;
2935;2;72;195;MERSENBURG;x;
2936;44;75;68;MANSFELD;x;
2937;86;78;196;UELZEN;x;
2938;128;81;69;NIEDERSCHONENFELD;x;
2939;170;84;197;ILMUNSTER;x;
2940;2;87;70;MUNCHSMUNSTER;x;
2941;44;90;198;ABENSBERG;x;
2942;86;93;71;ROTHENBURG;x;
2943;128;96;199;FREISING;x;
2944;170;99;72;PERSIAN IMPASSABLE;x;
2945;2;102;200;MUNCHEN;x;
2946;44;105;73;AHEIM;x;
2947;86;108;201;WOLFRATSHAUSEN;x;
2948;128;111;74;TOLZ;x;
2949;170;114;202;ESCHENLOHE;x;
2950;2;117;75;INNSBRUCK;x;
2951;44;120;203;MATREI;x;
2952;86;123;76;BRUNECK;x;
2953;128;126;204;KUFSTEIN;x;
2954;170;129;77;BOZEN;x;
2955;2;132;205;BRIXEN;x;
2956;44;135;78;FALKENSTEIN;x;
2957;86;138;206;GEISENHAUSEN;x;
2958;128;141;79;ERDING;x;
2959;170;144;207;FRONTENHAUSEN;x;
2960;2;147;80;PASSAU;x;
2961;44;150;208;DORNBERG;x;
2962;86;153;81;ORTENBURG;x;
2963;128;156;209;LEONSBERG;x;
2964;170;159;82;REGENSBURG;x;
2965;2;162;210;TEGERNHEIM;x;
2966;44;165;83;WENZENBACH;x;
2967;86;168;211;CHAM;x;
2968;128;171;84;DEGGENDORF;x;
2969;170;174;212;WALDKIRCHEN;x;
2970;2;177;85;SCHARDING;x;
2971;44;180;213;SCHAUMBERG;x;
2972;86;183;86;RIED;x;
2973;128;186;214;BRAUNAU;x;
2974;170;189;87;PERSIAN IMPASSABLE;x;
2975;2;192;215;SALZBURG;x;
2976;44;195;88;KITZBUHEL;x;
2977;86;198;216;BERCHTESGADEN;x;
2978;128;201;89;HALLEIN;x;
2979;170;204;217;STRASSWALCHEN;x;
2980;2;207;90;GORLITZ;x;
2981;44;210;218;BURGHAUSEN;x;
2982;86;0;91;LAUFEN;x;
2983;128;3;219;TRAUNSTEIN;x;
2984;170;6;92;MARQUARDSTEIN;x;
2985;2;9;220;LAUKENTAL;x;
2986;44;12;93;LENGENFELD;x;
2987;86;15;221;PARSBERG;x;
2988;128;18;94;SULZBACH;x;
2989;170;21;222;HOHENBURG;x;
2990;2;24;95;LEUCHTENBURG;x;
2991;44;27;223;NEUMARKT;x;
2992;86;30;96;GREIFFENST;x;
2993;128;33;224;BAYREUTH;x;
2994;170;36;97;KULMBACH;x;
2995;2;39;225;LICHTENFELS;x;
2996;44;42;98;PERSIAN IMPASSABLE;x;
2997;86;45;226;CHEB;x;
2998;128;48;99;COBURG;x;
2999;170;51;227;SCHWARZBURG;x;
3000;3;54;0;HOF;x;
3001;45;57;128;REHAU;x;
3002;87;60;1;PERSIAN IMPASSABLE;x;
3003;129;63;129;LOBDABURG;x;
3004;171;66;2;PLAUEN;x;
3005;3;69;130;ORLAMUNDE;x;
3006;45;72;3;GLEICHEN;x;
3007;87;75;131;BEICHTINEN;x;
3008;129;78;4;KAFERNBURG;x;
3009;171;81;132;EISENACH;x;
3010;3;84;5;SCHMALKALDEN;x;
3011;45;87;133;PERSIAN IMPASSABLE;x;
3012;87;90;6;WOLKENSTEIN;x;
3013;129;93;134;WALDENBURG;x;
3014;171;96;7;ALTENBURG;x;
3015;3;99;135;COLDITZ;x;
3016;45;102;8;LEISNING;x;
3017;87;105;136;DEVIN;x;
3018;129;108;9;HALLE;x;
3019;171;111;137;LEIPZIG;x;
3020;3;114;10;NAUMBURG;x;
3021;45;117;138;EILENBURG;x;
3022;87;120;11;PERSIAN IMPASSABLE;x;
3023;129;123;139;DESSAU;x;
3024;171;126;12;DUBEN;x;
3025;3;129;140;TORGAU;x;
3026;45;132;13;PERSIAN IMPASSABLE;x;
3027;87;135;141;MEISSEN;x;
3028;129;138;14;FREIBERG;x;
3029;171;141;142;PERSIAN IMPASSABLE;x;
3030;3;144;15;DRESDEN;x;
3031;45;147;143;PERSIAN IMPASSABLE;x;
3032;87;150;16;BAUTZEN;x;
3033;129;153;144;BISCHOFSWERDA;x;
3034;171;156;17;GROSSENHAIN;x;
3035;3;159;145;RADEBEUL;x;
3036;45;162;18;PERSIAN IMPASSABLE;x;
3037;87;165;146;KUNLUNSHAN;x;
3038;129;168;19;GERA;x;
3039;171;171;147;REICHENBACH;x;
3040;3;174;20;TESCHEN;x;
3041;45;177;148;BIELSKO;x;
3042;87;180;21;RATIBOR;x;
3043;129;183;149;RYBNIK;x;
3044;171;186;22;BETHEN;x;
3045;3;189;150;BRESLAU;x;
3046;45;192;23;FRANKENSTEIN;x;
3047;87;195;151;KLADZKO;x;
3048;129;198;24;NYSA;x;
3049;171;201;152;BRZEG;x;
3050;3;204;25;GLOGOWEK;x;
3051;45;207;153;STREHLITZ;x;
3052;87;210;26;OPPELN;x;
3053;129;0;154;KREUZBURG;x;
3054;171;3;27;LUBLINIEC;x;
3055;3;6;155;OLAWA;x;
3056;45;9;28;OTMUCHOW;x;
3057;87;12;156;BARDO;x;
3058;129;15;29;LEGNICA;x;
3059;171;18;157;SWINY;x;
3060;3;21;30;SADOWEL;x;
3061;45;24;158;MILIEZ;x;
3062;87;27;31;OLESNICA;x;
3063;129;30;159;GLOGOW;x;
3064;171;33;32;GRUNBERG;x;
3065;3;36;160;BYTOM;x;
3066;45;39;33;ZAGAN;x;
3067;87;42;161;SPROTTAU;x;
3068;129;45;34;PRZEMKOW;x;
3069;171;48;162;WLEN;x;
3070;3;51;35;NOWOGRODZIEC;x;
3071;45;54;163;KUNLUNSHAN;x #Used to be ROHRBACH;
3072;87;57;36;LEONFELDEN;x;
3073;129;60;164;FREISTADT;x;
3074;171;63;37;GMUND;x;
3075;3;66;165;WILD;x;
3076;45;69;38;ZWETTL;x;
3077;87;72;166;HORN;x;
3078;129;75;39;HAUGSDORF;x;
3079;171;78;167;LAA;x;
3080;3;81;40;MIKULOV;x;
3081;45;84;168;HOHENAU;x;
3082;87;87;41;MISTELBACH;x;
3083;129;90;169;SPITTAL;x;
3084;171;93;42;FLORIDSDORF;x;
3085;3;96;170;ERNSTBRUNN;x;
3086;45;99;43;VIENNA;x;
3087;87;102;171;BRUCK;x;
3088;129;105;44;KREMS;x;
3089;171;108;172;SANKT POLTEN;x;
3090;3;111;45;SPITZ;x;
3091;45;114;173;PADUN;x;
3092;87;117;46;PITTEN;x;
3093;129;120;174;AMSTETTEN;x;
3094;171;123;47;WIESELBURG;x;
3095;3;126;175;RIBNICA;x;
3096;45;129;48;LJUBLJANA;x;
3097;87;132;176;DOBOVEC;x;
3098;129;135;49;RUDOLFSWERDE;x;
3099;171;138;177;VILLACH;x;
3100;3;141;50;KRANJ;x;
3101;45;144;178;KAMNIK;x;
3102;87;147;51;KRSKO;x;
3103;129;150;179;MARIBOR;x;
3104;171;153;52;KUNLUNSHAN;x;
3105;3;156;180;KLAGENFURT;x;
3106;45;159;53;WINDISCHE BUHEL;x;
3107;87;162;181;ENGELBERG;x;
3108;129;165;54;WOLFSBERG;x;
3109;171;168;182;LEIBNITZ;x;
3110;3;171;55;LEOBEN;x;
3111;45;174;183;KOFLACH;x;
3112;87;177;56;JUDENBURG;x;
3113;129;180;184;SANKT VEIT;x;
3114;171;183;57;MURAU;x;
3115;3;186;185;TAMSWEG;x;
3116;45;189;58;FELDBACH;x;
3117;87;192;186;GRAZ;x;
3118;129;195;59;KAPFENBERG;x;
3119;171;198;187;FURSTENFELD;x;
3120;3;201;60;OBERWART;x;
3121;45;204;188;MURZZUSCHLAG;x;
3122;87;207;61;MARIAZELL;x;
3123;129;210;189;KUNLUNSHAN;x;
3124;171;0;62;WAIDHOFEN;x;
3125;3;3;190;KNITTELFELD;x;
3126;45;6;63;ADMONT;x;
3127;87;9;191;FELDKIRCHEN;x;
3128;129;12;64;KAMMERSBERG;x;
3129;171;15;192;IRDNING;x;
3130;3;18;65;LIEZEN;x;
3131;45;21;193;LINZ;x;
3132;87;24;66;STEYR;x;
3133;129;27;194;WELS;x;
3134;171;30;67;LIENZ;x;
3135;3;33;195;HALLSTATT;x;
3136;45;36;68;SPREMBERG;x;
3137;87;39;196;OBERVELLACH;x;
3138;129;42;69;FORST;x;
3139;171;45;197;SORGE;x;
3140;3;48;70;SPREEWALD;x;
3141;45;51;198;KAMENZ;x;
3142;87;54;71;ODERFRANKFURT;x;
3143;129;57;199;NAUMBERG;x;
3144;171;60;72;CROSSEN;x;
3145;3;63;200;SCHWIEBUS;x;
3146;45;66;73;SIEDLISCHO;x;
3147;87;69;201;RZEPIN;x;
3148;129;72;74;SULECIN;x;
3149;171;75;202;LEBUS;x;
3150;3;78;75;KUNLUNSHAN;x;
3151;45;81;203;DRIESEN;x;
3152;87;84;76;LANDSBERG;x;
3153;129;87;204;KOSTSCHIN;x;
3154;171;90;77;SOLDIN;x;
3155;3;93;205;GRYFINO;x;
3156;45;96;78;ARNSWALDE;x;
3157;87;99;206;POTSDAM;x;
3158;129;102;79;BERLIN;x;
3159;171;105;207;STORKOW;x;
3160;3;108;80;PRENZLAU;x;
3161;45;111;208;EBERSWALDE;x;
3162;87;114;81;SCHWEDT;x;
3163;129;117;209;TEMPLIN;x;
3164;171;120;82;BOTZOW;x;
3165;3;123;210;ROSENFELDE;x;
3166;45;126;83;BRANDENBURG;x;
3167;87;129;211;LINDOW;x;
3168;129;132;84;RUPPIN;x;
3169;171;135;212;NOWEN;x;
3170;3;138;85;TANGERMUNDE;x;
3171;45;141;213;MOCKERN;x;
3172;87;144;86;ZERBST;x;
3173;129;147;214;WITTENBERG;x;
3174;171;150;87;BELIZI;x;
3175;3;153;215;BRENE;x;
3176;45;156;88;GOMMERN;x;
3177;87;159;216;LEHNIN;x;
3178;129;162;89;DAHME;x;
3179;171;165;217;KUNLUNSHAN;x;
3180;3;168;90;JUTERBOG;x;
3181;45;171;218;COTTBUS;x;
3182;87;174;91;LUBBEN;x;
3183;129;177;219;KREUZ;x;
3184;171;180;92;DRAMBERG;x;
3185;3;183;220;BELGARD;x;
3186;45;186;93;PILA;x;
3187;87;189;221;WALCZ;x;
3188;129;192;94;SZCZECINEK;x;
3189;171;195;222;MIASTKO;x;
3190;3;198;95;HAMMERSTEIN;x;
3191;45;201;223;BYTOW;x;
3192;87;204;96;KONITZ;x;
3193;129;207;224;TUCHOWNA;x;
3194;171;210;97;TRSOW;x;
3195;3;0;225;BERENT;x;
3196;45;3;98;SCHWETZ;x;
3197;87;6;226;GRAUDENZ;x;
3198;129;9;99;KULM;x;
3199;171;12;227;TORUN;x;
3200;3;15;0;Brodnica;x;
3201;45;18;128;Mohrungen ;x;
3202;87;21;1;BRIESEN;x;
3203;129;24;129;PATERSWALDE;x;
3204;171;27;2;LAUTENBURG;x;
3205;3;30;130;BARTENSTEIN;x;
3206;45;33;3;INSTERBURG;x;
3207;87;36;131;RASTENBURG;x;
3208;129;39;4;LOTZEN;x;
3209;171;42;132;ANGERBURG;x;
3210;3;45;5;LYCK;x;
3211;45;48;133;ORTELSBURG;x;
3212;87;51;6;ALLENSTEIN;x;
3213;129;54;134;OSTERODE;x;
3214;171;57;7;EYLAU;x;
3215;3;60;135;NIEDENBURG;x;
3216;45;63;8;KONIGSBERG;x;
3217;87;66;136;BRAUNSBERG;x;
3218;129;69;9;LAUKITTEN;x;
3219;171;72;137;OSTLANDSBERG;x;
3220;3;75;10;Wormditt;x;
3221;45;78;138;ALTO ARAGON;x;
3222;202;16;154;b_quanzhou_tong_an;x;
3223;76;23;151;river_garonne;x;
3224;93;165;43;river_garonne;x;
3225;0;255;0;river_garonne;x;
3226;171;210;96;river_loire;x;
3227;186;205;162;river_loire;x;
3228;185;192;56;river_loire;x;
3229;171;102;142;sea_zeeland_delta;x;
3230;3;105;15;sea_zeeland_delta;x;
3231;45;108;143;river_rhine;x;
3232;87;111;16;river_rhine;x;
3233;129;114;144;river_rhine;x;
3234;171;117;17;river_seine;x;
3235;3;120;145;river_seine;x;
3236;45;123;18;river_seine;x;
3237;87;126;146;river_elbe;x;
3238;129;129;19;river_elbe;x;
3239;171;132;147;river_elbe;x;
3240;3;135;20;river_elbe;x;
3241;45;138;148;river_daugava;x;
3242;87;141;21;river_daugava;x;
3243;129;144;149;river_po;x;
3244;171;147;22;river_po;x;
3245;3;150;150;river_po;x;
3246;45;153;23;river_po;x;
3247;87;156;151;river_rhone;x;
3248;129;159;24;river_rhone;x;
3249;171;162;152;river_rhone;x;
3250;3;165;25;river_guadiana;x;
3251;45;168;153;river_guadiana;x;
3252;87;171;26;river_guadiana;x;
3253;129;174;154;river_guadalquivir;x;
3254;171;177;27;river_guadalquivir;x;
3255;127;129;54;KUNLUNSHAN;x;
3256;45;183;28;ALPS 1;x;
3257;87;186;156;German Mountains 13;x;
3258;129;189;29;Annonay;x;
3259;171;192;157;Northern Apennine Mountains 2;x;
3260;3;195;30;NORWEGIAN MOUNTAINS;x;
3261;45;198;158;SWEDISH IMPASSIBLE TERRAIN 1;x;
3262;87;201;31;FINNISH IMPASSIBLE TERRAIN 1;x;
3263;129;204;159;SWEDISH IMPASSIBLE TERRAIN 2;x;
3264;171;207;32;KOLA IMPASSIBLE TERRAIN;x;
3265;3;210;160;ICELANDIC LAKES;x;
3266;45;0;33;MAGAMPURA;x;
3267;87;3;161;KATARGAMA;x;
3268;129;6;34;GODAWAYA;x;
3269;171;9;162;MAHIYANGANA;x;
3270;3;12;35;DIGHAVAPI;x;
3271;45;15;163;GIMHATHITHTHA;x;
3272;87;18;36;ANURADHAPURA;x;
3273;129;21;164;POLONNARUWA;x;
3274;171;24;37;DAMBADENIYA;x;
3275;3;27;165;JAFFNA;x;
3276;45;30;38;KOTTE;x;
3277;87;33;166;SITAWAKA;x;
3278;129;36;39;SENKADAGALAPURA;x;
3279;171;39;167;MATALE;x;
3280;3;42;40;BATTICALOA;x;
3281;45;45;168;TRINCOMALEE;x;
3282;87;48;41;DHAMBALLAI;x;
3283;129;51;169;PUTTALAM;x;
3284;171;54;42;KURUNAGALA;x;
3285;3;57;170;VAVUNIYA;x;
3286;45;60;43;MANNAR;x;
3287;87;63;171;MULLAITIVU;x;
3288;129;66;44;MALAYA RATA;x;
3289;171;69;172;PERSIAN IMPASSABLE TERRAIN 1;x;
3290;3;72;45;PERSIAN IMPASSABLE TERRAIN 2;x;
3291;45;75;173;PERSIAN IMPASSABLE TERRAIN 3;x;
3292;87;78;46;PERSIAN IMPASSABLE TERRAIN 4;x;
3293;129;81;174;KUNLUNSHAN;x;
3294;171;84;47;Tell Atlas Mountains 9;x;
3295;3;87;175;BALKAN IMPASSABLE TERRAIN 1;x;		#TRANSYLVANIAN ALPS
3296;45;90;48;BALKAN IMPASSABLE TERRAIN 2;x;		#DINARIC ALPS
3297;87;93;176;BALKAN IMPASSABLE TERRAIN 3;x;		#BALKAN MTNS
3298;129;96;49;BALKAN IMPASSABLE TERRAIN 4;x;		#RHODOPES
3299;171;99;177;BALKAN IMPASSABLE TERRAIN 5;x;		#PINDUS
3300;3;102;50;IBERIAN IMPASSIBLE TERRAIN 1;x;
3301;45;105;178;IBERIAN IMPASSIBLE TERRAIN 2;x;
3302;87;108;51;IBERIAN IMPASSIBLE TERRAIN 3;x;
3303;129;111;179;IBERIAN IMPASSIBLE TERRAIN 4;x;
3304;171;114;52;IBERIAN IMPASSIBLE TERRAIN 5;x;
3305;3;117;180;IBERIAN IMPASSIBLE TERRAIN 6;x;
3306;45;120;53;IBERIAN IMPASSIBLE TERRAIN 7;x;
3307;87;123;181;ICELANDIC IMPASSIBLE TERRAIN;x;
3308;129;126;54;ALPS 2;x;
3309;171;129;182;ALPS 3;x;
3310;3;132;55;ALPS 4;x;
3311;45;135;183;ALPS 5;x;
3312;87;138;56;ALPS 6;x;
3313;129;141;184;ALPS 7;x;
3314;171;144;57;ALPS 8;x;
3315;3;147;185;Jhansi;x;
3316;45;150;58;Luacchagiri;x;
3317;87;153;186;Guna;x;
3318;129;156;59;Garh_Kundar;x;
3319;171;159;187;Jarai_ka_Math;x;
3320;3;162;60;Kadwaya;x;
3321;45;165;188;Raisin;x;
3322;87;168;61;Sironj;x;
3323;129;171;189;Sanchi;x;
3324;171;174;62;Bhojpur;x;
3325;3;177;190;Ashta;x;
3326;45;180;63;Jhalawar;x;
3327;87;183;191;Gagraun;x;
3328;129;186;64;Dharmrajeshwar;x;
3329;171;189;192;Vatapadraka;x;
3330;3;192;65;Betma;x;
3331;45;195;193;Depalpur;x;
3332;87;198;66;Dharampuri;x;
3333;129;201;194;Champaner;x;
3334;171;204;67;Dewas;x;
3335;3;207;195;Maksi;x;
3336;45;210;68;Mehidpur;x;
3337;87;0;196;Agar;x;
3338;129;3;69;Sheopur;x;
3339;171;6;197;Narwar;x;
3340;3;9;70;Sabalgarh;x;
3341;45;12;198;Dabra;x;
3342;87;15;71;Naddula;x;
3343;129;18;199;Ranakpur;x;
3344;171;21;72;Gangapur;x;
3345;3;24;200;Bhilwara;x;
3346;45;27;73;Mandrael;x;
3347;87;30;201;Ajayameru;x;
3348;129;33;74;Dhanop;x;
3349;171;36;202;Pushkar;x;
3350;3;39;75;Bhuj;x;
3351;45;42;203;Anjar;x;
3352;87;45;76;Lalpur;x;
3353;129;48;204;Bhanvad;x;
3354;171;51;77;Lakhota;x;
3355;3;54;205;Morvi;x;
3356;45;57;78;Halvad;x;
3357;87;60;206;Ranpur;x;
3358;129;63;79;Amarvalli;x;
3359;171;66;207;Uperkot;x;
3360;3;69;80;Bhumilka;x;
3361;45;72;208;Shrinagar;x;
3362;87;75;81;Mangrol;x;
3363;129;78;209;Saymur;x;
3364;171;81;82;Delvada;x;
3365;3;84;210;Moherak;x;
3366;45;87;83;Shatrunjaya;x;
3367;87;90;211;Dhandhuka;x;
3368;129;93;84;Sihor;x;
3369;171;96;212;Kamboika;x;
3370;3;99;85;Modhera;x;
3371;45;102;213;Vadnagar;x;
3372;87;105;86;Siddhapura;x;
3373;129;108;214;Idar;x;
3374;171;111;87;Jhalod;x;
3375;3;114;215;Khambhat;x;
3376;45;117;88;Ashaval;x;
3377;87;120;216;Dholka;x;
3378;129;123;89;Darbhavati;x;
3379;171;126;217;Kayavarohan;x;
3380;3;129;90;Bharuch;x;
3381;45;132;218;Tadkeshwar;x;
3382;87;135;91;Rajpipla;x;
3383;129;138;219;Navasarika;x;
3384;171;141;92;Sanjan;x;
3385;3;144;220;Kasara;x;
3386;45;147;93;Kiratakupa;x;
3387;87;150;221;Jaisalmer;x;
3388;129;153;94;Phalavardhika;x;
3389;171;156;222;Juna_Barmer;x;
3390;3;159;95;Thar Desert 1;x;
3391;45;162;223;Bhatiya;x;
3392;87;165;96;Siraj_ji_Takri;x;
3393;129;168;224;Ghotki;x;
3394;171;171;97;Mir_Rukan;x;
3395;3;174;225;Mirpur_Khas;x;
3396;45;177;98;Nasarpur;x;
3397;87;180;226;Matiari;x;
3398;129;183;99;Amarkot;x;
3399;171;186;227;Badin;x;
3400;3;189;0;Shahbandar;x;
3401;45;192;128;Nirun;x;
3402;87;195;1;Thatta;x;
3403;129;198;129;Kolachi;x;
3404;171;201;2;Sharusan;x;
3405;3;204;130;Khudabad;x;
3406;45;207;3;Shikarpur;x;
3407;87;210;131;Dajal;x;
3408;129;0;4;Chachran;x;
3409;171;3;132;Derawar;x;
3410;3;6;5;Askhanda;x;
3411;45;9;133;Vehari;x;
3412;87;12;6;Tulamba;x;
3413;129;15;134;Kabirwala;x;
3414;171;18;7;Alipur;x;
3415;3;21;135;Mankera;x;
3416;45;24;8;Wan_Bhachran;x;
3417;87;27;136;Dera_Ghazi_Khan;x;
3418;129;30;9;Kasur;x;
3419;171;33;137;Chunian;x;
3420;3;36;10;Sangla;x;
3421;45;39;138;Pancapura;x;
3422;87;42;11;Satghara;x;
3423;129;45;139;Abohar;x;
3424;171;48;12;Ajodhan;x;
3425;3;51;140;Phalia;x;
3426;45;54;13;Kamalia;x;
3427;87;57;141;Bhirr;x;
3428;129;60;14;Katasraj;x;
3429;171;63;142;Bhuttar;x;
3430;3;66;15;Jammu;x;
3431;45;69;143;Rahon;x;
3432;87;72;16;Pathankot;x;
3433;129;75;144;Kahlur;x;
3434;171;78;17;Kangra;x;
3435;3;81;145;Jhelum;x;
3436;45;84;18;Kunjah;x;
3437;87;87;146;Attak;x;
3438;129;90;19;Oddiyana;x;
3439;171;93;147;Mankiala;x;
3440;3;96;20;Shergarh;x;
3441;45;99;148;Nowshera;x;
3442;87;102;21;Lund_Nandana;x;
3443;129;105;149;Kalabagh;x;
3444;171;108;22;Hangu;x;
3445;3;111;150;Amaresvara;x;
3446;45;114;23;Parihasapura;x;
3447;87;117;151;Dhilika;x;
3448;129;120;24;Jahanpanah;x;
3449;171;123;152;Mirath;x;
3450;3;126;25;Indrasthana;x;
3451;45;129;153;Hapur;x;
3452;87;132;26;Sirhind;x;
3453;129;135;154;Sthanisvara;x;
3454;171;138;27;Samana;x;
3455;3;141;155;Asika;x;
3456;45;144;28;Narabhata;x;
3457;87;147;156;Sunam;x;
3458;129;150;29;Jajjanir;x;
3459;171;153;157;Bhatnir;x;
3460;3;156;30;Krishnajanmabhoomi;x;
3461;45;159;158;Govardhan;x;
3462;87;162;31;Agra;x;
3463;129;165;159;Soron;x;
3464;171;168;32;Etah;x;
3465;3;171;160;Dhavalapuri;x;
3466;45;174;33;Bayana;x;
3467;87;177;161;Bareily;x;
3468;129;180;34;Tilokpur;x;
3469;171;183;162;Ahichatra;x;
3470;3;186;35;Ujhani;x;
3471;45;189;163;Amroha;x;
3472;87;192;36;Bachhraon;x;
3473;129;195;164;Gangadvara;x;
3474;171;198;37;Bijnor;x;
3475;3;201;165;Rohtak;x;
3476;45;204;38;Kolayat;x;
3477;87;207;166;Dadrewa;x;
3478;129;210;39;Ladnu;x;
3479;171;0;167;Kuchaman;x;
3480;3;3;40;Makrana;x;
3481;45;6;168;Vairata;x;
3482;87;9;41;Sanganer;x;
3483;129;12;169;Amer;x;
3484;171;15;42;Osian;x;
3485;3;18;170;Sanderaka;x;
3486;45;21;43;Siwana;x;
3487;87;24;171;Purnatallakapura;x;
3488;129;27;44;Jalor;x;
3489;171;30;172;Bhillamala;x;
3490;3;33;45;Achalgarh;x;
3491;45;36;173;Eklingji;x;
3492;87;39;46;Nagahrada;x;
3493;129;42;174;Rishabhdeo;x;
3494;171;45;47;Jagadamba;x;
3495;3;48;175;Rampura;x;
3496;45;51;48;Baroli;x;
3497;87;54;176;Bhainsrorgarh;x;
3498;129;57;49;Ramgarh;x;
3499;171;60;177;Bundi;x;
#RESERVED FOR CRACKDTOOTHGRIN;;;;;;
3500;186;163;1;Glamoc;x;
3501;79;155;49;Hlivno;x;
3502;153;125;36;Duvno;x;
3503;158;70;77;Imotski;x;
3504;211;206;60;Kljuc na Sani;x;
3505;88;77;46;Greben;x;
3506;195;40;35;Kotor Varos;x;
3507;151;67;22;Jajce;x;
3508;191;182;123;Sokol;x;
3509;160;187;242;Bijeljina;x;
3510;50;65;96;Soli;x;
3511;197;233;86;Zvornik;x;
3512;183;94;18;Tolisa;x;
3513;14;157;113;Srebrenik;x;
3514;116;88;198;Maglaj;x;
3515;76;132;99;Gradiska;x;
3516;24;53;137;Vrbaski Grad;x;
3517;88;188;198;Glaz;x;
3518;106;32;15;Dubica;x;
3519;94;158;176;Vodicevo;x;
3520;220;24;43;Valamara;x;
3521;40;153;37;Krupa;x;
3522;63;107;167;Bihac;x;
3523;128;55;62;Pset;x;
3524;41;218;103;Vranduk;x;
3525;201;41;218;Bobovac;x;
3526;204;87;112;Travnik;x;
3527;100;144;207;Visoki;x;
3528;65;237;36;Kutina;x;
3529;17;46;70;Pozega;x;
3530;35;113;177;Brod;x;
3531;134;199;213;Koprivnica;x;
3532;122;75;16;Verevce;x;
3533;240;234;60;Cazma;x;
3534;66;90;28;Samobor;x;
3535;168;100;27;Sisak;x;
3536;63;161;40;Dubovac;x;
3537;121;195;201;Okic;x;
3538;8;145;130;Topusko;x;
3539;124;241;20;Modrus;x;
3540;168;141;32;Brinje;x;
3541;228;108;24;Dreznik;x;
3542;212;226;120;Bag;x;
3543;96;63;14;Kaseg;x;
3544;227;153;41;Udbina;x;
3545;98;176;205;Nin;x;
3546;45;175;64;Obrovac;x;
3547;135;153;99;Biograd;x;
3548;89;154;113;Knin;x;
3549;112;246;132;Bribir;x;
3550;156;130;32;sibenik;x;
3551;125;16;182;Sinj;x;
3552;145;173;201;Solin;x;
3553;57;79;33;Omis;x;
3554;167;224;180;Rodopi;x;
3555;114;78;24;Mokro;x;
3556;190;149;116;Hvar;x;
3557;111;179;128;Konjic;x;
3558;144;137;85;Mostar;x;
3559;200;114;22;Obalj;x;
3560;14;29;129;Gacko;x;
3561;28;72;23;Nevesinje;x;
3562;161;228;133;Drijeva;x;
3563;25;186;44;Kljuc;x;
3564;168;26;206;Olovo;x;
3565;222;65;10;Kuclat;x;
3566;88;167;35;Srebrenica;x;
3567;53;192;201;Vhrbosna;x;
3568;117;99;204;Rogatica;x;
3569;103;4;154;Ston;x;
3570;71;83;78;Pharsalos;x;
3571;83;9;123;Onogost;x;
3572;205;6;26;Trebinje;x;
3573;94;74;8;Risan;x;
3574;133;158;228;Kotor;x;
3575;17;83;18;Antivari;x;
3576;170;76;250;Ulcinj;x;
3577;43;227;239;Moraca;x;
3578;229;69;103;Drivast;x;
3579;239;164;255;Danj;x;
3580;236;76;242;Skadar;x;
3581;93;108;31;Visegrad;x;
3582;139;162;33;Gorazde;x;
3583;52;58;23;Hotca;x;
3584;211;247;45;Prijepolje;x;
3585;175;204;39;Breznica;x;
3586;209;39;75;Brskovo;x;
3587;107;147;0;Gradac;x;
3588;127;116;0;Zica;x;
3589;185;184;174;Arilje;x;
3590;79;221;96;Rujno;x;
3591;71;107;196;Sjenica;x;
3592;206;168;9;Budlimlje;x;
3593;121;80;36;Podujevo;x;
3594;35;155;75;Zvecan;x;
3595;64;114;45;Pec;x;
3596;155;108;56;Pristina;x;
3597;175;136;42;Prizren;x;
3598;141;162;221;Krusevac;x;
3599;74;42;192;Koznik;x;
3600;61;130;222;Prokuplje;x;
3601;28;65;101;Smederevo;x;
3602;0;111;160;Rudnik;x;
3603;32;140;187;Kragujevac;x;
3604;57;42;94;Macva;x;
3605;185;0;134;Debrc;x;
3606;35;198;177;Krupanj;x;
3607;172;187;1;Uzice;x;
3608;71;148;94;Orahovica;x;
3609;164;115;53;Osijek;x;
3610;76;73;17;Vakovo;x;
3611;230;89;206;Ilok;x;
3612;112;123;234;KUNLUNSHAN;x;
3613;210;214;137;Zemun;x;
3614;244;121;167;Kalyatta;x;
3615;220;185;39;Dospat;x;
3616;243;241;98;Kavurskoto Kale;x;
3617;168;253;226;Nevrokop;x;
3618;231;37;174;Zherkovo;x;
3619;118;189;26;Lyutitsa;x;
3620;81;21;84;Smolyan;x;
3621;182;43;108;Ustra;x;
3622;155;57;23;Byalgrad;x;
3623;0;255;76;Tsepina;x;
3624;53;92;64;Stanimaka;x;
3625;165;36;151;Krichim;x;
3626;58;123;11;Mezeshka;x;
3627;211;80;35;Didymoteichon;x;
3628;86;34;92;Burgas;x;
3629;126;16;130;Sozopol;x;
3630;246;131;250;Potamukastel;x;
3631;236;20;244;Dbilin;x;
3632;1;188;58;Beroe;x;
3633;184;25;191;Janitsa;x;
3634;19;103;44;Haskovo;x;
3635;17;67;22;Sliven;x;
3636;17;109;14;Kran;x;
3637;34;150;66;Kopsis;x;
3638;250;225;168;Bitola;x;
3639;169;12;19;Devol;x;
3640;49;51;225;Kastoria;x;
3641;165;182;0;Goritsa;x;
3642;225;244;0;Zegligovo;x;
3643;219;163;13;Skopje;x;
3644;193;103;35;Tetovo;x;
3645;252;41;109;Veles;x;
3646;47;116;59;Kicevo;x;
3647;64;48;159;Prilep;x;
3648;51;195;121;Shtip;x;
3649;85;163;188;Maleshevo;x;
3650;15;57;248;Strumica;x;
3651;175;49;44;Prosek;x;
3652;226;111;112;Scaptopara;x;
3653;240;209;147;Melnik;x;
3654;220;59;58;Bosilegrad;x;
3655;79;217;182;Kratovo;x;
3656;110;144;255;Velbazhd;x;
3657;249;179;199;Glubocica;x;
3658;213;57;197;Vranje;x;
3659;255;92;183;Novo Brdo;x;
3660;216;101;0;Morava;x;
3661;50;29;204;Svrljig;x;
3662;193;188;233;Pirot;x;
3663;69;225;208;Breznik;x;
3664;113;130;237;Branicevo;x;
3665;23;45;190;Kucevo;x;
3666;63;178;228;Ravno;x;
3667;239;70;249;Kladovo;x;
3668;104;44;149;Zajecar;x;
3669;179;89;230;Petrus;x;
3670;129;29;204;Belogradchik;x;
3671;0;25;177;Meldi;x;
3672;231;126;46;Pernik;x;
3673;19;38;123;Stipon;x;
3674;249;177;211;Rila;x;
3675;173;171;6;Lom;x;
3676;239;238;130;Orehovo;x;
3677;232;230;34;Kutlovitsa;x;
3678;136;119;40;Vratsa;x;
3679;131;116;244;Pliven;x;
3680;19;5;130;Lovech;x;
3681;82;102;193;Samundzhievo;x;
3682;184;26;62;Cherven;x;
3683;24;192;19;Elena;x;
3684;91;20;115;Gabrovo;x;
3685;226;27;36;Tutrakan;x;
3686;144;34;109;Shumen;x;
3687;206;11;195;Hrazgrad;x;
3688;119;16;126;Sborishte;x;
3689;243;75;103;Preslav;x;
3690;166;9;35;Provadiya;x;
3691;226;103;149;Aytos;x;
3692;117;222;114;Ktenia;x;
3693;234;121;246;Varna;x;
3694;72;129;152;Tulcha;x;
3695;27;82;105;Mangalia;x;
3696;221;242;161;Zakynthos;x;
3697;109;158;233;Prousos;x;
3698;26;108;118;Lidoriki;x;
3699;145;251;255;Sivista;x;
3700;30;97;200;Angelokastron;x;
3701;42;79;137;Vonitsa;x;
3702;120;15;9;Metzovo;x;
3703;215;191;30;Gardiki;x;
3704;143;85;197;Vrestenitsa;x;
3705;36;57;90;Agrafa;x;
3706;222;170;30;Konitsa;x;
3707;193;128;36;Vella;x;
3708;220;40;30;Ioannina;x;
3709;157;49;35;Grava;x;
3710;63;95;34;Corfu;x;
3711;232;230;0;Avlonas;x;
3712;193;187;0;Himara;x;
3713;241;166;167;Antipatreia;x;
3714;168;78;112;Skrapar;x;
3715;227;2;80;Argyrokastron;x;
3716;173;0;64;Klisura;x;
3717;0;153;74;Savra;x;
3718;252;128;130;Mat;x;
3719;213;0;113;Lezhe;x;
3720;228;30;32;Kruje;x;
3721;140;40;41;Hiskampis;x;
3722;92;230;134;Kukes;x;
3723;228;246;20;Peshkopi;x;
3724;149;0;0;Debar;x;
3725;128;128;128;Skopelos;x;
3726;12;121;117;Oreoi;x;
3727;117;47;165;Boudounitsa;x;
3728;178;120;180;Levadia;x;
3729;95;40;79;Amfissa;x;
3730;16;135;196;Thebes;x;
3731;55;107;28;Megara;x;
3732;21;213;218;Nikli;x;
3733;147;190;242;Karytaina;x;
3734;36;107;195;Arcadia;x;
3735;150;191;30;Lacedaemonia;x;
3736;194;241;57;Mistra;x;
3737;21;122;18;Andravida;x;
3738;79;132;77;Kalavryta;x;
3739;126;193;150;Szerem;x;
3740;30;62;197;Kos;x;
3741;189;177;49;Lindos;x;
3742;84;20;139;Karpathos;x;
3743;101;219;226;Rethymno;x;
3744;222;82;154;Paleohora;x;
3745;20;45;139;Agios Nikolaos;x;
3746;20;126;139;Ierapetra;x;
3747;206;243;167;Lopadion;x;
3748;44;117;54;Pagaea;x;
3749;45;33;124;Lampsakos;x;
3750;30;81;98;Ilion;x;
3751;187;210;218;Alexandria Troas;x;
3752;149;12;189;Lemnos;x;
3753;156;70;181;Skyros;x;
3754;225;76;11;Samos;x;
3755;16;97;94;Andros;x;
3756;131;147;146;Tinos;x;
3757;202;109;18;Thera;x;
3758;150;155;254;Salmydessus;x;
3759;8;23;177;Bizye;x;
3760;128;132;202;Arkadiopolis;x;
3761;109;82;210;Selymbria;x;
3762;56;29;87;Herakleia Perinthos;x;
3763;44;138;97;Chariopolis;x;
3764;52;148;133;Raidestos;x;
3765;13;79;69;Kypsela;x;
3766;28;145;58;Ainos;x;
3767;230;103;53;Xanthia;x;
3768;245;192;174;Traianopolis;x;
3769;162;61;22;Thasos;x;
3770;9;93;11;Siderokastron;x;
3771;233;52;45;Serres;x;
3772;26;240;122;Drama;x;
3773;9;93;81;Kavala;x;
3774;148;113;45;Chrysopolis;x;
3775;166;175;57;Rendina;x;
3776;71;67;238;Ierrisos;x;
3777;43;170;73;Kassandreia;x;
3778;255;197;240;Gynaikokastron;x;
3779;148;13;8;Langades;x;
3780;248;226;140;Mavrouda;x;
3781;64;75;162;Maglen;x;
3782;179;65;86;Sthlanitza;x;
3783;157;15;60;Voden;x;
3784;153;223;114;Veria;x;
3785;236;160;186;Kalyvia;x;
3786;25;37;77;Platamon;x;
3787;207;170;54;Servia;x;
3788;0;89;133;Elasson;x;
3789;89;238;226;Velestino;x;
3790;10;155;176;Halmyros;x;
3791;17;54;38;Domokos;x;
3792;119;160;194;Gardikia;x;
3793;20;148;92;Neopatras;x;
3794;131;211;165;Zetouni;x;
3795;148;246;134;Grevena;x;
3796;103;177;210;Stagoi;x;
3797;215;91;227;Trikala;x;
3798;17;128;131;Argos;x;
3799;88;233;190;Damala;x;
3800;53;177;200;Kalamata;x;
3801;84;219;79;Vostitsa;x;
3802;246;167;67;Cegled;x;
3803;30;101;51;Buda;x;
3804;171;123;2;Kecskemet;x;
3805;3;126;130;Szekesfehervar;x;
3806;45;129;3;Csakvar;x;
3807;87;132;131;Kalocsa;x;
3808;129;135;4;Esztergom;x;
3809;171;138;132;Komarom;x;
3810;3;141;5;Twardosczino;x;
3811;45;144;133;Trenscen;x;
3812;87;147;6;Puho;x;
3813;129;150;134;Zsolna;x;
3814;171;153;7;Turoc;x;
3815;3;156;135;Poszony;x;
3816;45;159;8;Szomolany;x;
3817;87;162;136;Sopron;x;
3818;129;165;9;Kapuvar;x;
3819;171;168;137;Koszeg;x;
3820;3;171;10;Vasvar;x;
3821;45;174;138;Kormend;x;
3822;87;177;11;Moson;x;
3823;129;180;139;Gyor;x;
3824;171;183;12;Zirc;x;
3825;3;186;140;Vasarhely;x;
3826;45;189;13;Veszprem;x;
3827;87;192;141;Kolon;x;
3828;129;195;14;Egerszeg;x;
3829;171;198;142;Letenye;x;
3830;3;201;15;Titel;x;
3831;45;204;143;Nyitra;x;
3832;87;207;16;Pecsen;x;
3833;129;210;144;Bajmoc;x;
3834;171;0;17;Sasvar;x;
3835;3;3;145;Somogyvar;x;
3836;45;6;18;Kaposvar;x;
3837;87;9;146;Csurgo;x;
3838;129;12;19;Szigetvar;x;
3839;171;15;147;Tolna;x;
3840;3;18;20;Simontornya;x;
3841;45;21;148;Dombovar;x;
3842;87;24;21;Baranyavar;x;
3843;129;27;149;Siklos;x;
3844;171;30;22;Pecs;x;
3845;3;33;150;Mohacs;x;
3846;45;36;23;Bars;x;
3847;87;39;151;Kormocbanya;x;
3848;129;42;24;Hont;x;
3849;171;45;152;Nograd;x;
3850;3;48;25;Balassagyarmat;x;
3851;45;51;153;Korporna;x;
3852;87;54;26;Losonc;x;
3853;11;28;46;Selmecbanya;x;
3854;0;121;136;Liptoujvar;x;
3855;3;63;155;Nemetlipcse;x;
3856;45;66;28;Zolyom;x;
3857;87;69;156;Breznobanya;x;
3858;129;72;29;Murany;x;
3859;171;75;157;Rimaszombat;x;
3860;3;78;30;Barfta;x;
3861;45;81;158;Kesmark;x;
3862;87;84;31;Locse;x;
3863;129;87;159;Bodrog;x;
3864;171;90;32;Zenta;x;
3865;3;93;160;Csongrad;x;
3866;45;96;33;Kiskunhalas;x;
3867;87;99;161;Tur;x;
3868;129;102;34;Szolnok;x;
3869;171;105;162;Gyongyospata;x;
3870;3;108;35;Borsod;x;
3871;45;111;163;Miskolc;x;
3872;87;114;36;Szeged;x;
3873;129;117;164;Bekes;x;
3874;171;120;37;Svarvas;x;
3875;3;123;165;Oroshaza;x;
3876;45;126;38;Kassa;x;
3877;87;129;166;Kevevar;x;
3878;129;132;39;Pancsova;x;
3879;171;135;167;Becse;x;
3880;3;138;40;Lugos;x;
3881;45;141;168;Karansebes;x;
3882;87;144;41;Kraso;x;
3883;129;147;169;Ersomlyo;x;
3884;171;150;42;Fehertemplom;x;
3885;3;153;170;Zemplen;x;
3886;45;156;43;Szerencs;x;
3887;87;159;171;Zynna;x;
3888;129;162;44;Toporo;x;
3889;171;165;172;Szabolcs;x;
3890;3;168;45;Nyir;x;
3891;45;171;173;Nagyboszormeny;x;
3892;87;174;46;Szoboszlo;x;
3893;129;177;174;Munkacz;x;
3894;171;180;47;Alsoverecke;x;
3895;3;183;175;Nagyberezna;x;
3896;45;186;48;Varanno;x;
3897;58;134;213;Ungvar;x;
3898;129;192;49;Borsova;x;
3899;171;195;177;Gyozeg;x;
3900;3;198;50;Debrecen;x;
3901;45;201;178;Belenyes;x;
3902;87;204;51;Zolonta;x;
3903;129;207;179;Zarand;x;
3904;171;210;52;Nagyhalmagy;x;
3905;3;0;180;Arad;x;
3906;45;3;53;Lippa;x;
3907;87;6;181;Szatmar;x;
3908;129;9;54;Nagybanya;x;
3909;171;12;182;Szilagy;x;
3910;3;15;55;Kraszna;x;
3911;45;18;183;Tasnad;x;
3912;87;21;56;Nagykaroly;x;
3913;129;24;184;Nagyszolos;x;
3914;171;27;57;Tecso;x;
3915;3;30;185;Borsa;x;
3916;45;33;58;Batorkeszi;x;
3917;87;36;186;Huszt;x;
3918;129;39;59;Okormezo;x;
3919;171;42;187;Beszterce;x;
3920;3;45;60;Radna;x;
3921;45;48;188;Des;x;
3922;87;51;61;Szek;x;
3923;129;54;189;Laposbanya;x;
3924;171;57;62;Torda;x;
3925;3;60;190;Banffyhunyad;x;
3926;45;63;63;Koloszvar;x;
3927;87;66;191;Szaszregen;x;
3928;129;69;64;Aranyosbanya;x;
3929;171;72;192;Marosvasarhely;x;
3930;3;75;65;Csikszereda;x;
3931;45;78;193;Vajdahunyad;x;
3932;87;81;66;Harszoc;x;
3933;129;84;194;Deva;x;
3934;171;87;67;Somorja;x;
3935;3;90;195;Kukullovar;x;
3936;45;93;68;Abrudbanya;x;
3937;87;96;196;Nagyszeben;x;
3938;129;99;69;Alvinc;x;
3939;171;102;197;Szaszkezd;x;
3940;3;105;70;Fogaras;x;
3941;45;108;198;Torcsvar;x;
3942;87;111;71;Brasso;x;
3943;129;114;199;Balvanyos;x;
3944;171;117;72;Sepsiszentgyorgy;x;
3945;3;120;200;Kovaszna;x;
3946;45;123;73;Gyergyoszentmiklos;x;
3947;87;126;201;Elesd;x;
3948;23;60;90;Eger;x;
3949;129;129;74;BALKAN IMPASSABLE TERRAIN 6;x;		#TRANSYLVANIAN CARPATHIANS
3950;171;132;202;BALKAN IMPASSABLE TERRAIN 7;x;		#MOLDAVIAN CARPATHIANS
3951;3;135;75;EASTERN EUROPE IMPASSABLE TERRAIN 1;x;	#EASTERN BESKIDS
3952;45;138;203;EASTERN EUROPE IMPASSABLE TERRAIN 2;x;	#WESTERN BESKIDS
3953;129;144;204;Faizabad;x;
3954;171;147;77;Gonda;x;
3955;3;150;205;Bahraich;x;
3956;45;153;78;Lakhimpur;x;
3957;87;156;206;Barohiya;x;
3958;129;159;79;Gorakhpur;x;
3959;171;162;207;Ajaigarh;x;
3960;3;165;80;Chitrakuta;x;
3961;45;168;208;Rath;x;
3962;87;171;81;Khajuraho;x;
3963;129;174;209;Bhatta;x;
3964;171;177;82;Umri;x;
3965;3;180;210;Dhamoni;x;
3966;45;183;83;Nohta;x;
3967;87;186;211;Chandrehi;x;
3968;129;189;84;Sakarai;x;
3969;171;192;212;Khaluvana;x;
3970;3;195;85;Thar Desert 2;x;
3971;45;198;213;Karoonjar;x;
3972;87;201;86;Jalaun;x;
3973;129;204;214;Boksanbanya;x;
3974;171;207;87;Nagylak;x;
3975;3;210;215;Pankota;x;
3976;45;0;88;Beny;x;
3977;87;3;216;Szentgotthard;x;
3978;129;6;89;Torna;x;
3979;171;9;217;Szendro;x;
3980;3;12;90;Bhadrak;x;
3981;45;15;218;Baleshvara;x;
3982;87;18;91;Raibania;x;
3983;129;21;219;Asanapat;x;
3984;171;24;92;Bahalda;x;
3985;3;27;220;Ghatagaon;x;
3986;45;30;93;Malayagiri;x;
3987;87;33;221;Bajrakot;x;
3988;129;36;94;Deogarh;x;
3989;171;39;222;Nilamadhav;x;
3990;3;42;95;Nayagarh;x;
3991;45;45;223;Shivapura;x;
3992;87;48;96;Camparanya;x;
3993;129;51;224;Rajiva_Lochana;x;
3994;171;54;97;Yajatinagara;x;
3995;3;57;225;Vinitapura;x;
3996;45;60;98;Ranipur;x;
3997;87;63;226;Rajgangpur;x;
3998;129;66;99;Bikramkhol;x;
3999;171;69;227;Umerkote;x;
#END OF CRACKTOOTHGRIN'S RANGE;;;;;;
#RESERVED FOR ELVAIN;;;;;;
4000;4;72;0;Gilan;x;
4001;46;75;128;Daylam;x;
4002;88;78;1;Khalkhal;x;
4003;130;81;129;Kursara;x;
4004;172;84;2;Lahij;x;
4005;4;87;130;Ruyan;x;
4006;46;90;3;Alamut;x;
4007;88;93;131;Sarakhs;x;
4008;130;96;4;Dandanqan;x;
4009;172;99;132;Shiraz-Sarakhsi;x;
4010;4;102;5;Mazduran;x;
4011;46;105;133;Maihana;x;
4012;88;108;6;Tus;x;
4013;130;111;134;Nuqaq;x;
4014;172;114;7;Farhadjird;x;
4015;4;117;135;Zawa;x;
4016;46;120;8;Shamat;x;
4017;88;123;136;Nishapur;x;
4018;130;126;9;Rivand;x;
4019;172;129;137;Keshmar;x;
4020;4;132;10;Sabzavar;x;
4021;46;135;138;Mazinan;x;
4022;88;138;11;Jajarm;x;
4023;130;141;139;Isfarain;x;
4024;172;144;12;Biyar;x;
4025;4;147;140;Bistum;x;
4026;46;150;13;Damghan;x;
4027;88;153;141;Gerdkuh;x;
4028;130;156;14;Astarabad;x;
4029;172;159;142;Gurgan;x;
4030;4;162;15;Bakrabad;x;
4031;46;165;143;Abaskun;x;
4032;88;168;16;Kerend;x;
4033;130;171;144;Dihistan;x;
4034;172;174;17;Khodzhakala;x;
4035;4;177;145;Oboy;x;
4036;46;180;18;Farava;x;
4037;88;183;146;Hesare Taq;x;
4038;130;186;19;Jarmaqan;x;
4039;172;189;147;Samaiqan;x;
4040;4;192;20;Dawin;x;
4041;46;195;148;Shahrastan;x;
4042;88;198;21;Nasa;x;
4043;130;201;149;Khabushan;x;
4044;172;204;22;Abivard;x;
4045;4;207;150;Simnan;x;
4046;46;210;23;Khuwar;x;
4047;88;0;151;Qashan;x;
4048;130;3;24;Natanz;x;
4049;172;6;152;Ardistan;x;
4050;4;9;25;Uzwara;x;
4051;46;12;153;Nain;x;
4052;88;15;26;Uqda;x;
4053;130;18;154;Yazd;x;
4054;172;21;27;Maibud;x;
4055;4;24;155;Fahraj;x;
4056;46;27;28;Khazana;x;
4057;88;30;156;Jarmaq;x;
4058;130;33;29;Wandah;x;
4059;172;36;157;KUNLUNSHAN;x;
4060;4;39;30;Mihrijan;x;
4061;46;42;158;Biyadaq;x;
4062;88;45;31;Qain;x;
4063;130;48;159;Birjand;x;
4064;172;51;32;Khusf;x;
4065;4;54;160;Barandud;x;
4066;46;57;33;Junabid;x;
4067;88;60;161;Bejestan;x;
4068;130;63;34;Tun;x;
4069;172;66;162;Tabas;x;
4070;4;69;35;Khur;x;
4071;46;72;163;Raqe;x;
4072;88;75;36;Naband;x;
4073;130;78;164;Behabad;x;
4074;172;81;37;Kuhbayan;x;
4075;4;84;165;Rawar;x;
4076;46;87;38;Khabis;x;
4077;88;90;166;Zarand;x;
4078;130;93;39;Kirman;x;
4079;172;96;167;Anar;x;
4080;4;99;40;Rudhan;x;
4081;46;102;168;Mashiz;x;
4082;88;105;41;Kashid;x;
4083;130;108;169;Bamm;x;
4084;172;111;42;Dardjiin;x;
4085;4;114;170;Nurmashiir;x;
4086;46;117;43;Dafaarid;x;
4087;88;120;171;Bimand;x;
4088;130;123;44;Sirjan;x;
4089;172;126;172;Jiruft;x;
4090;4;129;45;Maghun;x;
4091;46;132;173;Ruyan Jirufti;x;
4092;88;135;46;Baaft;x;
4093;130;138;174;Lar;x;
4094;172;141;47;Kariyan;x;
4095;4;144;175;Jahrum;x;
4096;46;147;48;Shahr-e-Babak;x;
4097;88;150;176;Muralzijan;x;
4098;130;153;49;Abarquh;x;
4099;172;156;177;Qaryat al-Asad;x;
4100;4;159;50;Jarquh;x;
4101;46;162;178;Sarwistan;x;
4102;88;165;51;Wardana;x;
4103;130;168;179;Qumisha;x;
4104;172;171;52;Firuzan;x;
4105;4;174;180;Julfa;x;
4106;46;177;53;Isfahan;x;
4107;88;180;181;Gulpaygan;x;
4108;130;183;54;Wazwan;x;
4109;172;186;182;Qom;x;
4110;4;189;55;Aba-Qomi;x;
4111;46;192;183;Sawa;x;
4112;88;195;56;Asbid-Dasht;x;
4113;130;198;184;Juy-e-Sard;x;
4114;172;201;57;Abta'a;x;
4115;4;204;185;Karaj Abu Dulaf;x;
4116;46;207;58;Nihawand;x;
4117;88;210;186;Iqlid;x;
4118;130;0;59;Istakhr;x;
4119;172;3;187;Mayin;x;
4120;4;6;60;Abraj;x;
4121;46;9;188;Abada;x;
4122;88;12;61;Lurijan;x;
4123;130;15;189;Aruj;x;
4124;172;18;62;Samshiborid;x;
4125;4;21;190;Praha;x;
4126;46;24;63;Vysehrad;x;
4127;88;27;191;Beroun;x;
4128;130;30;64;Melnik;x;
4129;172;33;192;Litomerice;x;
4130;4;36;65;Slany;x;
4131;46;39;193;Bilina;x;
4132;88;42;66;Kadan;x;
4133;130;45;194;Decin;x;
4134;172;48;67;Bezdez;x;
4135;4;51;195;Zitava;x;
4136;46;54;68;Boleslav;x;
4137;88;57;196;Dvur-Chvojno;x;
4138;130;60;69;Hradec(Kralove);x;
4139;172;63;197;Jaromer;x;
4140;4;66;70;Vraclav;x;
4141;46;69;198;Sedlec;x;
4142;88;72;71;Loket;x;
4143;130;75;199;Stribro;x;
4144;172;78;72;Tachov;x;
4145;4;81;200;Plzen;x;
4146;46;84;73;Primda;x;
4147;88;87;201;Zatec;x;
4148;130;90;74;Rakovnik;x;
4149;172;93;202;Prachen;x;
4150;4;96;75;Netolice;x;
4151;46;99;203;Pisek;x;
4152;88;102;76;Krumlov;x;
4153;130;105;204;Rozmberk;x;
4154;172;108;77;Doudleby;x;
4155;4;111;205;Telcz;x;
4156;46;114;78;Chynov;x;
4157;88;117;206;Bechyne;x;
4158;130;120;79;Milevsko;x;
4159;172;123;207;Spytihnev;x;
4160;4;126;80;Chrudim;x;
4161;46;129;208;Caslav;x;
4162;88;132;81;Jihlava;x;
4163;130;135;209;Zdar;x;
4164;172;138;82;Bitov;x;
4165;4;141;210;Olomouc;x;
4166;46;144;83;Znojmo;x;
4167;88;147;211;Ivancice;x;
4168;130;150;84;Brno;x;
4169;172;153;212;Breclav;x;
4170;4;156;85;Hodonin;x;
4171;46;159;213;Darabjerd;x;
4172;88;162;86;Fustujan;x;
4173;130;165;214;Nariz;x;
4174;172;168;87;Istakhbanat;x;
4175;4;171;215;Abade-Darabjerd;x;
4176;46;174;88;Sarwistan-Shirazi-Runiz;x;
4177;88;177;216;Shiraz-Farsi;x;
4178;130;180;89;Kubanjan;x;
4179;172;183;217;Kazarun;x;
4180;4;186;90;Sabur;x;
4181;46;189;218;Unicov;x;
4182;88;192;91;Prerov;x;
4183;130;195;219;Hradec-nad-Moravici;x;
4184;172;198;92;Opava;x;
4185;4;201;220;Hormuz;x;
4186;46;204;93;Shahru;x;
4187;88;207;221;Laft;x;
4188;130;210;94;Kaurastan;x;
4189;172;0;222;Beiram;x;
4190;4;3;95;Dun;x;
4191;46;6;223;Huzu;x;
4192;88;9;96;Dazuk;x;
4193;130;12;224;Naband;x;
4194;172;15;97;Siraf;x;
4195;4;18;225;Mandestan;x;
4196;46;21;98;Kariyan;x;
4197;88;24;226;Bushkanat;x;
4198;130;27;99;Gundijan;x;
4199;172;30;227;Firuzabad;x;
4200;4;33;0;Karzin;x;
4201;46;36;128;Azadawan;x;
4202;88;39;1;Shahrakht;x;
4203;130;42;129;Abiz;x;
4204;172;45;2;Asfuzar;x;
4205;4;48;130;Adraskan;x;
4206;46;51;3;Khin;x;
4207;88;54;131;Pushang;x;
4208;130;57;4;Tayabad;x;
4209;172;60;132;Khawaf;x;
4210;4;63;5;Buzjan;x;
4211;46;66;133;Zurabad;x;
4212;88;69;6;Kusuy;x;
4213;130;72;134;Bama'in;x;
4214;172;75;7;Jabal-al-Fidda;x;
4215;4;78;135;Herat;x;
4216;46;81;8;Karukh;x;
4217;88;84;136;Malin;x;
4218;130;87;9;Qarinayn;x;
4219;172;90;137;Barkdiz;x;
4220;4;93;10;Panjdih;x;
4221;46;96;138;Marv-ar-Rud;x;
4222;88;99;11;Baghshur;x;
4223;130;102;139;Dizah;x;
4224;172;105;12;Khasht;x;
4225;4;108;140;Firuzkuh;x;
4226;46;111;13;Ahanjaran;x;
4227;88;114;141;Ghur;x;
4228;130;117;14;Darmashan;x;
4229;172;120;142;Bashin;x;
4230;4;123;15;Shurmin;x;
4231;46;126;143;Dih-e-Khalaf;x;
4232;88;129;16;Ribat-e-Karyan;x;
4233;130;132;144;Till;x;
4234;172;135;17;Sinj;x;
4235;4;138;145;Jiranj;x;
4236;46;141;18;Kharad;x;
4237;88;144;146;Shawashkan;x;
4238;130;147;19;Merv;x;
4239;172;150;147;Kushmaihan;x;
4240;4;153;20;Amol-e-shatt;x;
4241;46;156;148;Shagal;x;
4242;88;159;21;Firabr;x;
4243;130;162;149;Barzam;x;
4244;172;165;22;Nevida;x;
4245;4;168;150;Sayat;x;
4246;46;171;23;Niyaz;x;
4247;88;174;151;Zamm;x;
4248;130;177;24;Akhsisak;x;
4249;172;180;152;Andkhud;x;
4250;4;183;25;Faryab;x;
4251;46;186;153;Yahudan;x;
4252;88;189;26;Taleqan;x;
4253;130;192;154;Gurzivan;x;
4254;172;195;27;Anbar-Guzgani;x;
4255;4;198;155;KUNLUNSHAN;x;
4256;46;201;28;Tustar;x;
4257;88;204;156;Gondishapur;x;
4258;130;207;29;Bazoh;x;
4259;172;210;157;Dizful;x;
4260;4;0;30;Andamish;x;
4261;46;3;158;Saburkhawasht;x;
4262;88;6;31;Alishtar;x;
4263;130;9;159;Manujan;x;
4264;172;12;32;Darhafan;x;
4265;4;15;160;Jask;x;
4266;46;18;33;Houn;x;
4267;88;21;161;South Jaz Murian;x;
4268;130;24;34;Bint;x;
4269;172;27;162;Ruhna;x;
4270;4;30;35;Tiz;x;
4271;46;33;163;Bih;x;
4272;88;36;36;Bampur;x;
4273;130;39;164;Fahraj;x;
4274;172;42;37;Riqan;x;
4275;4;45;165;North Jaz Murian;x;
4276;46;48;38;Kurk;x;
4277;88;51;166;Sanij;x;
4278;130;54;39;Qantarat Kirman;x;
4279;172;57;167;Ladhir;x;
4280;4;60;40;Khwash;x;
4281;46;63;168;KUNLUNSHAN;x;
4282;88;66;41;KUNLUNSHAN;x;
4283;130;69;169;Nih;x;
4284;172;72;42;Rasak;x;
4285;4;75;170;Kiz;x;
4286;46;78;43;Jiwani;x;
4287;88;81;171;Dizak Makrani;x;
4288;130;84;44;Ram Shahristan;x;
4289;172;87;172;Zaranj;x;
4290;4;90;45;Qarnin;x;
4291;46;93;173;Khawaj;x;
4292;88;96;46;Karkuya;x;
4293;130;99;174;Juwain;x;
4294;172;102;47;Uq;x;
4295;4;105;175;Bandan;x;
4296;46;108;48;Doroh;x;
4297;88;111;176;Khoshk-Rud;x;
4298;130;114;49;Masau;x;
4299;172;117;177;Farah;x;
4300;4;120;50;Zirjan;x;
4301;46;123;178;Jannaba;x;
4302;88;126;51;Siniz;x;
4303;130;129;179;Tawwaj;x;
4304;172;132;52;Khubadan;x;
4305;4;135;180;Arrajan;x;
4306;46;138;53;Dariyan;x;
4307;88;141;181;Asak;x;
4308;130;144;54;Ramhurmuz;x;
4309;172;147;182;Idhaj;x;
4310;4;150;55;Tamisha;x;
4311;46;153;183;Sariya;x;
4312;88;156;56;Amul;x;
4313;130;159;184;Natil;x;
4314;172;162;57;Shalush;x;
4315;4;165;185;Larijan;x;
4316;46;168;58;Firrim;x;
4317;88;171;186;Uram;x;
4318;130;174;59;Dumbawand;x;
4319;172;177;187;Rayy;x;
4320;4;180;60;Waramin;x;
4321;46;183;188;Mashkuya;x;
4322;88;186;61;Qasran;x;
4323;130;189;189;Qazvin;x;
4324;172;192;62;Abhar;x;
4325;4;195;190;Zanjan;x;
4326;46;198;63;Afshar;x;
4327;88;201;191;Suhravard;x;
4328;130;204;64;Aba;x;
4329;172;207;192;Mazdaqan;x;
4330;4;210;65;Sharuq;x;
4331;46;0;193;Rudhrawar;x;
4332;88;3;66;Dinawar;x;
4333;130;6;194;Hamadan;x;
4334;172;9;67;Rib?-i-l-K?;x;
4335;4;12;195;Balkh;x;
4336;46;15;68;Shapurqan;x;
4337;88;18;196;Navida;x;
4338;130;21;69;Siyahjird;x;
4339;172;24;197;Saan;x;
4340;4;27;70;Ruy;x;
4341;46;30;198;Samanjan;x;
4342;88;33;71;Sakalkand;x;
4343;130;36;199;Bamiyan;x;
4344;172;39;72;Parwan;x;
4345;4;42;200;Panjhir;x;
4346;46;45;73;Jarbaya;x;
4347;88;48;201;Andarab;x;
4348;130;51;74;Baghlan;x;
4349;172;54;202;Valvalij;x;
4350;4;57;75;Talekan;x;
4351;46;60;203;Khulm;x;
4352;88;63;76;Mila;x;
4353;130;66;204;Rustaq;x;
4354;172;69;77;Kishm;x;
4355;4;72;205;Badakhshan;x;
4356;46;75;78;Jerm;x;
4357;88;78;206;Munjan;x;
4358;130;81;79;Sanglich;x;
4359;172;84;207;Zaybak;x;
4360;4;87;80;Ishkamish;x;
4361;46;90;208;Dar-i-Tubbat;x;
4362;88;93;81;Wakhan;x;
4363;130;96;209;Shughnan;x;
4364;172;99;82;Alichur;x;
4365;4;102;210;Murghab;x;
4366;46;105;83;Upper Karran;x;
4367;88;108;211;Lower Karran;x;
4368;130;111;84;Termez;x;
4369;172;114;212;Chaghaniyan;x;
4370;4;117;85;Rigar;x;
4371;46;120;213;Darzanji;x;
4372;88;123;86;Basand;x;
4373;130;126;214;Charmanjan;x;
4374;172;129;87;Awzaj;x;
4375;4;132;215;Qobadiyan;x;
4376;46;135;88;Halavand;x;
4377;88;138;216;Livkand;x;
4378;130;141;89;Pargar;x;
4379;172;144;217;Hulbuk;x;
4380;4;147;90;Munk;x;
4381;46;150;218;Shuman;x;
4382;88;153;91;Vashjird;x;
4383;130;156;219;Rasht;x;
4384;172;159;92;Kalif;x;
4385;4;162;220;Kandak;x;
4386;46;165;93;Subakh;x;
4387;88;168;221;Al-Musala;x;
4388;130;171;94;Kishsh;x;
4389;172;174;222;NAWQAD QUREISH;x;
4390;4;177;95;NAKHSHAB;x;
4391;46;180;223;RIBAT MALIK;x;
4392;88;183;96;BEZDA;x;
4393;130;186;224;PAYKEND;x;
4394;172;189;97;BUKHARA;x;
4395;4;192;225;VARAKHSHA;x;
4396;46;195;98;RAMITAN;x;
4397;88;198;226;GHUJDUVAN;x;
4398;130;201;99;TAVAVIS;x;
4399;172;204;227;KUSHANIYA;x;
4400;4;207;0;NOOR BUKHARA;x;
4401;46;210;128;KERMINIYA;x;
4402;88;0;1;DABUSIYA;x;
4403;130;3;129;ARBINJAN;x;
4404;172;6;2;SAMARQAND;x;
4405;4;9;130;ISHTIKHAN;x;
4406;46;12;3;QATWAN;x;
4407;88;15;131;WADHAR;x;
4408;130;18;4;BARKAT;x;
4409;172;21;132;PANJIKAND;x;
4410;4;24;5;VARAGHSHAR;x;
4411;46;27;133;BOTTAMAN;x;
4412;88;30;6;DIZAK;x;
4413;130;33;134;ZAMIN;x;
4414;172;36;7;BUNJIKET;x;
4415;4;39;135;CHELEKEN;x;
4416;46;42;8;KURKATH;x;
4417;88;45;136;KHAWAS;x;
4418;130;48;9;KHOJAND;x;
4419;172;51;137;KEND-I-BADAM;x;
4420;4;54;10;ASHT;x;
4421;46;57;138;WANKATH;x;
4422;88;60;11;VARUKH;x;
4423;130;63;139;ISFARA;x;
4424;172;66;12;SUKH;x;
4425;4;69;140;HOSHYAR;x;
4426;46;72;13;AVAL;x;
4427;88;75;141;QUBA;x;
4428;130;78;14;KHOKAND;x;
4429;172;81;142;ANDIJAN;x;
4430;4;84;15;OSH;x;
4431;46;87;143;NAQAD;x;
4432;88;90;16;UZGEND;x;
4433;130;93;144;MIYAN-RUDAN;x;
4434;172;96;17;KHAYLAM;x;
4435;4;99;145;NAJM;x;
4436;46;102;18;ARDALANKATH;x;
4437;88;105;146;KASAN;x;
4438;130;108;19;AKHSIKATH;x;
4439;172;111;147;MARGHINAN;x;
4440;4;114;20;TAHIRIYA;x;
4441;46;117;148;DARGHAN;x;
4442;88;120;21;JIGIRBEND;x;
4443;130;123;149;SADVAR;x;
4444;172;126;22;NUKFAGH;x;
4445;4;129;150;ARDAKHIVAH;x;
4446;46;132;23;WAYIKHAN;x;
4447;88;135;151;GHARDAMAN;x;
4448;130;138;24;KATH;x;
4449;172;141;152;RAKHUSHMITHAN;x;
4450;4;144;25;HAZARASP;x;
4451;46;147;153;KARDURAN-KHAS;x;
4452;88;150;26;KHIVA;x;
4453;130;153;154;RUZVAND;x;
4454;172;156;27;NAZVAR;x;
4455;4;159;155;ZAMAKHSHAR;x;
4456;46;162;28;GURGANJ;x;
4457;88;165;156;JITH;x;
4458;130;168;29;MADMINIYA;x;
4459;172;171;157;BARATIGIN;x;
4460;4;174;30;KURDAR;x;
4461;46;177;158;MIZDAHQAN;x;
4462;88;180;31;NORTH KURDAR;x;
4463;130;183;159;KISH-RUDBAR;x;
4464;172;186;32;MOFD AFDZALKHAN;x;
4465;4;189;160;RUDBAR;x;
4466;46;192;33;KHANNESIN;x;
4467;88;195;161;LANDAY;x;
4468;130;198;34;SAINDAK;x;
4469;172;201;162;CHAGAI;x;
4470;4;204;35;JALK;x;
4471;46;207;163;BANNAJBUR;x;
4472;88;210;36;MASHKI;x;
4473;130;0;164;RODKHAN;x;
4474;172;3;37;KOKAHDAN;x;
4475;4;6;165;QANBALI;x;
4476;46;9;38;ARMABIL;x;
4477;88;12;166;KHAWR;x;
4478;130;15;39;WAD;x;
4479;172;18;167;QUSDAR;x;
4480;4;21;40;BUDIN;x;
4481;46;24;168;GAJOR;x;
4482;88;27;41;DELARAM;x;
4483;130;30;169;GALIKAN;x;
4484;172;33;42;BOST;x;
4485;4;36;170;AL-MUASKAR;x;
4486;46;39;43;RIBAT-I-KISH;x;
4487;88;42;171;QANDABIL;x;
4488;130;45;44;QIQAN;x;
4489;172;48;172;ZAMINDAWAR;x;
4490;4;51;45;SARWAN;x;
4491;46;54;173;BISHANG;x;
4492;88;57;46;DURGAS;x;
4493;130;60;174;BAGNIN;x;
4494;172;63;47;RUDAN;x;
4495;4;66;175;PANJWAY;x;
4496;46;69;48;BAKRAWATH;x;
4497;88;72;176;PUL;x;
4498;130;75;49;QANDAHAR;x;
4499;172;78;177;RUKHAJ;x;
4500;4;81;50;GHAZNA;x;
4501;46;84;178;GARDIZ;x;
4502;88;87;51;ISTAKH;x;
4503;130;90;179;SUKAWAND;x;
4504;172;93;52;KABUL;x;
4505;4;96;180;SHARAN;x;
4506;46;99;53;MOQOR;x;
4507;88;102;181;JALDAK;x;
4508;130;105;54;LAMGHAN;x;
4509;172;108;182;MAPAN;x;
4510;4;111;55;ASFANJAY;x;
4511;46;114;183;MASTANG;x;
4512;88;117;56;SHAL;x;
4513;130;120;184;SIBI;x;
4514;172;123;57;KUNAR;x;
4515;4;126;185;CHITRAL;x;
4516;46;129;58;NAGARAHARA;x;
4517;88;132;186;LORALAI;x;
4518;130;135;59;KOHLU;x;
4519;172;138;187;MEKHTAR;x;
4520;4;141;60;ZHOB;x;
4521;46;144;188;Urgun;x;
4522;88;147;61;Shakin;x;
4523;130;150;189;Khost;x;
4524;172;153;62;SARYKAMYSH;x;
4525;4;156;190;ORTAKUYU;x;
4526;46;159;63;KUGUNEK;x;
4527;88;162;191;BALA ISKEM;x;
4528;130;165;64;KURTYSH;x;
4529;172;168;192;IGDY;x;
4530;4;171;65;BURGUN;x;
4531;46;174;193;DEKCHA;x;
4532;88;177;66;YASHKAN;x;
4533;130;180;194;NEBIT DAG;x;
4534;172;183;67;TALISH;x;
4535;4;186;195;APARSHAHR;x;
4536;46;189;68;MARAND;x;
4537;88;192;196;TABRIZ;x;
4538;130;195;69;DIHNAKHIRJAN;x;
4539;172;198;197;UJAN;x;
4540;4;201;70;AHAR;x;
4541;46;204;198;DIZMAR;x;
4542;88;207;71;UNAR;x;
4543;130;210;199;ARDABIL;x;
4544;172;0;72;SARAT;x;
4545;4;3;200;MARAGHA;x;
4546;46;6;73;LEYLAN;x;
4547;88;9;201;KHUNAJ;x;
4548;130;12;74;AR-RAN;x;
4549;172;15;202;SHIZ;x;
#END OF PERSIA START OF AFRICA;;;;;;
4550;4;18;75;AL-AGHAILA;x;
4551;46;21;203;AJADABIYA;x;
4552;88;24;76;SURT;x;
4553;130;27;204;TAJRIFT;x;
4554;172;30;77;TAWURGHA;x;
4555;4;33;205;MISURATA;x;
4556;46;36;78;LABDA;x;
4557;88;39;206;TRIPOLIS;x;
4558;130;42;79;TIRI;x;
4559;172;45;207;DJADO;x;
4560;4;48;80;NALUT;x;
4561;46;51;208;ZUWARA;x;
4562;88;54;81;JERBA;x;
4563;130;57;209;WADDAN;x;
4564;172;60;82;TININAI;x;
4565;4;63;210;JARJIS;x;
4566;46;66;83;BUGHRARA;x;
4567;88;69;211;FURSATA;x;
4568;130;72;84;SABRATHA;x;
4569;172;75;212;TAMAZDA;x;
4570;4;78;85;GHADAMES;x;
4571;46;81;213;DARADJ;x;
4572;88;84;86;BIR AMIR;x;
4573;130;87;214;QABIS;x;
4574;172;90;87;AL-HAMMA;x;
4575;4;93;215;SFAX;x;
4576;46;96;88;EL-JEM;x;
4577;88;99;216;SLAKTA;x;
4578;130;102;89;MAHDIYA;x;
4579;172;105;217;MONASTIR;x;
4580;4;108;90;SUSA;x;
4581;46;111;218;ZAGHWAN;x;
4582;88;114;91;TUNIS;x;
4583;130;117;219;QARTAJANA;x;
4584;172;120;92;NABEUL;x;
4585;4;123;220;BANZART;x;
4586;46;126;93;TABARQA;x;
4587;88;129;221;MANSA'L-KHARAZ;x;
4588;130;132;94;ANNABA;x;
4589;172;135;222;BAJA;x;
4590;4;138;95;SIQQABANARIYA;x;
4591;46;141;223;AL-ARIBUS;x;
4592;88;144;96;JALULA;x;
4593;130;147;224;SABIBA;x;
4594;172;150;97;KAIROUAN;x;
4595;4;153;225;RAQQADA;x;
4596;46;156;98;MANSURIYA;x;
4597;88;159;226;AL-ABBASIYA;x;
4598;130;162;99;AL-QASRAYN;x;
4599;172;165;227;QAFSA;x;
4600;4;168;0;TAQYUS;x;
4601;46;171;128;TOZEUR;x;
4602;88;174;1;HAMMA;x;
4603;130;177;129;NAFTA;x;
4604;172;180;2;SOUF;x;
4605;4;183;130;DOUZ;x;
4606;46;186;3;MADAS;x;
4607;88;189;131;MADILA;x;
4608;130;192;4;AJLU;x;
4609;172;195;132;ARIGH;x;
4610;4;198;5;TUGGURT;x;
4611;46;201;133;TAGHYART;x;
4612;88;204;6;TABALBALA;x;
4613;130;207;134;SADRATA;x;
4614;172;210;7;KARIMA;x;
4615;4;0;135;WARGLA;x;
4616;46;3;8;GHARDAIA;x;
4617;88;6;136;AL-QULAYA;x;
4618;130;9;9;TILGHEMT;x;
4619;172;12;137;AL-AGHWAT;x;
4620;4;15;10;QASR AL-IFRIQI;x;
4621;46;18;138;BISKRA;x;
4622;88;21;11;BADIS;x;
4623;130;24;139;TABASSA;x;
4624;172;27;12;TALA;x;
4625;4;30;140;MAYDARA;x;
4626;46;33;13;MASKIYANA;x;
4627;88;36;141;BAGHAYA;x;
4628;130;39;14;TIFASH;x;
4629;172;42;142;TUBURSHIQ;x;
4630;4;45;15;QALAMA;x;
4631;46;48;143;CONSTANTINE;x;
4632;88;51;16;TIJIS;x;
4633;130;54;144;SIDI UQBA;x;
4634;172;57;17;BILIZMA;x;
4635;4;60;145;MILA;x;
4636;46;63;18;JIJEL;x;
4637;88;66;146;BEJAYA;x;
4638;130;69;19;IKJAN;x;
4639;172;72;147;SATIF;x;
4640;4;75;20;QALA'A B_HAMMAD;x;
4641;46;78;148;AL-MASILA;x;
4642;88;81;21;MAGRA;x;
4643;130;84;149;NGAOUS;x;
4644;172;87;22;TUBNA;x;
4645;4;90;150;BOU SAADA;x;
4646;46;93;23;ASHIR-BANYA;x;
4647;88;96;151;ASHIR-YASHIR;x;
4648;130;99;24;MEDEA;x;
4649;172;102;152;TADALLIS;x;
4650;4;105;25;ALGIERS;x;
4651;46;108;153;MATTIJA;x;
4652;88;111;26;SHARSHAL;x;
4653;130;114;154;TANAS;x;
4654;172;117;27;MILIYANA;x;
4655;4;120;155;YALALA;x;
4656;46;123;28;QALA'A B_HUWARA;x;
4657;88;126;156;AL-GABAL;x;
4658;130;129;29;AL-'UBBAD;x;
4659;172;132;157;TAHART;x;
4660;4;135;30;QALA'A IBN SALAMA;x;
4661;46;138;158;ASKEDAL;x;
4662;88;141;31;HISN LAWATA;x;
4663;130;144;159;MUASKAR;x;
4664;172;147;32;MARSA FARUKH;x;
4665;4;150;160;ARZEW;x;
4666;46;153;33;ORAN;x;
4667;88;156;161;QASR IBN SINAN;x;
4668;130;159;34;ARSGUL;x;
4669;172;162;162;HUNAYN;x;
4670;4;165;35;NADRUMA;x;
4671;46;168;163;AIN TEKBALET;x;
4672;88;171;36;TLEMCEN;x;
4673;130;174;164;TAFRAOUA-SEBDOU;x;
4674;172;177;37;WAJDA;x;
4675;4;180;165;SAA;x;
4676;46;183;38;DEBDOU;x;
4677;88;186;166;TAZA;x;
4678;130;189;39;MELILLA;x;
4679;172;192;167;NAKUR;x;
4680;4;195;40;GHUMIRA;x;
4681;46;198;168;TITTAWAN;x;
4682;88;201;41;SABTA;x;
4683;130;204;169;TANGER;x;
4684;172;207;42;ASILA;x;
4685;4;210;170;KASR AL-KABIR;x;
4686;46;0;43;TAHLIT;x;
4687;88;3;171;AL-BASRA;x;
4688;130;6;44;WARGHA;x;
4689;172;9;172;IZERHAN;x;
4690;4;12;45;WATIT;x;
4691;46;15;173;WALILA;x;
4692;88;18;46;WARZIGH;x;
4693;130;21;174;BAHT;x;
4694;172;24;47;FES;x;
4695;4;27;175;AL-ALIYA;x;
4696;46;30;48;SUBU;x;
4697;88;33;176;SEFROU;x;
4698;130;36;49;TAGRAGRA;x;
4699;172;39;177;MEKNES;x;
4700;4;42;50;SALA;x;
4701;46;45;178;RIBAT-AL-FATH;x;
4702;88;48;51;FADALA;x;
4703;130;51;179;ANFA;x;
4704;172;54;52;AZZAMUR;x;
4705;4;57;180;MAZAGHAN;x;
4706;46;60;53;MRIRA;x;
4707;88;63;181;WAZEQQUR;x;
4708;130;66;54;WAWMANA;x;
4709;172;69;182;TADLA;x;
4710;4;72;55;DAI;x;
4711;46;75;183;AFZA;x;
4712;88;78;56;AIT ITAB;x;
4713;130;81;184;AIT IYAT;x;
4714;172;84;57;AGHMAT;x;
4715;4;87;185;TASGIMUT;x;
4716;46;90;58;TINMALLAL;x;
4717;88;93;186;NAFFIS;x;
4718;130;96;59;MARRAKESH;x;
4719;172;99;187;RIBAT SHAKIR;x;
4720;4;102;60;ASFI;x;
4721;46;105;188;AGHUZ;x;
4722;88;108;61;IGIR AD YATUF;x;
4723;130;111;189;AGADIR;x;
4724;172;114;62;TARUDANT;x;
4725;4;117;190;IGILLIZ;x;
4726;46;120;63;MASSA;x;
4727;88;123;191;IFNI;x;
4728;130;126;64;NUL LAMTA;x;
4729;172;129;192;TAGHMUT;x;
4730;4;132;65;ASSA;x;
4731;46;135;193;BOULAWAN;x;
4732;88;138;66;SIRWAN;x;
4733;130;141;194;TASAGDAH;x;
4734;172;144;67;WARZAZAT;x;
4735;4;147;195;TAZAGOURT;x;
4736;46;150;68;TUDGHA;x;
4737;88;153;196;SIJILMASA;x;
4738;130;156;69;TAFILALT;x;
4739;172;159;197;ZIZ;x;
4740;4;162;70;AL-TALHA;x;
4741;46;165;198;AQQA;x;
4742;88;168;71;GHAZWAN;x;
4743;130;171;199;TIKOUTAMINE;x;
4744;172;174;72;EL-KSABI;x;
4745;4;177;200;MISSOUR;x;
4746;46;180;73;EL-BOROUJ;x;
4747;88;183;201;TIT-AN-WAGURRAMT;x;
4748;130;186;74;NADOR;x;
4749;172;189;202;FIGUIG;x;
4750;4;192;75;AIN SEFRA;x;
4751;46;195;203;MECHERIA;x;
4752;88;198;76;IZAN;x;
4753;130;201;204;SILYANA;x;
4754;172;204;77;WAGHLANAT;x;
4755;4;207;205;TAGMADART;x;
4756;46;210;78;TIDRI;x;
4757;88;0;206;TAGAWST;x;
4758;130;3;79;ILIGH;x;
4759;172;6;207;TAOUZ;x;
4760;4;9;80;TAGHAZA;x;
4761;46;12;208;TAOUDENI;x;
4762;88;15;81;SERSOU;x;
4763;130;18;209;ANDARAB;x;
4764;172;21;82;SAD KHANIYA;x;
4765;4;24;210;SANDA;x;
4766;46;27;83;BARZA;x;
4767;88;30;211;BAILAQAN;x;
4768;130;33;84;DARBAND QARABULI;x;
4769;172;36;212;BASAWA;x;
4770;4;39;85;USHNUYA;x;
4771;46;42;213;URMIYA;x;
4772;88;45;86;SALMAS;x;
4773;130;48;214;KHUFTIYAN;x;
4774;172;51;87;TALL HAFTUN;x;
4775;4;54;215;SHAQLABADH;x;
4776;46;57;88;BAMARDANI;x;
4777;88;60;216;IRBIL;x;
4778;130;63;89;KHUFTIDKAN;x;
4779;172;66;217;TIRANSHAH;x;
4780;4;69;90;SHAHRAZUR;x;
4781;46;72;218;KERMANSHAH;x;
4782;88;75;91;KEREND-KERMANSHAH;x;
4783;130;78;219;TAZAR;x;
4784;172;81;92;BISUTUN;x;
4785;4;84;220;ARIVAJAN;x;
4786;46;87;93;AS-SAIMARA;x;
4787;88;90;221;SIRAVAN;x;
4788;130;93;94;BADARAYA;x;
4789;172;96;222;BAKUSAYA;x;
4790;4;99;95;TARSUKH;x;
4791;46;102;223;BANDANIJAN;x;
4792;88;105;96;JALULA-HULWAN;x;
4793;130;108;224;DASKARA;x;
4794;172;111;97;BA'QUBA;x;
4795;4;114;225;UKBARA;x;
4796;46;117;98;AN-NAHRAWAN;x;
4797;88;120;226;ISKAF;x;
4798;130;123;99;JABBUL;x;
4799;172;126;227;KHANIJAR;x;
4800;4;129;0;HULWAN;x;
4801;46;132;128;RAUSHANQUBAD;x;
4802;88;135;1;DAQUQA;x;
4803;130;138;129;KIRKUK;x;
4804;172;141;2;BALAD;x;
4805;4;144;130;SAMARRA;x;
4806;46;147;3;JABALTA;x;
4807;88;150;131;BARIMMA;x;
4808;130;153;4;AL-HADITHA;x;
4809;172;156;132;AS-SINN;x;
4810;4;159;5;BARTULLA;x;
4811;46;162;133;NINAWA;x;
4812;88;165;6;FISHABUR;x;
4813;130;168;134;BAQIRDA;x;
4814;172;171;7;TAMANIN;x;
4815;4;174;135;HAKKARI;x;
4816;46;177;8;SA'IRD;x;
4817;88;180;136;JUZA;x;
4818;130;183;9;AS-SUS;x;
4819;172;186;137;KARKHA;x;
4820;4;189;10;AT-TIB;x;
4821;46;192;138;WASIT;x;
4822;88;195;11;KASKAR;x;
4823;130;198;139;AN-NU'MANIYA;x;
4824;172;201;12;HUMANIYA;x;
4825;4;204;140;AL-FARASA;x;
4826;46;207;13;AL-HILA;x;
4827;88;210;141;SARSAR;x;
4828;130;0;14;BAGHDAD;x;
4829;172;3;142;AL-ANBAR;x;
4830;4;6;15;KARBALA;x;
4831;46;9;143;AR-RABB;x;
4832;88;12;16;AIWANA;x;
4833;130;15;144;HIT;x;
4834;172;18;17;HISN AL-MASHUQ;x;
4835;4;21;145;TAKRIT;x;
4836;46;24;18;AIN AL-QAYYARA;x;
4837;88;27;146;AL-HADR;x;
4838;130;30;19;JUHAINA;x;
4839;172;33;147;TALL_AFAR;x;
4840;4;36;20;MOSUL;x;
4841;46;39;148;BALAD-MOSUL;x;
4842;88;42;21;BARQAID;x;
4843;130;45;149;BASHAZZA;x;
4844;172;48;22;GAZIRAT_IBN_UMAR;x;
4845;4;51;150;NASIBIN;x;
4846;46;54;23;DARA;x;
4847;88;57;151;HISN_KAIFA;x;
4848;130;60;24;SINJAR;x;
4849;172;63;152;AL-HAYYAL;x;
4850;4;66;25;AL-JIBAL;x;
4851;46;69;153;TUNAMIR;x;
4852;88;72;26;MIJDAL;x;
4853;130;75;154;RAS_AL-AIN;x;
4854;172;78;27;MARDIN;x;
4855;4;81;155;TALL_BASMA;x;
4856;46;84;28;KAFARTUTHA;x;
4857;88;87;156;TALL_FAFAN;x;
4858;130;90;29;ARZAN;x;
4859;172;93;157;MAYYAFARIQIN;x;
4860;4;96;30;NASRIYE;x;
4861;46;99;158;HANI;x;
4862;88;102;31;HISN DI-L-QARNAIN;x;
4863;130;105;159;SHIMSHAT;x;
4864;172;108;32;QULB;x;
4865;4;111;160;ERKNE;x;
4866;46;114;33;ZERMION;x;
4867;88;117;161;AMID;x;
4868;130;120;34;AS-SUWAIDA;x;
4869;172;123;162;EDESSA;x;
4870;4;126;35;HARRAN;x;
4871;46;129;163;TALL_MAUZAN;x;
4872;88;132;36;AL-BIRA;x;
4873;130;135;164;TALL_AMMAR;x;
4874;172;138;37;SARUJ;x;
4875;4;141;165;DAUSAR;x;
4876;46;144;38;RAQQA;x;
4877;88;147;166;BAJARWAN;x;
4878;130;150;39;TALL_MAHRA;x;
4879;172;153;167;ARABAN;x;
4880;4;156;40;AL-KHANUQA;x;
4881;46;159;168;ASH-SHAMSANIYA;x;
4882;88;162;41;QARQISIYA;x;
4883;130;165;169;MAKISIN;x;
4884;172;168;42;SUKAYR AL-ABBAS;x;
4885;4;171;170;HADITHAT-ANA;x;
4886;46;174;43;AL-HADITHA-FURAT;x;
4887;88;177;171;ANA;x;
4888;130;180;44;AL-DALIYA;x;
4889;172;183;172;AL-RAHBA;x;
4890;4;186;45;QALAT_AR-RUM;x;
4891;46;189;173;KAISUM;x;
4892;88;192;46;BAHASNA;x;
4893;130;195;174;MARASH;x;
4894;172;198;47;SAMOSATA;x;
4895;4;201;175;AL-HARUNIYA;x;
4896;46;204;48;TALL HAMID;x;
4897;88;207;176;AYAS;x;
4898;130;210;49;HUNGARIAN-MORAVIAN MOUNTAINS;x;	#previously BAYYAS
4899;172;0;177;DULUK-TELUCH;x;
#END OF ELVAIN'S RANGE;;;;;;
#RESERVED FOR ARTHUR B;;;;;;
4900;4;3;50;Poznan;x;			#POL>WPL>Poznanska
4901;46;6;178;Miedzyrzecz;x;	#POL>WPL>Poznanska
4902;88;9;51;Czarnkow;x;		#POL>WPL>Poznanska
4903;130;12;179;Wronki;x;		#POL>WPL>Poznanska
4904;172;15;52;Wolsztyn;x;		#POL>WPL>Poznanska
4905;4;18;180;Gniezno;x;		#POL>WPL>Gnieznienska
4906;46;21;53;Sroda;x;			#POL>WPL>Gnieznienska
4907;88;24;181;Pyzdry;x;		#POL>WPL>Gnieznienska
4908;130;27;54;Konin;x;			#POL>WPL>Gnieznienska
4909;172;30;182;Kalisz;x;		#POL>WPL>Kaliska
4910;4;33;55;Kozmin;x;			#POL>WPL>Kaliska
4911;46;36;183;Turek;x;			#POL>WPL>Kaliska
4912;88;39;56;Wschowa;x;		#POL>WPL>Wschowska
4913;130;42;184;Koscian;x;		#POL>WPL>Wschowska
4914;172;45;57;Srem;x;			#POL>WPL>Wschowska
4915;4;48;185;Naklo;x;			#POL>WPL>Krajna
4916;46;51;58;Zlotow;x;			#POL>WPL>Krajna
4917;88;54;186;Znin;x;			#POL>WPL>Krajna
4918;130;57;59;Kruszwica;x;		#POL>KUJ>Kujawy
4919;172;60;187;Wloclawek;x;	#POL>KUJ>Kujawy
4920;4;63;60;Inowroclaw;x;		#POL>KUJ>Kujawy
4921;46;66;188;Bydgoszcz;x;		#POL>KUJ>Kujawy
4922;88;69;61;Dobrzyn;x;		#POL>KUJ>Dobrzynska
4923;130;72;189;Michalowo;x;	#POL>KUJ>Dobrzynska
4924;172;75;62;Leczyca;x;		#POL>KUJ>Leczycka
4925;4;78;190;Lodz;x;			#POL>KUJ>Leczycka
4926;46;81;63;Klodawa;x;		#POL>KUJ>Leczycka
4927;88;84;191;Piotrkow;x;		#POL>KUJ>Sieradzka
4928;130;87;64;Przedborz;x;		#POL>KUJ>Sieradzka
4929;172;90;192;Radomsko;x;		#POL>KUJ>Sieradzka
4930;4;93;65;Uniejow;x;			#POL>KUJ>Sieradzka
4931;46;96;193;Wielun;x;		#POL>KUJ>Wielunska
4932;88;99;66;Grabow;x;			#POL>KUJ>Wielunska
4933;130;102;194;Wyszogrod;x;	#POL>MAZ>Plocka
4934;172;105;67;Zawkrze;x;		#POL>MAZ>Plocka
4935;4;108;195;Ciechanow;x;		#POL>MAZ>Plocka
4936;46;111;68;Warszawa;x;		#POL>MAZ>Czerska
4937;88;114;196;Liw;x;			#POL>MAZ>Czerska
4938;130;117;69;Brodno;x;		#POL>MAZ>Czerska
4939;172;120;197;Garwolin;x;	#POL>MAZ>Czerska
4940;4;123;70;Gostynin;x;		#POL>MAZ>Gostyninska
4941;46;126;198;Rawa;x;			#POL>MAZ>Gostyninska
4942;88;129;71;Sochaczew;x;		#POL>MAZ>Gostyninska
4943;130;132;199;Lomza;x;		#POL>MAZ>Lomzynska
4944;172;135;72;Wizna;x;		#POL>MAZ>Lomzynska
4945;4;138;200;Kolno;x;			#POL>MAZ>Lomzynska
4946;46;141;73;Zakroczym;x;		#POL>MAZ>Zakroczymska
4947;88;144;201;Nur;x;			#POL>MAZ>Zakroczymska
4948;130;147;74;Wyszkow;x;		#POL>MAZ>Zakroczymska
4949;172;150;202;Rozan;x;		#POL>MAZ>Zakroczymska
4950;4;153;75;Lowicz;x;			#POL>MAZ>Gostyninska
4951;46;156;203;Stezyca;x;		#POL>MPL>Stezycka
4952;88;159;76;Lukow;x;			#POL>MPL>Stezycka
4953;130;162;204;Radom;x;		#POL>MPL>Radomska
4954;172;165;77;Opoczno;x;		#POL>MPL>Radomska
4955;4;168;205;Ilza;x;			#POL>MPL>Radomska
4956;46;171;78;Szydlowiec;x;	#POL>MPL>Radomska
4957;88;174;206;Lublin;x;		#POL>MPL>Lubelska
4958;130;177;79;Parczew;x;		#POL>MPL>Lubelska
4959;172;180;207;Goraj;x;		#POL>MPL>Lubelska
4960;4;183;80;Urzedow;x;		#POL>MPL>Lubelska
4961;46;186;208;Opatow;x;		#POL>MPL>Sandomierska
4962;88;189;81;Kielce;x;		#POL>MPL>Sandomierska
4963;130;192;209;Olesnica;x;	#POL>MPL>Sandomierska
4964;172;195;82;Checiny;x;		#POL>MPL>Sandomierska
4965;4;198;210;Tarnow;x;		#POL>MPL>Tarnowska
4966;46;201;83;Mielec;x;		#POL>MPL>Tarnowska
4967;88;204;211;Baranow;x;		#POL>MPL>Tarnowska
4968;130;207;84;Pilzno;x;		#POL>MPL>Sacz
4969;172;210;212;Nowy Targ;x;	#POL>MPL>Sacz
4970;4;0;85;Bochnia;x;			#POL>MPL>Sacz
4971;46;3;213;Wieliczka;x;		#POL>MPL>Sacz
4972;88;6;86;Dabrowa Gorn;x;	#POL>MPL>Krakowska
4973;130;9;214;Wislica;x;		#POL>MPL>Krakowska
4974;172;12;87;Jedrzejow;x;		#POL>MPL>Krakowska
4975;4;15;215;Orsova;x;			#WAL>OLT>Severin
4976;46;18;88;Mehadia;x;		#WAL>OLT>Severin
4977;88;21;216;Dumbraveni;x;	#WAL>ALP>Tabla Butii
4978;130;24;89;Targu Jiu;x;		#WAL>OLT>Targu Jiu
4979;172;27;217;Baia de Arama;x;	#WAL>OLT>Targu Jiu
4980;4;30;90;Zoresti;x;			#WAL>ALP>Tabla Butii
4981;46;33;218;Calafat;x;		#WAL>OLT>Calafat
4982;88;36;91;Cujmir;x;			#WAL>OLT>Calafat
4983;130;39;219;Strehaia;x;		#WAL>OLT>Calafat
4984;172;42;92;Segarcea;x;		#WAL>OLT>Calafat
4985;4;45;220;Craiova;x;		#WAL>OLT>Craiova
4986;46;48;93;Corabia;x;		#WAL>OLT>Craiova
4987;88;51;221;Dragasani;x;		#WAL>OLT>Craiova
4988;130;54;94;Rusii de Vede;x;	#WAL>MUN>Giurgiu
4989;172;57;222;Tabla Butii;x;	#WAL>ALP>Tabla Butii
4990;4;60;95;Giurgiu;x;			#WAL>MUN>Giurgiu
4991;46;63;223;Comana;x;		#WAL>MUN>Giurgiu
4992;88;66;96;Glavacioc;x;		#WAL>MUN>Giurgiu
4993;130;69;224;Pitesti;x;		#WAL>ALP>Campulung
4994;172;72;97;Costesti;x;		#WAL>MUN>Giurgiu
4995;4;75;225;Bucuresti;x;		#WAL>MUN>Bucuresti
4996;46;78;98;Targsor;x;		#WAL>MUN>Bucuresti
4997;88;81;226;Calarasi;x;		#WAL>MUN>Calarasi
4998;130;84;99;Radovanu;x;		#WAL>MUN>Calarasi
4999;172;87;227;Fetesti;x;		#WAL>MUN>Calarasi
5000;5;90;0;Buzau;x;			#WAL>MUN>Buzau
5001;47;93;128;Slobozia;x;		#WAL>MUN>Buzau
5002;89;96;1;Ploiesti;x;		#WAL>MUN>Buzau
5003;131;99;129;Braila;x;		#WAL>MUN>Braila
5004;173;102;2;Ramnicu Sarat;x;	#WAL>MUN>Braila
5005;5;105;130;Polovragi;x;		#WAL>ALP>Polovragi
5006;47;108;3;Govora;x;			#WAL>ALP>Polovragi
5007;89;111;131;Filiasi;x;		#WAL>ALP>Polovragi
5008;131;114;4;Arges;x;			#WAL>ALP>Campulung
5009;173;117;132;Campulung;x;	#WAL>ALP>Campulung
5010;5;120;5;Sulina;x;			#BUL>///>Constanta
5011;47;123;133;Tighina;x;		#MOL>BUR>Cetatea Alba
5012;89;126;6;Chilia;x;			#MOL>BUR>Chilia
5013;131;129;134;Oblucita;x;	#MOL>BUR>Chilia
5014;173;132;7;Artsyz;x;		#MOL>BUR>Chilia
5015;5;135;135;Tigheci;x;		#MOL>BUR>Tigheci
5016;47;138;8;Cahul;x;			#MOL>BUR>Tigheci
5017;89;141;136;Lapusna;x;		#MOL>BUR>Lapusna
5018;131;144;9;Chisinau;x;		#MOL>BUR>Lapusna
5019;173;147;137;Orhei;x;		#MOL>MOL>Orhei
5020;5;150;10;Tuzara;x;			#MOL>MOL>Orhei
5021;47;153;138;Soroca;x;		#MOL>MOL>Soroca
5022;89;156;11;Balti;x;			#MOL>MOL>Soroca
5023;131;159;139;Ungheni;x;		#MOL>MOL>Iasi
5024;173;162;12;Falesti;x;		#MOL>MOL>Iasi
5025;5;165;140;Vaslui;x;		#MOL>MOL>Barlad
5026;47;168;13;Husi;x;			#MOL>MOL>Barlad
5027;89;171;141;Tecuci;x;		#MOL>MOL>Galati
5028;131;174;14;Focsani;x;		#MOL>MOL>Galati
5029;173;177;142;Stoenesti;x;	#MOL>MOL>Stoenesti
5030;5;180;15;Bacau;x;			#MOL>MOL>Stoenesti
5031;47;183;143;Piatra Neamnt;x;#MOL>BUK>Neamnt
5032;89;186;16;Targu Neamnt;x;	#MOL>BUK>Neamnt
5033;131;189;144;Roman;x;		#MOL>BUK>Neamnt
5034;173;192;17;Baia;x;			#MOL>BUK>Suceava
5035;5;195;145;Vatra Dornei;x;	#MOL>BUK>Suceava
5036;47;198;18;Campulung Moldovenesc;x;	#MOL>BUK>Suceava
5037;89;201;146;Siret;x;		#MOL>BUK>Suceava
5038;131;204;19;Dorohoi;x;		#MOL>BUK>Dorohoi
5039;173;207;147;Harlau;x;		#MOL>BUK>Dorohoi
5040;5;210;20;Hotin;x;			#MOL>BUK>Hotin
5041;47;0;148;Tetina;x;			#MOL>BUK>Hotin
5042;89;3;21;Cernauti;x;		#MOL>BUK>Hotin
5043;131;6;149;Sokolka;x;		#RUS>RUT>GRO>Volkovysk
5044;173;9;22;Volkovysk;x;		#RUS>RUT>GRO>Volkovysk
5045;5;12;150;Slonim;x;			#RUS>RUT>GRO>Novogrudok
5046;47;15;23;Bielastock;x;		#RUS>RUT>GRO>Volkovysk
5047;89;18;151;Lutsk;x;			#RUS>KHV>VOL>Volodymyr
5048;131;21;24;Luboml;x;		#RUS>KHV>VOL>Volodymyr
5049;173;24;152;Kovel;x;		#RUS>KHV>VOL>Volodymyr
5050;5;27;25;Rozhyshche;x;		#RUS>KHV>VOL>Volodymyr
5051;47;30;153;Peresopnytsia;x;#RUS>KHV>VOL>Peresopnytsia
5052;89;33;26;Rivne;x;			#RUS>KHV>VOL>Peresopnytsia
5053;131;36;154;Klevan;x;		#RUS>KHV>VOL>Peresopnytsia
5054;173;39;27;Bielsk;x;		#RUS>KHV>VOL>Berestye
5055;5;42;155;Kamyanyets;x;		#RUS>KHV>VOL>Berestye
5056;47;45;28;Simiatychi;x;		#RUS>KHV>VOL>Berestye
5057;89;48;156;Dorohychyn;x;	#RUS>KHV>VOL>Dorohychyn
5058;131;51;29;Kobryn;x;		#RUS>KHV>VOL>Dorohychyn
5059;173;54;157;Blotkowo;x;		#RUS>KHV>VOL>Dorohychyn
5060;5;57;30;Sambir;x;			#RUS>KHV>HAL>Halych
5061;47;60;158;Kolomyia;x;		#RUS>KHV>HAL>Halych
5062;89;63;31;Spas;x;			#RUS>KHV>HAL>Halych
5063;131;66;159;Lviv;x;			#RUS>KHV>HAL>Lviv
5064;173;69;32;Zvenyhorod;x;	#RUS>KHV>HAL>Lviv
5065;5;72;160;Busk;x;			#RUS>KHV>HAL>Lviv
5066;47;75;33;Buchach;x;		#RUS>KHV>HAL>Lviv
5067;89;78;161;Moklekov;x;		#RUS>KHV>HAL>Lviv
5068;131;81;34;Horodok;x;		#RUS>KHV>HAL>Terebovl
5069;173;84;162;Chortkiv;x;		#RUS>KHV>HAL>Terebovl
5070;5;87;35;Zaslavl;x;			#RUS>KHV>HAL>Zaslavl
5071;47;90;163;Dubno;x;			#RUS>KHV>HAL>Zaslavl
5072;89;93;36;Ostroh;x;			#RUS>KHV>HAL>Zaslavl
5073;131;96;164;Cherven;x;		#RUS>KHV>CHE>Cherven
5074;173;99;37;Volin;x;			#RUS>KHV>CHE>Cherven
5075;5;102;165;Kholm;x;			#RUS>KHV>CHE>Cherven
5076;47;105;38;Suteysk;x;		#RUS>KHV>CHE>Cherven
5077;89;108;166;Belz;x;			#RUS>KHV>CHE>Belz
5078;131;111;39;Liubachev;x;	#RUS>KHV>CHE>Belz
5079;173;114;167;Yaroslav;x;	#RUS>KHV>CHE>Peremyshl
5080;5;117;40;Sanok;x;			#RUS>KHV>CHE>Peremyshl
5081;47;120;168;Lizhensk;x;		#RUS>KHV>CHE>Peremyshl
5082;89;123;41;Vyshgorod;x;		#RUS>RUT>KIE>Kiev
5083;131;126;169;Bilhorod;x;	#RUS>RUT>KIE>Kiev
5084;173;129;42;Yuriev;x;		#RUS>RUT>KIE>Kiev
5085;5;132;170;Kaniv;x;			#RUS>RUT>KIE>Kiev
5086;47;135;43;Zdvyzhen;x;		#RUS>RUT>KIE>Kiev
5087;89;138;171;Zhytomyr;x;		#RUS>RUT>KIE>Zhytomyr
5088;131;141;44;Mezhybozhe;x;	#RUS>RUT>KIE>Zhytomyr
5089;173;144;172;Rastovets;x;	#RUS>RUT>KIE>Zhytomyr
5090;5;147;45;Malaia Skvirka;x;	#RUS>RUT>KIE>Zhytomyr
5091;47;150;173;Zvyahel;x;		#RUS>RUT>KIE>Zvyahel
5092;89;153;46;Kolodiazhen;x;	#RUS>RUT>KIE>Zvyahel
5093;131;156;174;Chortolisy;x;	#RUS>RUT>KIE>Zvyahel
5094;173;159;47;Horodnytsia;x;	#RUS>RUT>KIE>Zvyahel
5095;5;162;175;Chornobyl;x;		#RUS>RUT>KIE>Chornobyl
5096;47;165;48;Ivankiv;x;		#RUS>RUT>KIE>Chornobyl
5097;89;168;176;Radynka;x;		#RUS>RUT>KIE>Chornobyl
5098;131;171;49;Ushytsia;x;		#RUS>RUT>KIE>Ushytsia
5099;173;174;177;Vinnytsia;x;	#RUS>RUT>KIE>Ushytsia
5100;5;177;50;Yampil;x;			#RUS>RUT>KIE>Ushytsia
5101;47;180;178;Haisyn;x;		#RUS>RUT>KIE>Ushytsia
5102;89;183;51;Sarny;x;			#RUS>RUT>TUR>Turov
5103;131;186;179;Selo;x;		#RUS>RUT>TUR>Turov
5104;173;189;52;Korosten;x;		#RUS>RUT>TUR>Korosten
5105;5;192;180;Ovruch;x;		#RUS>RUT>TUR>Korosten
5106;47;195;53;Mazyr;x;			#RUS>RUT>TUR>Korosten
5107;89;198;181;Naroulia;x;		#RUS>RUT>TUR>Korosten
5108;131;201;54;Lelchytsy;x;	#RUS>RUT>TUR>Korosten
5109;173;204;182;Dubrovytsia;x;	#RUS>RUT>TUR>Ushytsia
5110;5;207;55;Stepan;x;			#RUS>RUT>TUR>Ushytsia
5111;47;210;183;Liubeshiv;x;	#RUS>RUT>TUR>Ushytsia
5112;89;0;56;Lahishyn;x;		#RUS>WRU>PIN>Pinsk
5113;131;3;184;Luninets;x;		#RUS>WRU>PIN>Pinsk
5114;173;6;57;Slutsk;x;			#RUS>WRU>PIN>Slutsk
5115;5;9;185;Zhytkavichy;x;		#RUS>WRU>PIN>Slutsk
5116;47;12;58;Mikashevichy;x;	#RUS>WRU>PIN>Slutsk
5117;89;15;186;Kletsk;x;		#RUS>WRU>PIN>Kletsk
5118;131;18;59;Baranovichi;x;	#RUS>WRU>PIN>Kletsk
5119;173;21;187;Babruysk;x;		#RUS>WRU>PIN>Babruysk
5120;5;24;60;Zhlobin;x;			#RUS>WRU>PIN>Babruysk
5121;47;27;188;Kalinkavichy;x;	#RUS>WRU>PIN>Babruysk
5122;89;30;61;Rechytsa;x;		#RUS>WRU>PIN>Babruysk
5123;131;33;189;Lahoysk;x;		#RUS>WRU>MIN>Minsk
5124;173;36;62;Zaslawye;x;		#RUS>WRU>MIN>Minsk
5125;5;39;190;Maladzyechna;x;	#RUS>WRU>MIN>Minsk
5126;47;42;63;Barysaw;x;		#RUS>WRU>MIN>Minsk
5127;89;45;191;Orsha;x;			#RUS>WRU>MIN>Orsha
5128;131;48;64;Drutsk;x;		#RUS>WRU>MIN>Orsha
5129;173;51;192;Polotsk;x;		#RUS>WRU>POL>Polotsk
5130;5;54;65;Drysa;x;			#RUS>WRU>POL>Polotsk
5131;47;57;193;Myory;x;			#RUS>WRU>POL>Polotsk
5132;89;60;66;Vetrino;x;		#RUS>WRU>POL>Lukoml
5133;131;63;194;Hlybokaye;x;	#RUS>WRU>POL>Lukoml
5134;173;66;67;Vitebsk;x;		#RUS>WRU>POL>Vitebsk
5135;5;69;195;Haradok;x;		#RUS>WRU>POL>Vitebsk
5136;47;72;68;Novogrudok;x;		#RUS>WRU>GRO>Novogrudok
5137;89;75;196;Novgorod;x;		#RUS>NOV>NOV>Novgorod
5138;131;78;69;Ladoga;x;		#RUS>NOV>NOV>Novgorod
5139;173;81;197;Lyuban;x;		#RUS>NOV>NOV>Novgorod
5140;5;84;70;Soltsy;x;			#RUS>NOV>NOV>Novgorod
5141;47;87;198;Luga;x;			#RUS>NOV>NOV>Novgorod
5142;89;90;71;Pushkin;x;		#RUS>NOV>NOV>Novgorod
5143;131;93;199;Rusa;x;			#RUS>NOV>NOV>Rusa
5144;173;96;72;Dedovichi;x;		#RUS>NOV>NOV>Rusa
5145;5;99;200;Loknya;x;			#RUS>NOV>NOV>Rusa
5146;47;102;73;Pskov;x;			#RUS>NOV>NOV>Pskov
5147;89;105;201;Izborsk;x;		#RUS>NOV>NOV>Pskov
5148;131;108;74;Ostrov;x;		#RUS>NOV>NOV>Pskov
5149;173;111;202;Gdov;x;		#RUS>NOV>NOV>Pskov
5150;5;114;75;Sebezh;x;			#RUS>NOV>NOV>Sebezh
5151;47;117;203;Nevel;x;		#RUS>NOV>NOV>Sebezh
5152;89;120;76;Novorzhev;x;		#RUS>NOV>NOV>Sebezh
5153;131;123;204;Tikhvin;x;		#RUS>NOV>VEP>Tikhvin
5154;173;126;77;Kirishi;x;		#RUS>NOV>VEP>Tikhvin
5155;5;129;205;Borovichi;x;		#RUS>NOV>VEP>Tikhvin
5156;47;132;78;Beloozero;x;		#RUS>NOV>VEP>Beloozero
5157;89;135;206;Cherepovets;x;	#RUS>NOV>VEP>Beloozero
5158;131;138;79;Ves Yogonska;x;	#RUS>NOV>VEP>Beloozero
5159;173;141;207;Vyangi;x;		#RUS>NOV>VEP>Vyangi
5160;5;144;80;Podporozhye;x;	#RUS>NOV>VEP>Vyangi
5161;47;147;208;Luki;x;			#RUS>NOV>LUK>Luki
5162;89;150;81;Kholm;x;			#RUS>NOV>LUK>Luki
5163;131;153;209;Seltsa u Nishi;x;	#RUS>NOV>LUK>Luki
5164;173;156;82;Torzhok;x;		#RUS>NOV>LUK>Valdai
5165;5;159;210;Klichen;x;		#RUS>NOV>LUK>Valdai
5166;47;162;83;Valday;x;		#RUS>NOV>LUK>Valdai
5167;89;165;211;Vyshny Volochyok;x;	#RUS>NOV>LUK>Valdai
5168;131;168;84;Bezichi;x;		#RUS>NOV>LUK>Bezichi
5169;173;171;212;Zhelezny Ustyug;x;	#RUS>NOV>LUK>Bezichi
5170;5;174;85;Toropets;x;		#RUS>???>???>Toropets
5171;47;177;213;Andreapol;x;	#RUS>???>???>Toropets
5172;89;180;86;Ozerski;x;		#RUS>???>???>Toropets
5173;131;183;214;Tver;x;		#RUS>???>???>Tver
5174;173;186;87;Volok Lamsky;x;#RUS>???>???>Tver
5175;5;189;215;Kashin;x;		#RUS>???>???>Tver
5176;47;192;88;Mologa;x;		#RUS>???>???>Tver
5177;89;195;216;Porkhov;x;		#RUS>NOV>NOV>Rusa
5178;131;198;89;Boryspil;x;		#RUS>RUT>PER>Pereyaslavl
5179;173;201;217;Priluk;x;		#RUS>RUT>PER>Pereyaslavl
5180;5;204;90;Zolotonosha;x;	#RUS>RUT>PER>Pereyaslavl
5181;47;207;218;Hradyzk;x;		#RUS>RUT>PER>Hradyzk
5182;89;210;91;Akhtyr;x;		#RUS>RUT>PER>Hradyzk
5183;131;0;219;Myrhorod;x;		#RUS>RUT>PER>Hradyzk
5184;173;3;92;Poltava;x;		#RUS>RUT>PER>Hradyzk
5185;5;6;220;Romen;x;			#RUS>RUT>PER>Romen
5186;47;9;93;Lokhrytsia;x;		#RUS>RUT>PER>Romen
5187;89;12;221;Nedryhailiv;x;	#RUS>RUT>PER>Romen
5188;131;15;94;Sumy;x;			#RUS>RUT>PER>Romen
5189;173;18;222;Voin;x;			#RUS>RUT>PER>Voin
5190;5;21;95;Lubny;x;			#RUS>RUT>PER>Voin
5191;47;24;223;Borzna;x;		#RUS>RUT>CHE>Novgorod-Seversky
5192;89;27;96;Glukhov;x;		#RUS>RUT>CHE>Novgorod-Seversky
5193;131;30;224;Putyvl;x;		#RUS>RUT>CHE>Putyvl
5194;173;33;97;Vyr;x;			#RUS>RUT>CHE>Putyvl
5195;5;36;225;Konotop;x;		#RUS>RUT>CHE>Putyvl
5196;47;39;98;Kursk;x;			#RUS>RUT>CHE>Kursk
5197;89;42;226;Rylsk;x;			#RUS>RUT>CHE>Kursk
5198;131;45;99;Sudzha;x			#RUS>RUT>CHE>Kursk;
5199;173;48;227;Oboyan;x;		#RUS>RUT>CHE>Kursk
5200;5;51;0;Gomel;x;			#RUS>RUT>CHE>Chernigov
5201;47;54;128;Unenezh;x;		#RUS>RUT>CHE>Chernigov
5202;89;57;1;Surazichi;x		#RUS>RUT>CHE>Chernigov;
5203;131;60;129;Starodub;x;		#RUS>RUT>CHE>Starodub
5204;173;63;2;Trubetsk;x;		#RUS>RUT>CHE>Starodub
5205;5;66;130;Mglin;x;			#RUS>RUT>CHE>Starodub
5206;47;69;3;Sevsk;x;			#RUS>RUT>KAR>Sevsk
5207;89;72;131;Ust-Livny;x;		#RUS>RUT>KAR>Sevsk
5208;131;75;4;Lokot;x;			#RUS>RUT>KAR>Sevsk
5209;173;78;132;Karachev;x;		#RUS>RUT>KAR>Karachev
5210;5;81;5;Krom;x;				#RUS>RUT>KAR>Karachev
5211;47;84;133;Oryol;x;			#RUS>RUT>KAR>Karachev
5212;89;87;6;Kozelsk;x;			#RUS>RUT>KAR>Kozelsk
5213;131;90;134;Vorotynsk;x;	#RUS>RUT>KAR>Kozelsk
5214;173;93;7;Belev;x;			#RUS>RUT>KAR>Kozelsk
5215;5;96;135;Novosil;x;		#RUS>RUT>NOV>Novosil
5216;47;99;8;Mtensk;x;			#RUS>RUT>NOV>Novosil
5217;89;102;136;Odoyev;x;		#RUS>RUT>NOV>Odoyev
5218;131;105;9;Suvorov;x;		#RUS>RUT>NOV>Odoyev
5219;173;108;137;Dorogobyzh;x;	#RUS>WRU>SMO>Smolensk
5220;5;111;10;Yelnya;x;			#RUS>WRU>SMO>Smolensk
5221;47;114;138;Gnezdovo;x		#RUS>WRU>SMO>Gnezdovo;
5222;89;117;11;Velizh;x;		#RUS>WRU>SMO>Gnezdovo
5223;131;120;139;Dukhovshchina;x; #RUS>WRU>SMO>Gnezdovo
5224;173;123;12;Klimavichy;x;	#RUS>WRU>SMO>Roslavl
5225;5;126;140;Cherykaw;x;		#RUS>WRU>SMO>Roslavl
5226;47;129;13;Lotoshino;x;		#RUS>WRU>SMO>Mozhaysk
5227;89;132;141;Zubstov;x;		#RUS>WRU>SMO>Mozhaysk
5228;131;135;14;Pereyaslavl Ryazanski;x; #RUS>OPO>RYA>Ryazan
5229;173;138;142;Rostislavl;x;	#RUS>OPO>RYA>Ryazan
5230;5;141;15;Klepiki;x;		#RUS>OPO>RYA>Ryazan
5231;47;144;143;Tula;x;			#RUS>OPO>RYA>Tula
5232;89;147;16;Yelets;x;		#RUS>OPO>RYA>Tula
5233;131;150;144;Gorodets-Meshchyorsky;x; #RUS>OPO>RYA>Murom
5234;173;153;17;Vyksa;x;		#RUS>OPO>RYA>Murom
5235;5;156;145;Pavlovo;x;		#RUS>OPO>RYA>Murom
5236;47;159;18;Volochok;x;		#RUS>OPO>OPO>Vladimir
5237;89;162;146;Sudogda;x;		#RUS>OPO>OPO>Vladimir
5238;131;165;19;Yegoryevsk;x;	#RUS>OPO>OPO>Vladimir
5239;173;168;147;Suzdal;x;		#RUS>OPO>OPO>Suzdal
5240;5;171;20;Yuryev;x;			#RUS>OPO>OPO>Suzdal
5241;47;174;148;Ivanovo;x;		#RUS>OPO>OPO>Suzdal
5242;89;177;21;Gavrilovskoye;x;	#RUS>OPO>OPO>Suzdal
5243;131;180;149;Klin;x;		#RUS>OPO>OPO>Tver
5244;173;183;22;Naro-Fominsk;x;	#RUS>OPO>OPO>Moskva
5245;5;186;150;Serpukhov;x;		#RUS>OPO>OPO>Moskva
5246;47;189;23;Kineshma;x;		#RUS>OPO>NIZ>Nizhny-Novgorod
5247;89;192;151;Plyos;x;		#RUS>OPO>NIZ>Plyos
5248;131;195;24;Shuya;x;		#RUS>OPO>NIZ>Plyos
5249;173;198;152;Sol Vilikaya;x;#RUS>OPO>NIZ>Plyos
5250;5;201;25;Manturovo;x;		#RUS>OPO>NIZ>Manturovo
5251;47;204;153;Kostroma;x;		#RUS>OPO>NIZ>Manturovo
5252;89;207;26;Chukhloma;x;		#RUS>OPO>NIZ>Manturovo
5253;131;210;154;Vaskina Polyana;x; #RUS>OPO>RYA>Ryazan
5254;173;0;27;Svolensk;x;		#RUS>NOV>VEP>Tikhvin
5255;5;3;155;Pikalyovo;x;		#RUS>NOV>VEP>Tikhvin
5256;47;6;28;Makariev;x;		#RUS>OPO>NIZ>Nizhny-Novgorod
5257;89;9;156;Ladyzyn;x;
5258;131;12;29;Birzula;x;
5259;173;15;157;Liubashivka;x;
5260;5;18;30;Yary;x;
5261;47;21;158;Buky;x;
5262;89;24;31;Uman;x;
5263;131;27;159;Cherkassy;x;
5264;173;30;32;Sacacatce;x;
5265;5;33;160;Kashan;x;
5266;47;36;33;Pervomaisk;x;
5267;89;39;161;Tiraspol;x;
5268;131;42;34;Odessa;x;
5269;173;45;162;Kherson;x;
5270;5;48;35;Kazanka;x;
5271;47;51;163;Voznessensk;x;
5272;89;54;36;Beryslav;x;
5273;131;57;164;Nikopol;x;
5274;173;60;37;Dnipro;x;
5275;5;63;165;Salmacatce;x;
5276;47;66;38;Kerkinitis;x;
5277;89;69;166;Perekop;x;
5278;131;72;39;Kakovka;x;
5279;173;75;167;Kyzyl Jar;x;
5280;5;78;40;Mariupol;x;
5281;47;81;168;Kutur-Ogly;x;
5282;89;84;41;Karlivka;x;
5283;131;87;169;Bohodukhiv;x;
5284;173;90;42;Chally-Kala;x;
5285;5;93;170;Khorysdan;x;
5286;47;96;43;Khursa;x;
5287;89;99;171;Kazanskaya;x;
5288;131;102;44;Manych;x;
5289;173;105;172;Papagia;x;
5290;5;108;45;Golden Hills;x;
5291;47;111;173;Siyahtepe;x;
5292;89;114;46;Ust-Donvokhi;x;
5293;131;117;174;Frolovo;x;
5294;173;120;47;Kamyshin;x;
5295;5;123;175;Yelan;x;
5296;47;126;48;Bata;x;
5297;89;129;176;Zapaxi;x;
5298;131;132;49;Ulmi;x;
5299;173;135;177;Maghas;x;
5300;5;138;50;Etzeri;x;
5301;47;141;178;Betzini;x;
5302;89;144;51;Tatartopa;x;
5303;131;147;179;Besinada;x;
5304;173;150;52;Balanjar;x;
5305;5;153;180;Samander;x;
5306;47;156;53;Durdzukia;x;
5307;89;159;181;Kizlyar;x;
5308;131;162;54;Cabartei;x;
5309;173;165;182;Tserlona;x;
5310;5;168;55;Cisterki;x;
5311;47;171;183;Astrakhan;x;
5312;89;174;56;Sara;x;
5313;131;177;184;Saqsin;x;
5314;173;180;57;Verchina Uzen;x;
5315;5;183;185;Aksay;x;
5316;47;186;58;Nikolaievsk;x;
5317;89;189;186;Saraychiq;x;
5318;131;192;59;Kalmikovsky;x;
5319;173;195;187;Yaitsk;x;
5320;5;198;60;Lozova;x;
5321;47;201;188;Pokrovsk;x;
5322;89;204;61;Tor;x;
5323;131;207;189;Volcha;x;
5324;173;210;62;Donetsk;x;
5325;5;0;190;Boguchar;x;
5326;47;3;63;Millerovo;x;
5327;89;6;191;Podgornye;x;
5328;131;9;64;Kuzeyrog;x;
5329;173;12;192;Ivanovskoye;x;
5330;5;15;65;Aqmescit;x;
5331;47;18;193;Dzhankoi;x;
5332;89;21;66;Semikarakary;x;
5333;131;24;194;Sarepta;x;
5334;173;27;67;Yenotayevka;x;
5335;5;30;195;Kuban;x;
5336;47;33;68;Soleny;x;
5337;89;36;196;Chelbaska;x;
5338;131;39;69;Tikhon;x;
5339;173;42;197;Chamchev;x;
5340;5;45;70;Yergolyk;x;
5341;47;48;198;Kuba;x;
5342;89;51;71;Sambalut;x;
5343;131;54;199;Samiran;x;
5344;173;57;72;Majar;x;
5345;5;60;200;Chyorny Yar;x;
5346;47;63;73;Ryn;x;
5347;89;66;201;Engels;x;
5348;131;69;74;Chelykla;x;
5349;173;72;202;Zhaltyr;x;
5350;5;75;75;Voronezh;x;			#Mordvinia > Voronezh
5351;47;78;203;Lipetsk;x;
5352;89;81;76;Usman;x;
5353;131;84;204;Tambov;x;
5354;173;87;77;Szava;x;
5355;5;90;205;Plavitza;x;
5356;47;93;78;Matya;x;
5357;89;96;206;Kozlov;x;
5358;131;99;79;Oranienburg;x;
5359;173;102;207;Lachyk-Uba;x;
5360;5;105;80;Morchansk;x;
5361;47;108;208;Chatzk;x;
5362;89;111;81;Rakcha;x;
5363;131;114;209;Urmary;x;		#Mordvinia > Cheboksary
5364;173;117;82;Tzyvil;x;
5365;5;120;210;Alatyr;x;
5366;47;123;83;Penza;x;
5367;89;126;211;Insara;x;
5368;131;129;84;Chechkeiev;x;
5369;173;132;212;Hanbalik;x;
5370;5;135;85;Uza;x;
5371;47;138;213;Karatayak;x;	#Mordvinia > Karatayak
5372;89;141;86;Babrov;x;
5373;131;144;214;Pavlovsk;x;
5374;173;147;87;Teluchezeva;x;
5375;5;150;215;Lejlotka;x;
5376;47;153;88;Trotskhoper;x;
5377;89;156;216;Balachev;x;
5378;131;159;89;Khoper;x;
5379;173;162;217;Viazovka;x;
5380;5;165;90;Bychok;x;
5381;47;168;218;Kriucha;x;
5382;89;171;91;Manina;x;
5383;131;174;219;Saran;x;		#Mordvinia > Saran
5384;173;177;92;Serdosk;x;
5385;5;180;220;Kachma;x;
5386;47;183;93;Vorona;x;
5387;89;186;221;Kirsanov;x;
5388;131;189;94;Durovka;x;
5389;173;192;222;Kolychev;x;
5390;5;195;95;Petrovsk;x;
5391;47;198;223;Treliaka;x;
5392;89;201;96;Alchanka;x;
5393;131;204;224;Volzhsk;x;		#Volga Bulgaria > Kazan
5394;173;207;97;Arda;x;
5395;5;210;225;Tsarevokokchaisk;x;
5396;47;0;98;Mari-Turek;x;
5397;89;3;226;Kashan;x;
5398;131;6;99;Arsk;x;
5399;173;9;227;Mamadych;x;
5400;5;12;0;Otarka;x;
5401;47;15;128;Mozhga;x;
5402;89;18;1;Voloz;x;
5403;131;21;129;Elabuga;x;
5404;173;24;2;Izhevsk;x;
5405;5;27;130;Cukataw;x;		#Volga Bulgaria > Bolghar
5406;47;30;3;Suvar;x;
5407;89;33;131;Tukhchi;x;
5408;131;36;4;Yar Calli;x;
5409;173;39;132;Agidel;x;
5410;5;42;5;Tersa;x;
5411;47;45;133;Banja;x;
5412;89;48;6;Karabolam;x;
5413;131;51;134;Aqsubay;x;
5414;173;54;7;Elmet;x;
5415;5;57;135;Buzuluk;x;
5416;47;60;8;Pokhnishne;x;
5417;89;63;136;Neftegorsk;x;
5418;131;66;9;Belebey;x;		#Volga Bulgaria > Belerbey
5419;173;69;137;Menzelinsk;x;
5420;5;72;10;Siun;x;
5421;47;75;138;Achaly;x;
5422;89;78;11;Jalmat;x;
5423;131;81;139;Pascherty;x;
5424;173;84;12;Bugulma;x;
5425;5;87;140;Almetyvesk;x;
5426;47;90;13;Bugurslan;x;
5427;89;93;141;Bol Uran;x;
5428;131;96;14;Sakmarskoi Gorodok;x;
5429;173;99;142;Sterlitamak;x;
5430;5;102;15;Teterpush;x;
5431;47;105;143;Salavat;x;
5432;89;108;16;Kumertau;x;
5433;131;111;144;Prechistenskaya;x;
5434;173;114;17;Kungur;x;		#Permia > Perm
5435;5;117;145;Krasnooufimsk;x;
5436;47;120;18;Ovinskoi;x;
5437;89;123;146;Sebur;x;
5438;131;126;19;Okhansk;x;
5439;173;129;147;Aluchi;x;
5440;5;132;20;Saraninskor;x;
5441;47;135;148;Lysva;x;
5442;89;138;21;Kutamych;x;
5443;131;141;149;Serga;x;
5444;173;144;22;Sylva;x;
5445;5;147;150;Kumych;x;
5446;47;150;23;Bisserskaya;x;
5447;89;153;151;Klenovskaya;x;
5448;131;156;24;Kirgichanskaya;x;
5449;173;159;152;Votkinsk;x;	#Permia > Ural
5450;5;162;25;Nytva;x;
5451;47;165;153;Obva;x;
5452;89;168;26;Krasnokamsk;x;
5453;131;171;154;Vilva;x;
5454;173;174;27;Solikamsk;x;
5455;5;177;155;Kerken;x;
5456;47;180;28;Shimal;x;
5457;89;183;156;Akchim;x;
5458;131;186;29;Kasib;x;		#Permia > Kargadan
5459;173;189;157;Koca;x;
5460;5;192;30;Karsovay;x;
5461;47;195;158;Palniki;x;
5462;89;198;31;Lolog;x;
5463;131;201;159;Glazov;x;
5464;173;204;32;Igra;x;
5465;5;207;160;Uva;x;
5466;47;210;33;Kolyn;x;
5467;89;0;161;Nukrat;x;
5468;131;3;34;Suna;x;
5469;173;6;162;Arkul;x;
5470;5;9;35;Cykma;x;			#UNDETERMINED NORTH
5471;47;12;163;Semenov;x;
5472;89;15;36;Luch;x;
5473;131;18;164;Vetluga;x;
5474;173;21;37;Vokhma;x;
5475;5;24;165;Birsk;x;			#UNDETERMINED EAST
5476;47;27;38;Sim;x;
5477;89;30;166;Yeldiatzkaya;x;
5478;131;33;39;Inzer;x;
5479;173;36;167;Prigorod Tabynsk;x;
5480;5;39;40;Bielaya;x;
5481;47;42;168;Yanokul;x;
5482;89;45;41;Kaginskoi;x;
5483;131;48;169;Sakmara;x;
5484;173;51;42;Yuldybayevo;x;
5485;5;54;170;Verkouralsk;x;
5486;47;57;43;Yumanova;x;
5487;89;60;171;Uiska;x;
5488;131;63;44;Satka;x;
5489;173;66;172;Ust-Katav;x;
5490;5;69;45;Karabash;x;
5491;47;72;173;Revda;x;
5492;89;75;46;Zlatoust;x;
5493;131;78;174;Parizh;x;
5494;173;81;47;Duvan;x;
5495;5;84;175;Yamantau;x;
5496;47;87;48;Arti;x;
5497;89;90;176;Achichskaya;x;
5498;131;93;49;Repnoye;x;		#Mordvinia
5499;173;96;177;Orskaya;x;		#UNDETERMINED SOUTH
5500;5;99;50;Chalap Kerman;x;
5501;47;102;178;Orenburg;x;
5502;89;105;51;Ilekskoi Gorodok;x;
5503;131;108;179;Kamelik;x;
5504;173;111;52;Jambalar;x;
5505;5;114;180;Yalachi;x;
5506;47;117;53;Maza;x;
5507;89;120;181;Maloi Irghiz;x;
5508;131;123;54;Peschanka;x;	#Mordvinia
5509;173;126;182;Atkarsk;x;
5510;5;129;55;river_kama;x;
5511;47;132;183;river_kama;x;
5512;89;135;56;Vepsian Wasteland;x;		#IMPASSABLE
5513;131;138;184;Ryn Desert;x;			#IMPASSABLE
5514;173;141;57;Caucasus Wasteland;x;	#IMPASSABLE
5515;5;144;185;Caucasus Mountains;x;	#IMPASSABLE
5516;47;147;58;Northern Urals;x;		#IMPASSABLE
5517;89;150;186;Southern Urals;x;		#IMPASSABLE
5518;131;153;59;Northern Urals;x;		#IMPASSABLE
5519;173;156;187;Yekaterinburg;x;
5520;5;159;60;Alapaevsk;x;
5521;47;162;188;Irbit;x;
5522;89;165;61;Kamychlov;x;
5523;131;168;189;Iset;x;
5524;173;171;62;Silach;x;
5525;5;174;190;Chadrinsk;x;
5526;47;177;63;Chelabinsk;x;
5527;89;180;191;Troizk;x;
5528;131;183;64;Baklanska;x;
5529;173;186;192;Adramytium;x;	#Anatolia - Samos
5530;5;189;65;Pergamon;x;
5531;47;192;193;Phocaea;x;
5532;89;195;66;Lebedos;x;
5533;131;198;194;Miletus;x;
5534;173;201;67;Iassus;x;
5535;5;204;195;Attalia;x;
5536;47;207;68;Hadrianeia;x;
5537;89;210;196;Cybele;x;
5538;131;0;69;Synaos;x;
5539;173;3;197;Thyatira;x;
5540;5;6;70;Tabala;x;
5541;47;9;198;Cadi;x;
5542;89;12;71;Akrainos;x;
5543;131;15;199;Bagis;x;
5544;173;18;72;Silandos;x;
5545;5;21;200;Sardes;x;
5546;47;24;73;Philadelphia;x;
5547;89;27;201;Mylasa;x;
5548;131;30;74;Chonae;x;
5549;173;33;202;Apamea;x;
5550;5;36;75;Sebaste;x;
5551;47;39;203;Poimanenon;x;
5552;89;42;76;Miletopolis;x;
5553;131;45;204;Appollonia;x;
5554;173;48;77;Apemea;x;
5555;5;51;205;Helge;x;
5556;47;54;78;Hadrianoi;x;
5557;89;57;206;Catyaeum;x;
5558;131;60;79;Katyaion;x;
5559;173;63;207;Dabla;x;
5560;5;66;80;Saegud;x;
5561;47;69;208;Gordium;x;
5562;89;72;81;Midaeum_OPSI;x;
5563;131;75;209;Pessinus;x;
5564;173;78;82;Oka;x;
5565;5;81;210;Chalcedon;x;
5566;47;84;83;Chelai;x;
5567;89;87;211;Prusias ad Hypium;x;
5568;131;90;84;Modra;x;
5569;173;93;212;Tarsos;x;
5570;5;96;85;Crius;x;
5571;47;99;213;Claudiopolis;x;
5572;89;102;86;Boli;x;
5573;131;105;214;Cratea;x;
5574;173;108;87;Hadrionopolis;x;
5575;5;111;215;Krateia;x;
5576;47;114;88;Iuliopolis;x;
5577;89;117;216;Lagania;x;
5578;131;120;89;Vindia;x;
5579;173;123;217;Papira;x;
5580;5;126;90;Gangra;x;
5581;47;129;218;Amastris;x;
5582;89;132;91;Aigialos;x;
5583;131;135;219;Ionopolis;x;
5584;173;138;92;Pampeiopolis;x;
5585;5;141;220;Castamon;x;
5586;47;144;93;Kandara;x;
5587;89;147;221;Ziporea;x;
5588;131;150;94;Zagora;x;
5589;173;153;222;Gadilon;x;
5590;5;156;95;Amaseia;x;
5591;47;159;223;Magnopolis;x;
5592;89;162;96;Andrapa;x;
5593;131;165;224;Pimolisa;x;
5594;173;168;97;Euchaita;x;
5595;5;171;225;Carissa;x;
5596;47;174;98;Pteria;x;
5597;89;177;226;Zela;x;
5598;131;180;99;Comana Pontica;x;
5599;173;183;227;Sebastopolis;x;
5600;5;186;0;Agranai;x;
5601;47;189;128;Pedachtoe;x;
5602;89;192;1;Sebasteia;x;
5603;131;195;129;Malandra;x;
5604;173;198;2;Karnalis;x;
5605;5;201;130;Euspena;x;
5606;47;204;3;Gauraina;x;
5607;89;207;131;Dalanda;x;
5608;131;210;4;Osdara;x;
5609;173;0;132;Tanadaris;x;
5610;5;3;5;Comana_LYK;x;
5611;47;6;133;Arabissus;x;
5612;89;9;6;Cocussus;x;
5613;131;12;134;Ariaratheia;x;
5614;173;15;7;Armaxa;x;
5615;5;18;135;Herpha;x;
5616;47;21;8;Arasaxa;x;
5617;89;24;136;Charsianon;x;
5618;131;27;9;Therma;x;
5619;173;30;137;Soanda;x;
5620;5;33;10;Aspona_CHA;x;
5621;47;36;138;Euaissa;x;
5622;89;39;11;Zeila_CHA;x;
5623;131;42;139;Kyzistra;x;
5624;173;45;12;Mallus;x;
5625;5;48;140;Anazaribus;x;
5626;47;51;13;Faustinopolis;x;
5627;89;54;141;Podandus;x;
5628;131;57;14;Cybistra;x;
5629;173;60;142;Comitanassus;x;
5630;5;63;15;Garsaura;x;
5631;47;66;143;Nazianzus;x;
5632;89;69;16;Parnassos;x;
5633;131;72;144;Aspona;x;
5634;173;75;17;Kinna;x;
5635;5;78;145;Corycus;x;
5636;47;81;18;Claudiopolis_SELEUCIA;x;
5637;89;84;146;Adrasos;x;
5638;131;87;19;Anemurium;x;
5639;173;90;147;Selinus;x;
5640;5;93;20;Korakesion;x;
5641;47;96;148;Side;x;
5642;89;99;21;Cremna;x;
5643;131;102;149;Phaselis;x;
5644;173;105;22;Limyra;x;
5645;5;108;150;Myra;x;
5646;47;111;23;Olbasa;x;
5647;89;114;151;Telmessos;x;
5648;131;117;24;Cibyra;x;
5649;173;120;152;Cridus;x;
5650;5;123;25;Aphrodisias;x;
5651;47;126;153;Aezani;x;
5652;89;129;26;Nakoleia;x;
5653;131;132;154;Midaeum;x;
5654;173;135;27;Polybotus;x;
5655;5;138;155;Germa;x;
5656;47;141;28;Tyraion;x;
5657;89;144;156;Philomelium;x;
5658;131;147;29;Amorion;x;
5659;173;150;157;Docimium;x;
5660;5;153;30;Synnada;x;
5661;47;156;158;Antiochia;x;
5662;89;159;31;Neapolis;x;
5663;131;162;159;Adada;x;
5664;173;165;32;Selge;x;
5665;5;168;160;Sagalassus;x;
5666;47;171;33;Parlais;x;
5667;89;174;161;Salda;x;
5668;131;177;34;Kaklauma;x;
5669;173;180;162;Ouasada;x;
5670;5;183;35;Mistea;x;
5671;47;186;163;Lystra;x;
5672;89;189;36;Isaura;x;
5673;131;192;164;Laranalia;x;
5674;173;195;37;Soloi;x;
5675;5;198;165;Derbe;x;
5676;47;201;38;Barata;x;
5677;89;204;166;Pappa;x;
5678;131;207;39;Katakekaumene;x;
5679;173;210;167;Cerynia;x;
5680;5;0;40;Soli_CYP;x;
5681;47;3;168;Nicosia;x;
5682;89;6;41;Paphos;x;
5683;131;9;169;Tabia;x;
5684;173;12;42;Ecobrogis;x;
5685;5;15;170;Western Taurus Mountains;x;
5686;47;18;43;Eastern Taurus Mountains;x;
5687;89;21;171;Mount Demirkazik;x;
5688;131;24;44;Mount Argaeus;x;
5689;173;27;172;Oinaion;x;		#Armenia & Georgia (Pontus)
5690;5;30;45;Polemonium;x;
5691;47;33;173;Koralla;x;
5692;89;36;46;Rhizus;x;
5693;131;39;174;Hyspiratis;x;
5694;173;42;47;Baeberdon;x;
5695;5;45;175;Keltzine;x;
5696;47;48;48;Archabis;x;
5697;89;51;176;Petra;x;
5698;131;54;49;Neocaesara;x;	#Armenia & Georgia (Armenia)
5699;173;57;177;Sinoria;x;
5700;5;60;50;Hypseie;x;
5701;47;63;178;Nicopolis_ARM;x;
5702;89;66;51;Kheranion;x;
5703;131;69;179;Satala;x;
5704;173;72;52;Kamisa;x;
5705;5;75;180;Tephrice;x;
5706;47;78;53;Arguvan;x;
5707;89;81;181;Arsamosata;x;
5708;131;84;54;Arca;x;
5709;173;87;182;Speri;x;
5710;5;90;55;Camacha;x;
5711;47;93;183;Koloberd;x;
5712;89;96;56;Balu;x;
5713;131;99;184;Mardali;x;
5714;173;102;57;Khinisi;x;
5715;5;105;185;Varto;x;
5716;47;108;58;Musch;x;
5717;89;111;186;Tatvan;x;
5718;131;114;59;Khlat;x;
5719;173;117;187;Arjesh;x;
5720;5;120;60;Bagavan;x;
5721;47;123;188;Berkri;x;
5722;89;126;61;Maku;x;
5723;131;129;189;Akhtamar;x;
5724;173;132;62;Hadamakert;x;
5725;5;135;190;Dlim;x;
5726;47;138;63;Bagaran;x;
5727;89;141;191;Kumayri;x;
5728;131;144;64;Yerevan;x;
5729;173;147;192;Garni;x;
5730;5;150;65;Tsalakert;x;
5731;47;153;193;Valashkert;x;
5732;89;156;66;Patnos;x;
5733;131;159;194;Zariskat;x;
5734;173;162;67;Kars;x;
5735;5;165;195;Sevuki;x;
5736;47;168;68;Taoskari;x;		#Armenia & Georgia (Georgia)
5737;89;171;196;Tortomi;x;
5738;131;174;69;Tmogvi;x;
5739;173;177;197;Akhaltsikhe;x;
5740;5;180;70;Arthanuji;x;
5741;47;183;198;Artaani;x;
5742;89;186;71;Tskhinvali;x;
5743;131;189;199;Uplistsikhe;x;
5744;173;192;72;Bichvinta;x;
5745;5;195;200;Anacopia;x;
5746;47;198;73;Tskhumi;x;
5747;89;201;201;Gudakva;x;
5748;131;204;74;Seti;x;
5749;173;207;202;Zugdidi;x;
5750;5;210;75;Tsageri;x;
5751;47;0;203;Ambrolauri;x;
5752;89;3;76;Kasriskari;x;
5753;131;6;204;Kvara;x;
5754;173;9;77;Poti;x;
5755;5;12;205;Marakan;x;
5756;47;15;78;Vartsikhe;x;
5757;89;18;206;Shorapann;x;
5758;131;21;79;Dmanisi;x;
5759;173;24;207;Tbilisi;x;
5760;5;27;80;Rustavi;x;
5761;47;30;208;Bolnisi;x;
5762;89;33;81;Kayan;x;
5763;131;36;209;Nektesi;x;
5764;173;39;82;Mtskheta;x;
5765;5;42;210;Gavazi;x;
5766;47;45;83;Kharnabuji;x;
5767;89;48;211;Ujarma;x;
5768;131;51;84;Zaqatala;x;
5769;173;54;212;Ghisi;x;
5770;5;57;85;Dedoplitskhara;x;
5771;47;60;213;Baku;x;		#Armenia & Georgia (Azerbaijan)
5772;89;63;86;Maras;x;
5773;131;66;214;Salyan;x;
5774;173;69;87;Kabala;x;
5775;5;72;215;Kudevan;x;
5776;47;75;88;Paidangaran;x;
5777;89;78;216;Ganja;x;
5778;131;81;89;Mingachevir;x;
5779;173;84;217;Barda;x;
5780;5;87;90;Tovuz;x;
5781;47;90;218;Shamkur;x;
5782;89;93;91;Gardman;x;
5783;131;96;219;Parnes;x;
5784;173;99;92;Ktis;x;
5785;5;102;220;Naxcivan;x;
5786;47;105;93;Goris;x;
5787;89;108;221;Jugha;x;
5788;131;111;94;Gabarawan;x;
5789;173;114;222;Varsan;x;
5790;5;117;95;Paytakaran;x;
5791;47;120;223;Langarkanan;x;
5792;89;123;96;Nakorzan;x;
5793;131;126;224;Barzand;x;
5794;173;129;97;Gher;x;
5795;5;132;225;Mount Ararat;x;
5796;47;135;98;Mount Aragats;x;
5797;89;138;226;Dvin range;x;
5798;131;141;99;Kholmogory;x;		#Bjarmia & Vologda
5799;173;144;227;Arkhangelsk;x;
5800;5;147;0;Brin Navolok;x;
5801;47;150;128;Pertominsk;x;
5802;89;153;1;Lopshenga;x;
5803;131;156;129;Onega;x;
5804;173;159;2;Pole;x;
5805;5;162;130;Korelskoye;x;
5806;47;165;3;Malashuyka;x;
5807;89;168;131;Povenets;x;
5808;131;171;4;Malenga;x;
5809;173;174;132;Yangary;x;
5810;5;177;5;Kustranda;x;
5811;47;180;133;Pudozh;x;
5812;89;183;6;Vershinino;x;
5813;131;186;134;Yarnema;x;
5814;173;189;7;Kargopol;x;
5815;5;192;135;Vitzgora;x;
5816;47;195;8;Ostrov_BJA;x;
5817;89;198;136;Kirillov;x;
5818;131;201;9;Dvinitza;x;
5819;173;204;137;Pelsina;x;
5820;5;207;10;Totma;x;
5821;47;210;138;Tasta;x;
5822;89;0;11;Tischna;x;
5823;131;3;139;Kadnikov;x;
5824;173;6;12;Vologda;x;
5825;5;9;140;Sheksna;x;
5826;47;12;13;Gryazovets;x;
5827;89;15;141;Danilov;x;
5828;131;18;14;Vyatskoye;x;
5829;173;21;142;Lyubim;x;
5830;5;24;15;Razlivnoye;x;
5831;47;27;143;Soligalich;x;
5832;89;30;16;Onsthia;x;
5833;131;33;144;Karitsa;x;
5834;173;36;17;Suday;x;
5835;5;39;145;Choklema;x;
5836;47;42;18;Gorodek;x;
5837;89;45;146;Boborossa;x;
5838;131;48;19;Veliky Ustyug;x;
5839;173;51;147;Nyuksenitsa;x;
5840;5;54;20;Kotlas;x;
5841;47;57;148;Usyorga;x;
5842;89;60;21;Shenkursk;x;
5843;131;63;149;Krasny Bor;x;
5844;173;66;22;Bereznik;x;
5845;5;69;150;Velsk;x;
5846;47;72;23;Verkhovazhye;x;
5847;89;75;151;Ous Vaga;x;
5848;131;78;24;Yemetsk;x;
5849;173;81;152;Kevrola;x;
5850;5;84;25;Verkola;x;
5851;47;87;153;Osmova;x;
5852;89;90;26;Velsk wasteland;x;
5853;131;93;154;Ustyug wasteland;x;
5854;173;96;27;Bjarmaland lakes;x;
5855;5;99;155;river_dvina;x;
5856;47;102;28;river_dvina;x;
5857;89;105;156;river_dvina;x;
5858;131;108;29;lake_siberia;x;
5859;173;111;157;Sosvan wasteland;x;
5860;5;114;30;Samoyed wasteland;x;
5861;47;117;158;Tobol-Ishim wasteland;x;
5862;89;120;31;Tara wasteland;x;
5863;131;123;159;Kushmurun wasteland;x;
5864;173;126;32;Kazakh wasteland;x;
5865;5;129;160;Sukhorukova;x;
5866;47;132;33;Belogorye;x;
5867;89;135;161;Kari Pospat Vosh;x;
5868;131;138;34;Arant;x;
5869;173;141;162;Kandiskaya;x;
5870;5;144;35;Kartauzh;x;
5871;47;147;163;Pelym;x;
5872;89;150;36;Sosva;x;
5873;131;153;164;Totkarak;x;
5874;173;156;37;Koshuki;x;
5875;5;159;165;Alymka;x;
5876;47;162;38;Chalbych;x;
5877;89;165;166;Chukas Vosh;x;
5878;131;168;39;Topar Vosh;x;
5879;173;171;167;Neramkary;x;
5880;5;174;40;Verkhoturye;x;
5881;47;177;168;Tura Kala;x;
5882;89;180;41;Tabary;x;
5883;131;183;169;Oblacas;x;
5884;173;186;42;Tagil;x;
5885;5;189;170;Laia;x;
5886;47;192;43;Deriabinskoye;x;
5887;89;195;171;Shantoskoye;x;
5888;131;198;44;Turinsk;x;
5889;173;201;172;Terom;x;
5890;5;204;45;Ukavskaya;x;
5891;47;207;173;Baklansky;x;
5892;89;210;46;Sabakyul;x;
5893;131;0;174;Kostanay;x;
5894;173;3;47;Ore;x;
5895;5;6;175;Tobol_BIS;x;	#different from Tobol settlement 898
5896;47;9;48;Yugan;x;
5897;89;12;176;Nizyani;x;
5898;131;15;49;Atlym;x;
5899;173;18;177;Karymkary;x;
#END OF ARTHUR B'S RANGE;;;;;;
5900;5;21;50;AINTAB;x;
5901;47;24;178;TALL_BASHIR;x;
5902;89;27;51;JARABULUS;x;
5903;131;30;179;QURUS;x;
5904;173;33;52;BAGHRAS;x;
5905;5;36;180;ALEXANDRETTA;x;
5906;47;39;53;TALL_AFRIN;x;
5907;89;42;181;AZAZ;x;
5908;131;45;54;MANBIJ;x;
5909;173;48;182;AS-SUWAYDIYA;x;
5910;5;51;55;ANTIOCH;x;
5911;47;54;183;JABALA;x;
5912;89;57;56;LATAKIA;x;
5913;131;60;184;TIBET IMPASSABLE;x;	#previously BARZUYA
5914;173;63;57;MASYAF;x;
5915;5;66;185;SHAIZAR;x;
5916;47;69;58;ANTARTUS;x;
5917;89;72;186;RAFANIYA-KRAK;x;
5918;131;75;59;TRIPOLIS;x;
5919;173;78;187;BEIRUT;x;
5920;5;81;60;SAIDA;x;
5921;47;84;188;TYRE;x;
5922;89;87;61;BANIYAS;x;
5923;131;90;189;NAWA;x;
5924;173;93;62;DAMASCUS;x;
5925;5;96;190;AZ-ZABADANI;x;
5926;47;99;63;BAALBAK;x;
5927;89;102;191;AL-QASTAL;x;
5928;131;105;64;JUSIYA;x;
5929;173;108;192;HIMS;x;
5930;5;111;65;HAMA;x;
5931;47;114;193;SALAMIYA;x;
5932;89;117;66;KAFARTAB;x;
5933;131;120;194;QINNASRIN;x;
5934;173;123;67;HALAB;x;
5935;5;126;195;ARTAH;x;
5936;47;129;68;AR-RIKHA;x;
5937;89;132;196;ANJAR;x;
5938;131;135;69;BUZAA;x;
5939;173;138;197;SIFFIN;x;
5940;5;141;70;AR-RUSAFA;x;
5941;47;144;198;KHUNASIRA;x;
5942;89;147;71;SURIYA;x;
5943;131;150;199;RATLA;x;
5944;173;153;72;DAIR_AR-RUMAN;x;
5945;5;156;200;AS-SUKHNA;x;
5946;47;159;73;URD;x;
5947;89;162;201;ARAK;x;
5948;131;165;74;TADMUR;x;
5949;173;168;202;JUDR;x;
5950;5;171;75;AL-QARYATAN;x;
5951;47;174;203;JUWAIR;x;
5952;89;177;76;MARJ-RAHIT;x;
5953;131;180;204;DARAYYA;x;
5954;173;183;77;ZURRA;x;
5955;5;186;205;BUSRA;x;
5956;47;189;78;SARKHAD;x;
5957;89;192;206;AS-SUWAIDA-HAURAN;x;
5958;131;195;79;IRBID;x;
5959;173;198;207;TIBERIAS;x;
5960;5;201;80;ACRE;x;
5961;47;204;208;CESAREA;x;
5962;89;207;81;YAFFA;x;
5963;131;210;209;AR-RAMLA;x;
5964;173;0;82;NABLUS;x;
5965;5;3;210;JERUSALEM;x;
5966;47;6;83;HEBRON;x;
5967;89;9;211;ASCALON;x;
5968;131;12;84;GHAZZA;x;
5969;173;15;212;ZUGHAR;x;
5970;5;18;85;AL-ARISH;x;
5971;47;21;213;BAIDHA-PETRA;x;
5972;89;24;86;ARANDAL;x;
5973;131;27;214;AILA;x;
5974;173;30;87;AQABA;x;
5975;5;33;215;AL-HUMAYMA;x;
5976;47;36;88;MAAN;x;
5977;89;39;216;ADRUH;x;
5978;131;42;89;SHAWBAK;x;
5979;173;45;217;AT-TAFILA;x;
5980;5;48;90;KERAK;x;
5981;47;51;218;MAAB;x;
5982;89;54;91;ZAIZA;x;
5983;131;57;219;MUJIB;x;
5984;173;60;92;AMMAN;x;
5985;5;63;220;JARASH;x;
5986;47;66;93;AZ-ZARQA;x;
5987;89;69;221;AL-AZRAQ;x;
5988;131;72;94;AL-JILAT;x;
5989;173;75;222;QURAQIR;x;
5990;5;78;95;AIN AT-TAMR;x;
5991;47;81;223;SAFATA;x;
5992;89;84;96;AL-KUFA;x;
5993;131;87;224;AN-NAJAF;x;
5994;173;90;97;AL-QADISIYA;x;
5995;5;93;225;AL-UDHAIB;x;
5996;47;96;98;KHAFFAN;x;
5997;89;99;226;TIBET IMPASSABLE;x;	#previously AL-MUJILA
5998;131;102;99;AL-QARA;x;
5999;173;105;227;AS-SUBIA;x;
6000;6;108;0;WAQISA;x;
6001;48;111;128;AS-SALMAN;x;
6002;90;114;1;AL-AKHADID;x;
6003;132;117;129;NIFFAR;x;
6004;174;120;2;AS-SALIQ;x;
6005;6;123;130;AR-RUSAFA-IRAQ;x;
6006;48;126;3;AL-FARUT;x;
6007;90;129;131;AL-QATR;x;
6008;132;132;4;NAHR_SIMMARA;x;
6009;174;135;132;AL-MADHAR;x;
6010;6;138;5;BASINNA;x;
6011;48;141;133;AHWAZ;x;
6012;90;144;6;HUWAIZA;x;
6013;132;147;134;AZAM;x;
6014;174;150;7;DAWRAQ;x;
6015;6;153;135;JUBBA;x;
6016;48;156;8;BAYAN;x;
6017;90;159;136;ABBADAN;x;
6018;132;162;9;BASIYAN;x;
6019;174;165;137;BALJAN;x;
6020;6;168;10;AL-UBULLA;x;
6021;48;171;138;MATARA-IRAQ;x;
6022;90;174;11;AL-BASRA;x;
6023;132;177;139;AIN_SAID;x;
6024;174;180;12;AR-RUKHAIL;x;
6025;6;183;140;HIFAIR;x;
6026;48;186;13;river_nile;x;	#NILE-DAMIETTA
6027;90;189;141;river_nile;x;	#NILE-RASHID
6028;132;192;14;river_nile;x;	#NILE-CAIRO
6029;174;195;142;river_nile;x;	#NILE-ASYUT
#START OF EGYPT;;;;;;
6030;6;198;15;FIRAUN;x;
6031;48;201;143;DAHAB;x;
6032;90;204;16;STCATHERINE;x;
6033;132;207;144;AT-TUR;x;
6034;174;210;17;FARAN;x;
6035;6;0;145;QALAT_JUNDI;x;
6036;48;3;18;WARRADA;x;
6037;90;6;146;TIH;x;
6038;132;9;19;FARAMA;x;
6039;174;12;147;QUZLUM;x;
6040;6;15;20;BILBAYS;x;
6041;48;18;148;QALYUB;x;
6042;90;21;21;CAIRO;x;
6043;132;24;149;DAQAHLA;x;
6044;174;27;22;FAQUS;x;
6045;6;30;150;TINNIS;x;
6046;48;33;23;DUMIYAT;x;
6047;90;36;151;SAMANNUD;x;
6048;132;39;24;BURULLUS;x;
6049;174;42;152;NASTARAWA;x;
6050;6;45;25;IBYAR;x;
6051;48;48;153;MINUF;x;
6052;90;51;26;RASHID;x;
6053;132;54;154;ALEXANDRIA;x;
6054;174;57;27;DAMANHUR;x;
6055;6;60;155;RAMSIS;x;
6056;48;63;28;ABU_GHALIB;x;
6057;90;66;156;GIZA;x;
6058;132;69;29;BUSIR;x;
6059;174;72;157;TIRSA;x;
6060;6;75;30;AL-FAYYUM;x;
6061;48;78;158;IQNA;x;
6062;90;81;31;AHNAS;x;
6063;132;84;159;AL-BAHNASA;x;
6064;174;87;32;IHRIT;x;
6065;6;90;160;ATFIH;x;
6066;48;93;33;HULWAN-CAIRO;x;
6067;90;96;161;AL-USHMUNAIN;x;
6068;132;99;34;ANSINA;x;
6069;174;102;162;MANFALUT;x;
6070;6;105;35;ASYUT;x;
6071;48;108;163;BAWIT;x;
6072;90;111;36;IKHMIN;x;
6073;132;114;164;IBSHAYA;x;
6074;174;117;37;HUW;x;
6075;6;120;165;FAW;x;
6076;48;123;38;QINA;x;
6077;90;126;166;QUS;x;
6078;132;129;39;ARMANT;x;
6079;174;132;167;UDFU;x;
6080;6;135;40;ZARNIKH;x;
6081;48;138;168;ASWAN;x;
6082;90;141;41;ASWAN-WEST;x;
6083;132;144;169;KHARGA;x;
6084;174;147;42;BARIS;x;
6085;6;150;170;MUT;x;
6086;48;153;43;TUNAYDA;x;
6087;90;156;171;AL-QASR-DAKHLA;x;
6088;132;159;44;AL-FARAFRA;x;
6089;174;162;172;AL-BAHRIYA;x;
6090;6;165;45;BAWITI;x;
6091;48;168;173;AL-HARRA;x;
6092;90;171;46;AIN_AL-GHANBI;x;
6093;132;174;174;SIWA;x;
6094;174;177;47;AL-HAMAM;x;
6095;6;180;175;QASR_ASH_SHAMMAS;x;
6096;48;183;48;KANAIS_AL-HADID;x;
6097;90;186;176;SULLUM;x;
6098;132;189;49;TOBRUK;x;
6099;174;192;177;DERNA;x;
6100;6;195;50;WADI_MAKHIL;x;
6101;48;198;178;MARAWA;x;
6102;90;201;51;WADI MASUS;x;
6103;132;204;179;JABAL_AL-GHARBI;x;
6104;174;207;52;BARQA-AL-MARJ;x;
6105;6;210;180;BENGHAZI;x;
6106;48;0;53;AWJILA;x;
6107;90;3;181;JALU;x;
6108;132;6;54;JAKHARRAD;x;
6109;174;9;182;QUSAYR;x;
6110;6;12;55;AYDHAB;x;
6111;48;15;183;DERAHIB;x;
6112;90;18;56;HAIMUR;x;
6113;132;21;184;ALLAQI;x;
6114;174;24;57;EASTERN DESERT;x;
6115;6;27;185;LIBYAN DESERT;x;
6116;48;30;58;WADI_NATRUN;x;
6117;90;33;186;QARA;x;
6118;132;36;59;NORTH_JBL_QUZLUM;x;
6119;174;39;187;CENTRAL_JBL_QUZLUM;x;
6120;6;42;60;SOUTH_JBL_QUZLUM;x;
6121;48;45;188;UM SHASHOBA;x;
6122;90;48;61;SAFAGA;x;
6123;132;51;189;SINAI DESERT;x;
6124;174;54;62;SYRIAN DESERT;x;
6125;6;57;190;river_nile;x;
6126;48;60;63;river_tigris;x;
6127;90;63;191;river_tigris;x;
6128;132;66;64;river_tigris;x;
6129;174;69;192;TAWWAM;x;
6130;6;72;65;TAWWAM-WEST;x;
6131;48;75;193;JULFAR;x;
6132;90;78;66;MUSANDAM;x;
6133;132;81;194;DABBA;x;
6134;174;84;67;SUHAR;x;
6135;6;87;195;BATINA-EAST;x;
6136;48;90;68;RUSTAQ-OMAN;x;
6137;90;93;196;HAFIT;x;
6138;132;96;69;DHANK;x;
6139;174;99;197;BAHLA;x;
6140;6;102;70;NIZWA;x;
6141;48;105;198;SAMAD;x;
6142;90;108;71;JEBEL AKHDAR;x;
6143;132;111;199;MATRAH;x;
6144;174;114;72;MASQAT;x;
6145;6;117;200;QALHAT;x;
6146;48;120;73;SUR;x;
6147;90;123;201;JAALAN;x;
6148;132;126;74;AZ-DHAFRA;x;
6149;174;129;202;AL-JIWA;x;
6150;6;132;75;MURWAB;x;
6151;48;135;203;MASHQAR;x;
6152;90;138;76;AL-HAJAR;x;
6153;132;141;204;AL-MUSHAQQAR;x;
6154;174;144;77;AL-HASA;x;
6155;6;147;205;AL-UQAYR;x;
6156;48;150;78;UWAL;x;
6157;90;153;206;AL-KHATT;x;
6158;132;156;79;AL-QATIF;x;
6159;174;159;207;AL-JUBAYL;x;
6160;6;162;80;THAJ;x;
6161;48;165;208;KAZIMA;x;
6162;90;168;81;AR-RUQAII;x;
6163;132;171;209;YABRIN;x;
6164;174;174;82;HAFAR;x;
6165;6;177;210;AL-MAWIYA;x;
6166;48;180;83;AS-SAMMAN;x;
6167;90;183;211;AD-DAHNA DESERT;x;	#impassable
6168;132;186;84;ATH-THALABIYA;x;
6169;174;189;212;ZUBALA;x;
6170;6;192;85;LINA;x;
6171;48;195;213;AL-KHUZAIMIYA;x;
6172;90;198;86;HAIL;x;
6173;132;201;214;NUFUD-AS-SIRR;x;	#impassable
6174;174;204;87;AS-SUMAINA;x;
6175;6;207;215;BITAN;x;
6176;48;210;88;SAKAKA;x;
6177;90;0;216;AL-QARA;x;
6178;132;3;89;AL-JAWF;x;
6179;174;6;217;QASR_AT-TUBA;x;
6180;6;9;90;SIRHAN;x;
6181;48;12;218;JUBBA-HAIL;x;
6182;90;15;91;MAWQAQ;x;
6183;132;18;219;MAQNA;x;
6184;174;21;92;AINUN;x;
6185;6;24;220;SHARAF AL-BAL;x;
6186;48;27;93;SARJ;x;
6187;90;30;221;MADYAN;x;
6188;132;33;94;TABUK;x;
6189;174;36;222;FAJR;x;
6190;6;39;95;AL-AQRA;x;
6191;48;42;223;AL-MUHDATHA;x;
6192;90;45;96;TAYMA;x;
6193;132;48;224;ZIBA;x;
6194;174;51;97;AN-NABAK;x;
6195;6;54;225;AL-AWNID;x;
6196;48;57;98;BADA;x;
6197;90;60;226;AL-WAJH;x;
6198;132;63;99;AL-HAWRA;x;
6199;174;66;227;AS-SUQYA;x;
6200;6;69;0;AL-ULA;x;
6201;48;72;128;AL-HIJR;x;
6202;90;75;1;AN-NAFUD;x;			#impassable
6203;132;78;129;FADAK;x;
6204;174;81;2;FAYD;x;
6205;6;84;130;TUZ;x;
6206;48;87;3;HAJIR;x;
6207;90;90;131;KHAYBAR;x;
6208;132;93;4;DHUL-MARWA;x;
6209;174;96;132;YANBU;x;
6210;6;99;5;AL-JAR;x;
6211;48;102;133;AS-SAYAA;x;
6212;90;105;6;AL-MADINA;x;
6213;132;108;134;BATN_NAKHL;x;
6214;174;111;7;RABADHA;x;
6215;6;114;135;MADIN-AN-NAQIRA;x;
6216;48;117;8;AS-SALILA;x;
6217;90;120;136;MADINAT_SULAYM;x;
6218;132;123;9;AS-SAWARIQIYA;x;
6219;174;126;137;AS-SAFRA;x;
6220;6;129;10;RABIGH;x;
6221;48;132;138;KHULAYS;x;
6222;90;135;11;JIDDA;x;
6223;132;138;139;MAKKA;x;
6224;174;141;12;AS-SIRAYN;x;
6225;6;144;140;AT-TAIF;x;
6226;48;147;13;USFAN;x;
6227;90;150;141;SUFAINA;x;
6228;132;153;14;MARRAN;x;
6229;174;156;142;AD-DATHINA;x;
6230;6;159;15;SUBAY;x;
6231;48;162;143;RANYA;x;
6232;90;165;16;WADI_GHAMID;x;
6233;132;168;144;TURABA;x;
6234;174;171;17;TABALA-HIJAZ;x;
6235;6;174;145;BISHA;x;
6236;48;177;18;JURASH;x;
6237;90;180;146;KUTHBA;x;
6238;132;183;19;HALI;x;
6239;174;186;147;ASH-SHUQAYQ;x;
6240;6;189;20;ATTAR;x;
6241;48;192;148;HARAD;x;
6242;90;195;21;SADA;x;
6243;132;198;149;NAJRAN;x;
6244;174;201;22;WADI_TATHLITH;x;
6245;6;204;150;DAM;x;
6246;48;207;23;AQIQ_TAMRA;x;
6247;90;210;151;SARBA;x;
6248;132;0;24;AL-HADDAR;x;
6249;174;3;152;QASR-AL-ADI;x;
6250;6;6;25;FALAJ;x;
6251;48;9;153;AL-KHADARIM;x;
6252;90;12;26;AL-KHARJ;x;
6253;132;15;154;YAMAMA;x;
6254;174;18;27;AL-ARID;x;
6255;6;21;155;UBAD;x;
6256;48;24;28;NUFUD-AD-DIHI;x;		#impassable
6257;90;27;156;NUFUD-AS-SURRAH;x;
6258;132;30;29;JIBAL-AL-URD;x;
6259;174;33;157;JIBALA;x;
6260;6;36;30;AN-NIBAJ;x;
6261;48;39;158;AL-QARYATAN-QASIM;x;
6262;90;42;31;UNAYZA;x;
6263;132;45;159;RAMA;x;
6264;174;48;32;TIKHFA;x;
6265;6;51;160;DARIYA;x;
6266;48;54;33;JADILA;x;
6267;90;57;161;FALJA;x;
6268;132;60;34;WAHIBA;x;
6269;174;63;162;DUQM;x;
6270;6;66;35;AL-MAHJAM;x;
6271;48;69;163;KAMARAN;x;
6272;90;72;36;ASH-SHARAF;x;
6273;132;75;164;HUTH;x;
6274;174;78;37;AR-RAYDA;x;
6275;6;81;165;SHIBAM-SANAA;x;
6276;48;84;38;SANAA;x;
6277;90;87;166;JABAL AYBAN;x;
6278;132;90;39;FASHAL;x;
6279;174;93;167;GHALAFIQA;x;
6280;6;96;40;ZABID;x;
6281;48;99;168;MAWZA;x;
6282;90;102;41;AL-MANDAB;x;
6283;132;105;169;AL-MAAFIR;x;
6284;174;108;42;TAIZZ;x;
6285;6;111;170;AL-JANAD;x;
6286;48;114;43;ZAFAR;x;
6287;90;117;171;RADA;x;
6288;132;120;44;LAWDAR;x;
6289;174;123;172;MUSAYMIR;x;
6290;6;126;45;ADEN;x;
6291;48;129;173;SAQRA;x;
6292;90;132;46;AHWAN;x;
6293;132;135;174;BALHAF;x;
6294;174;138;47;AZZAN;x;
6295;6;141;175;NISAB;x;
6296;48;144;48;SHABWA;x;
6297;90;147;176;BAYHAN;x;
6298;132;150;49;BARAQISH;x;
6299;174;153;177;MAIN;x;
6300;6;156;50;WABAR;x;
6301;48;159;178;HISN_AL-ABR;x;
6302;90;162;51;AL-AHQAF;x;
6303;132;165;179;THAMUD;x;
6304;174;168;52;BARHUT;x;
6305;6;171;180;INAT;x;
6306;48;174;53;SHIBAM;x;
6307;90;177;181;QABR_SALIH;x;
6308;132;180;54;QUTN;x;
6309;174;183;182;HURAYDA;x;
6310;6;186;55;KHURAYBA;x;
6311;48;189;183;MUKALLA;x;
6312;90;192;56;ASH-SHIHR;x;
6313;132;195;184;AL-ASA;x;
6314;174;198;57;RAYSUT;x;
6315;6;201;185;DHUFAR;x;
6316;48;204;58;MIRBA;x;
6317;90;207;186;HASIK;x;
6318;132;210;59;RUB-AL-KHALI;x;		#impassable
6319;174;0;187;JIBAL-AL-HIJAZI;x;	#impassable
6320;6;3;60;AL-HAJRA;x;				#impassable
6321;48;6;188;SINAWIN;x;
6322;90;9;61;TEDMAIT;x;
6323;132;12;189;ERG-SHARQI;x;		#impassable
6324;174;15;62;ERG-MZABI;x;			#impassable
6325;6;18;190;ATLAS-AS-SAHRI;x;		#impassable
6326;48;21;63;ERG-GHARBI;x;			#impassable
6327;90;24;191;WAHAT-DESERT;x;		#impassable
6328;132;27;64;WESTERN_DESERT;x;	#impassable
6329;174;30;192;QURTA;x;
6330;6;33;65;IKHMINDI;x;
6331;48;36;193;SAYALA;x;
6332;90;39;66;KOROSKO;x;
6333;132;42;194;SHEIKH_DAWUD;x;
6334;174;45;67;QASR_IBRIM;x;
6335;6;48;195;SERRA;x;
6336;48;51;68;FARAS;x;
6337;90;54;196;SEMNA;x;
6338;132;57;69;AKASHA;x;
6339;174;60;197;SAI;x;
6340;6;63;70;DELGO;x;
6341;48;66;198;TUMBUS;x;
6342;90;69;71;KEMNA;x;
6343;132;72;199;DONGOLA;x;
6344;174;75;72;OLD-DONGOLA;x;
6345;6;78;200;DEBBA;x;
6346;48;81;73;GRNETTI;x;
6347;90;84;201;TANKASI;x;
6348;132;87;74;KAREIMA;x;
6349;174;90;202;NURI;x;
6350;6;93;75;AL-GHAZALI;x;
6351;48;96;203;KURGUS;x;
6352;90;99;76;ABU-HAMMAD;x;
6353;132;102;204;TARFAYA;x;
6354;174;105;77;KOROSKO-ROAD;x;
6355;6;108;205;BERBER;x;
6356;48;111;78;ATBARA;x;
6357;90;114;206;AL-BAWGA;x;
6358;132;117;79;ED-DAMER;x;
6359;174;120;207;KASSI-MARKOL;x;
6360;6;123;80;DIFFAR;x;
6361;48;126;208;SABAGURA;x;
6362;90;129;81;KALABSHA;x;
6363;132;132;209;AL-ABWAB;x;
6364;174;135;82;SHENDI;x;
6365;6;138;210;KELI;x;
6366;48;141;83;WAD_HAMID;x;
6367;90;144;211;SHEMKHIYA;x;
6368;132;147;84;REDAB;x;
6369;174;150;212;KUWEIB;x;
6370;6;153;85;AL-HAJAR_NUBIA;x;
6371;48;156;213;DUNGUNAB;x;
6372;90;159;86;WADI_ODIB;x;
6373;132;162;214;GEBEIT;x;
6374;174;165;87;NAQIS-NORTH;x;
6375;6;168;215;KHAWR_NUBT;x;
6376;48;171;88;SINKAT;x;
6377;90;174;216;SUAKIN;x;
6378;132;177;89;TOKAR;x;
6379;174;180;217;AKIK;x;
6380;6;183;90;BADI;x;
6381;48;186;218;BAZIN;x;
6382;90;189;91;WADI_AMUR;x;
6383;132;192;219;UPPER_AMUR;x;
6384;174;195;92;NAQIS-SOUTH;x;
6385;6;198;220;BAQLIN-NORTH;x;
6386;48;201;93;BAQLIN-WEST;x;
6387;90;204;221;BAQLIN-EAST;x;
6388;132;207;94;LOWER_ODIB;x;
6389;174;210;222;SHUNQAYR;x;
6390;6;0;95;SHAHEINAB;x;
6391;48;3;223;GEILI;x;
6392;90;6;96;KADERO;x;
6393;132;9;224;USHARA;x;
6394;174;12;97;SOBA;x;
6395;6;15;225;ALTI;x;
6396;48;18;98;GETEINA;x;
6397;90;21;226;KAMLIN;x;
6398;132;24;99;ARBAJI;x;
6399;174;27;227;UM_SUNT;x;
6400;6;30;0;SENNAR;x;
6401;48;33;128;SAQADI;x;
6402;90;36;1;JEBEL_MOYA;x;
6403;132;39;129;SINGA;x;
6404;174;42;2;ABU_GEILI;x;
6405;6;45;130;EL-ELEILA;x;
6406;48;48;3;BASHARGA;x;
6407;90;51;131;NAGA;x;
6408;132;54;4;BASA;x;
6409;174;57;132;UMM_USUDA;x;
6410;6;60;5;JEBEL_GEILI;x;
6411;48;63;133;MIDDLE_ATBARA;x;
6412;90;66;6;KASSALA;x;
6413;132;69;134;KHAWR_BARAKA;x;
6414;174;72;7;DJARIN;x;
6415;6;75;135;WADI_EL-MILK;x;
6416;48;78;8;BAYUDA_WEST;x;				#impassable
6417;90;81;136;BAYUDA_EAST;x;			#impassable
6418;132;84;9;BUTANA;x;					#impassable
6419;174;87;137;BUTANA_NORTH;x;			#impassable
6420;6;90;10;NUBIAN_DESERT_SOUTH;x;		#impassable
6421;48;93;138;NUBIAN_DESERT_EAST;x;	#impassable
6422;90;96;11;NUBIAN_DESERT_WEST;x;		#impassable
6423;132;99;139;JEBEL_BEJA;x;			#impassable
6424;174;102;12;WESTERN_NUB_DESERT;x;	#impassable
6425;6;105;140;WAHAT-DESERT-SOUTH;x;	#impassable
6426;48;108;13;DAR_HAMID;x;				#impassable
6427;90;111;141;JEBEL_ABU_NEGILA;x;
6428;132;114;14;BIR_EL-KAI;x;
6429;174;117;142;KOSTI;x;
6430;6;120;15;TAGALI;x;
6431;48;123;143;TAGALI_SOUTH;x;
6432;90;126;16;RENK;x;
6433;132;129;144;FAZUGHLI;x;
6434;174;132;17;AL-RUSAYRISI;x;
6435;6;135;145;FAZUGHLI-EAST;x;
6436;48;138;18;WOLQAYT;x;
6437;90;141;146;SHOWAK;x;
6438;132;144;19;QATAA;x;
6439;174;147;147;MARYA;x;
6440;6;150;20;DHERBE;x;
6441;48;153;148;KA'BIR;x;
6442;90;156;21;TO_LUS;x;
6443;132;159;149;GASH;x;
6444;174;162;22;SHOWAK_SOUTH;x;
6445;6;165;150;WAD_ABU_NAHL;x;
6446;48;168;23;ZALHA;x;
6447;90;171;151;ZAWILA;x;
6448;132;174;24;SABHA;x;
6449;174;177;152;GERMA;x;
6450;6;180;25;TASSAWA;x;
6451;48;183;153;MURZUK;x;
6452;90;186;26;DJADO;x;
6453;132;189;154;TUMMO;x;
6454;174;192;27;SAKADAME;x;
6455;6;195;155;GISSEBI;x;
6456;48;198;28;DIRKU;x;
6457;90;201;156;BILMA;x;
6458;132;204;29;DIBELA;x;
6459;174;207;157;TAMZAWA;x;
6460;6;210;30;GHAT;x;
6461;48;0;158;AL-FEWET;x;
6462;90;3;31;AL-BARKAT;x;
6463;132;6;159;DJANET;x;
6464;174;9;32;EFERI;x;
6465;6;12;160;REGGANE;x;
6466;48;15;33;TAMENTIT;x;
6467;90;18;161;ADRAR_TIMMI;x;
6468;132;21;34;BOUDA;x;
6469;174;24;162;WADI_DAOURA;x;
6470;6;27;35;TINDOUF;x;
6471;48;30;163;SEQIUET_EL-HAMRA;x;
6472;90;33;36;ZAMMOUR;x;
6473;132;36;164;BIR_UM-GHREIN;x;
6474;174;39;37;TIRIS;x;
6475;6;42;165;IJIL;x;
6476;48;45;38;WADAN;x;
6477;90;48;166;TINIGI;x;
6478;132;51;39;SHINQITI;x;
6479;174;54;167;AZUKKI;x;
6480;6;57;40;AKJOUJT;x;
6481;48;60;168;AMATLUS;x;
6482;90;63;41;TIRIS-SOUTH;x;
6483;132;66;169;GARUMELE;x;
6484;174;69;42;NGUIGMI;x;
6485;6;72;170;MANAN;x;
6486;48;75;43;KANEM;x;
6487;90;78;171;JIMI;x;
6488;132;81;44;TIE;x;
6489;174;84;172;TARAZKI;x;
6490;6;87;45;KAGUSTI;x;
6491;48;90;173;MADAN;x;
6492;90;93;46;AUNO;x;
6493;132;96;174;KORO_TORO;x;
6494;174;99;47;BORKOU;x;
6495;6;102;175;FAYA;x;
6496;48;105;48;AIN_GALAKKA;x;
6497;90;108;176;TIBESTI-SOUTH;x;
6498;132;111;49;TIBESTI-CENTRAL;x;
6499;174;114;177;BARDAI;x;
6500;6;117;50;AJERE;x;
6501;48;120;178;BALBELEC;x;
6502;90;123;51;GASKERU;x;
6503;132;126;179;DIFFA;x;
6504;174;129;52;YAU;x;
6505;6;132;180;KUKAWA;x;
6506;48;135;53;GARU_KIME;x;
6507;90;138;181;DIKWA;x;
6508;132;141;54;MEGE;x;
6509;174;144;182;YERWA;x;
6510;6;147;55;GALAGA;x;
6511;48;150;183;GAZARGAMO;x;
6512;90;153;56;GAMBARU;x;
6513;132;156;184;DIAKAM;x;
6514;174;159;57;ZAMTAM;x;
6515;6;162;185;MUNIO;x;
6516;48;165;58;NGURU;x;
6517;90;168;186;HADEJIA;x;
6518;132;171;59;KUFAN_KANAWA;x;
6519;174;174;187;KANO;x;
6520;6;177;60;KURA;x;
6521;48;180;188;BAUCHI;x;
6522;90;183;61;GOMBE;x;
6523;132;186;189;WUKARI;x;
6524;174;189;62;WASE;x;
6525;6;192;190;MURI;x;
6526;48;195;63;AZARE;x;
6527;90;198;191;KATAGUM;x;
6528;132;201;64;KUDU;x;
6529;174;204;192;RANO;x;
6530;6;207;65;DURUM;x;
6531;48;210;193;JOS;x;
6532;90;0;66;GONGOLA;x;
6533;132;3;194;KWARARAFA;x;
6534;174;6;67;FIKA;x;
6535;6;9;195;GABAS;x;
6536;48;12;68;DAURA;x;
6537;90;15;196;KATSINA;x;
6538;132;18;69;MARANDI;x;
6539;174;21;197;GOBIR;x;
6540;6;24;70;DUTSI;x;
6541;48;27;198;SOKOTO;x;
6542;90;30;71;ANKA;x;
6543;132;33;199;GUSAU;x;
6544;174;36;72;ZAZZAU;x;
6545;6;39;200;TURUNKU;x;
6546;48;42;73;NOK;x;
6547;90;45;201;TARUGA;x;
6548;132;48;74;BIDA;x;
6549;174;51;202;MINNA;x;
6550;6;54;75;KADUNA;x;
6551;48;57;203;ZURU;x;
6552;90;60;76;KONTOKORO;x;
6553;132;63;204;YAURI;x;
6554;174;66;77;GUMMI;x;
6555;6;69;205;KEBBI;x;
6556;48;72;78;SOKOTO-NORTH;x;
6557;90;75;206;TAHOUA;x;
6558;132;78;79;GOBIR-EAST;x;
6559;174;81;207;ZINDER;x;
6560;6;84;80;MARANDET;x;
6561;48;87;208;AGADEZ;x;
6562;90;90;81;TAKKEDA;x;
6563;132;93;209;AIR;x;
6564;174;96;82;TESSALIT;x;
6565;6;99;210;ADRAR_IFOGHAS;x;
6566;48;102;83;TADMEKKA;x;
6567;90;105;211;KIDAL;x;
6568;132;108;84;DOSSO;x;
6569;174;111;212;GAYA2;x;
6570;6;114;85;ROZI;x;
6571;48;117;213;TILLABERI;x;
6572;90;120;86;KUKIYA;x;
6573;132;123;214;TANDO_HUSUBIYA;x;
6574;174;126;87;KAMGALA;x;
6575;6;129;215;ANSONGO;x;
6576;48;132;88;GADEI;x;
6577;90;135;216;GAO;x;
6578;132;138;89;SARNAH;x;
6579;174;141;217;KOIMA;x;
6580;6;144;90;BOUREM;x;
6581;48;147;218;TIRAKKA;x;
6582;90;150;91;GURMA-RHAROUS;x;
6583;132;153;219;DAHAR_WALATA;x;
6584;174;156;92;AGHARAF;x;
6585;6;159;220;TIRIS_DESERT;x;
6586;48;162;93;ERG_CHECH;x;
6587;90;165;221;ERG_IGUIDI;x;
6588;132;168;94;HAMADAT_DRAA;x;
6589;174;171;222;TANZEROUFT;x;
6590;6;174;95;TIDIKELT;x;
6591;48;177;223;HAMADAT_TINGHERT;x;
6592;90;180;96;ERG_ATLASI;x;
6593;132;183;224;ERG_TOUATI;x;
6594;174;186;97;HAMADAT_HAMRA;x;
6595;6;189;225;JEBEL_NAFUSA;x;
6596;48;192;98;IDEHAN_MURZUQ;x;
6597;90;195;226;SAHARAT_HAGGAR;x;
6598;132;198;99;SAHARAT_AIR;x;
6599;174;201;227;TALAK;x;
6600;6;204;0;TENERE_GHARBI;x;
6601;48;207;128;WADI_IRAWAN;x;
6602;90;210;1;ERG_GHATI;x;
6603;132;0;129;TENERE_SHARQI;x;
6604;174;3;2;TIBESTI-DESERT;x;
6605;6;6;130;BODELE-DESERT;x;
6606;48;9;3;BAHR_EL-GHAZAL;x;
6607;90;12;131;JUFRA;x;
6608;132;15;4;KABARA;x;
6609;174;18;132;TIMBUKTU;x;
6610;6;21;5;ARAWAN;x;
6611;48;24;133;RAS_EL-MA;x;
6612;90;27;6;KILLI;x;
6613;132;30;134;KOUGA;x;
6614;174;33;7;TONDIARU;x;
6615;6;36;135;AKUMBU;x;
6616;48;39;8;KOLIMA;x;
6617;90;42;136;TOLADIE;x;
6618;132;45;9;BOULEL;x;
6619;174;48;137;DIA;x;
6620;6;51;10;MARA;x;
6621;48;54;138;SHOMA;x;
6622;90;57;11;WEST_MEMA;x;
6623;132;60;139;NIARA;x;
6624;174;63;12;BOU_KHZAMA;x;
6625;6;66;140;WALATA;x;
6626;48;69;13;TIMBEDRA;x;
6627;90;72;141;KUMBI;x;
6628;132;75;14;AL-GHABA;x;
6629;174;78;142;GUMBU;x;
6630;6;81;15;BIRU2;x;
6631;48;84;143;AWGHAM;x;
6632;90;87;16;KRI;x;
6633;132;90;144;BANAMBA;x;
6634;174;93;17;NIAMINA;x;
6635;6;96;145;KOULIKORO;x;
6636;48;99;18;KOLOKANI;x;
6637;90;102;146;SIBI2;x;
6638;132;105;19;KIRINA;x;
6639;174;108;147;KANGABA;x;
6640;6;111;20;TABON;x;
6641;48;114;148;BANGASI;x;
6642;90;117;21;LANBA;x;
6643;132;120;149;TAMANI;x;
6644;174;123;22;SANADO;x;
6645;6;126;150;SEGOU;x;
6646;48;129;23;SOUM;x;
6647;90;132;151;KANIANA;x;
6648;132;135;24;TABA;x;
6649;174;138;152;SAN;x;
6650;6;141;25;AGHARAF_ROAD;x;# Corridor
6651;48;144;153;IGUIDI_WEST;x;# Corridor
6652;90;147;26;TINDOUF_ROAD;x;# Corridor
6653;132;150;154;IGUIDI_EAST;x;# Corridor
6654;174;153;27;TAGHAZA_ROAD;x;# Corridor
6655;6;156;155;SAOURA;x;# Corridor
6656;48;159;28;ARAWAN_ROAD;x;# Corridor
6657;90;162;156;KAWAR_ROAD;x;# Corridor
6658;132;165;29;AIR_ROUTE;x;# Corridor
6659;174;168;157;FACHI;x;# Corridor
6660;6;171;30;FACHI_ROUTE;x;# Corridor
6661;48;174;158;GHAT_ROUTE;x;# Corridor
6662;90;177;31;EAST_AHAGGAR;x;# Corridor
6663;132;180;159;AHAGGAR;x;# Corridor
6664;174;183;32;TADMEKKA_ROUTE;x;# Corridor
6665;6;186;160;BAHR_EL-GHAZAL_ROUTE;x;# Corridor
6666;48;189;33;TIBESTI_ROUTE;x;# Corridor
6667;90;192;161;FEZZAN_ROUTE;x;# Corridor
6668;132;195;34;DJADO_ROUTE;x;# Corridor
6669;174;198;162;TRAGHAN;x;
6670;6;201;35;BANGU;x;
6671;48;204;163;SAFARE;x;
6672;90;207;36;NGUMA;x;
6673;132;210;164;KORIENZA;x;
6674;174;0;37;ZAMPIA;x;
6675;6;3;165;DOUENTZA;x;
6676;48;6;38;SAMYERE;x;
6677;90;9;166;HOMBORI;x;
6678;132;12;39;DINDE;x;
6679;174;15;167;OURSI;x;
6680;6;18;40;KISSI;x;
6681;48;21;168;SAOUGA;x;
6682;90;24;41;DORI;x;
6683;132;27;169;GABOU;x;
6684;174;30;42;BURA;x;
6685;6;33;170;ARIBINDA;x;
6686;48;36;43;SIRBA;x;
6687;90;39;171;TONDIKWAREY;x;
6688;132;42;44;SAY;x;
6689;174;45;172;BILANGA;x;
6690;6;48;45;GURMA-WEST;x;
6691;48;51;173;NUNGU;x;
6692;90;54;46;TENKUDUGO;x;
6693;132;57;174;BURZANGA;x;
6694;174;60;47;GITI;x;
6695;6;63;175;MERGAO;x;
6696;48;66;48;WALGUYO;x;
6697;90;69;176;ZONDOMA;x;
6698;132;72;49;GURSI;x;
6699;174;75;177;GUILONGU;x;
6700;6;78;50;WAGADUGU;x;
6701;48;81;178;DOUNA;x;
6702;90;84;51;RIM;x;
6703;132;87;179;SANGA;x;
6704;174;90;52;OUNJOUGOU;x;
6705;6;93;180;BANDIAGARA;x;
6706;48;96;53;BANKASS;x;
6707;90;99;181;SENO-SOUTH;x;
6708;132;102;54;BENA;x;
6709;174;105;182;DOUROLA;x;
6710;6;108;55;MOPTI;x;
6711;48;111;183;JENNE-JENO;x;
6712;90;114;56;KIRI-BARA;x;
6713;132;117;184;BURUNFONGO;x;
6714;174;120;57;PEKINGA;x;
6715;6;123;185;BIRNIN_LAFIYA;x;
6716;48;126;58;SOTA;x;
6717;90;129;186;MADEKALI;x;
6718;132;132;59;BUSA;x;
6719;174;135;187;GOBNANGOU;x;
6720;6;138;60;PENTENGA;x;
6721;48;141;188;BIUN;x;
6722;90;144;61;SIKASSO;x;
6723;132;147;189;KUMYA;x;
6724;174;150;62;BANINKO;x;
6725;6;153;190;MANI;x;
6726;48;156;63;MORIBUGU;x;
6727;90;159;191;DAKAJALAN;x;
6728;132;162;64;FIGUIRA;x;
6729;174;165;192;NIANI;x;
6730;6;168;65;WASULU;x;
6731;48;171;193;YANFOLILA;x;
6732;90;174;66;KAMARO;x;
6733;132;177;194;KANKAN;x;
6734;174;180;67;JELIBAKORO;x;
6735;6;183;195;FADAMA;x;
6736;48;186;68;AMANA;x;
6737;90;189;196;KOUROUSSA;x;
6738;132;192;69;BALATO;x;
6739;174;195;197;SIGUIRI;x;
6740;6;198;70;TINKISSO;x;
6741;48;201;198;KONFARA;x;
6742;90;204;71;DIAKHA;x;
6743;132;207;199;NYENINGO;x;
6744;174;210;72;GOUNDAFA;x;
6745;6;0;200;DIOUBOYE;x;
6746;48;3;73;ARONDO;x;
6747;90;6;201;YARESNA;x;
6748;132;9;74;GHIYARU;x;
6749;174;12;202;BAFULABE;x;
6750;6;15;75;KUNJAN;x;
6751;48;18;203;BADUMBE;x;
6752;90;21;76;KITA;x;
6753;132;24;204;BIRGO;x;
6754;174;27;77;GEMUKURA;x;
6755;6;30;205;FARABUGU;x;
6756;48;33;78;SORMA;x;
6757;90;36;206;BAKUNU;x;
6758;132;39;79;DIARA;x;
6759;174;42;207;NIORO;x;
6760;6;45;80;KEDAMA;x;
6761;48;48;208;MASIN;x;
6762;90;51;81;AKRIJIT;x;
6763;132;54;209;TICHITT;x;
6764;174;57;82;AWDAGHOST;x;
6765;6;60;210;HODH-SOUTH;x;
6766;48;63;83;HODH-WEST;x;
6767;90;66;211;TAGANT;x;
6768;132;69;84;TAGANT-WEST;x;
6769;174;72;212;KANIAGA;x;
6770;6;75;85;YELIMANE;x;
6771;48;78;213;SERO;x;
6772;90;81;86;GUIDIMAKA;x;
6773;132;84;214;DIAFUNU;x;
6774;174;87;87;KARAKORO;x;
6775;6;90;215;WOMPU;x;
6776;48;93;88;JOWOL;x;
6777;90;96;216;NGOPPUGU;x;
6778;132;99;89;SILLA;x;
6779;174;102;217;BAKEL;x;
6780;6;105;90;OGO;x;
6781;48;108;218;PODOR;x;
6782;90;111;91;TAKRUR;x;
6783;132;114;219;WAALO;x;
6784;174;117;92;WARAM;x;
6785;6;120;220;AWLIL;x;
6786;48;123;93;CUBALEL;x;
6787;90;126;221;DAGANA;x;
6788;132;129;94;HODH_DESERT;x;#impassable
6789;174;132;222;INLAND_NIGER_DELTA;x;#impassable
6790;6;135;95;SIKASSO_HILLS;x;#impassable
6791;48;138;223;river_niger;x;
6792;90;141;96;river_niger;x;
6793;132;144;224;river_niger;x;
6794;174;147;97;river_niger;x;
6795;6;150;225;river_niger;x;
6796;48;153;98;river_niger;x;
6797;90;156;226;DHRAINA;x;
6798;132;159;99;ANATE;x;
6799;174;162;227;KINGUI;x;
6800;6;165;0;GALAM;x;
6801;48;168;128;KONKO;x;
6802;90;171;1;SANGALAN;x;
6803;132;174;129;UPPER_GAMBIA;x;
6804;174;177;2;BAGUIRMI-WEST;x;
6805;6;180;130;BAGUIRMI;x;
6806;48;183;3;MASSENYA;x;
6807;90;186;131;BIDDIRI;x;
6808;132;189;4;DAM;x;
6809;174;192;132;BARMA2;x;
6810;6;195;5;MIGRI;x;
6811;48;198;133;BANRE;x;
6812;90;201;6;LOGONE-BIRNI;x;
6813;132;204;134;MAKARI;x;
6814;174;207;7;NGALA;x;
6815;6;210;135;BAMA;x;
6816;48;0;8;KOUSSERI;x;
6817;90;3;136;DUOLO;x;
6818;132;6;9;BOGO;x;
6819;174;9;137;MINDIF;x;
6820;6;12;10;KALFOU;x;
6821;48;15;138;DAGWAMBA;x;
6822;90;18;11;BIU;x;
6823;132;21;139;GAROUA;x;
6824;174;24;12;BIBEMI;x;
6825;6;27;140;BINDIR;x;
6826;48;30;13;MARGI;x;
6827;90;33;141;BABUR;x;
6828;132;36;14;KERA;x;
6829;174;39;142;GIZEY;x;
6830;6;42;15;MARBA;x;
6831;48;45;143;NGAMBAY;x;
6832;90;48;16;KIM;x;
6833;132;51;144;MILTOU;x;
6834;174;54;17;KWANG;x;
6835;6;57;145;MASA;x;
6836;48;60;18;MBARA;x;
6837;90;63;146;LAFANA;x;
6838;132;66;19;BOUSSO;x;
6839;174;69;147;TUMAK;x;
6840;6;72;20;SUMRAY;x;
6841;48;75;148;NIELLIM;x;
6842;90;78;21;BOA;x;
6843;132;81;149;SARWA;x;
6844;174;84;22;MELFI_SAO;x;
6845;6;87;150;NGAMA;x;
6846;48;90;23;FELLATA;x;
6847;90;93;151;LAIRI;x;
6848;132;96;24;KOUKI;x;
6849;174;99;152;WAGNA;x;
6850;6;102;25;GHAZZAL;x;
6851;48;105;153;MANGA;x;
6852;90;108;26;YAO_FITRI;x;
6853;132;111;154;GASGA;x;
6854;174;114;27;KADAM;x;
6855;6;117;155;KADAM-WEST;x;
6856;48;120;28;KADAM-SOUTH;x;
6857;90;123;156;DAR_RASHID;x;
6858;132;126;29;IRO;x;
6859;174;129;157;SALAMAT;x;
6860;6;132;30;GOZ_BEIDA;x;
6861;48;135;158;DAR_SILA;x;
6862;90;138;31;ABECHE;x;
6863;132;141;159;WARA;x;
6864;174;144;32;WADAI;x;
6865;6;147;160;MASALIT;x;
6866;48;150;33;WADI_AZWA;x;
6867;90;153;161;KABKABIYA;x;
6868;132;156;34;KUBAYH;x;
6869;174;159;162;EL-FASHER;x;
6870;6;162;35;TURRA;x;
6871;48;165;163;DAR_WONA;x;
6872;90;168;36;KUNDI;x;
6873;132;171;164;MASA;x;
6874;174;174;37;URI;x;
6875;6;177;165;AIN_FARAH;x;
6876;48;180;38;MAO_DARFUR;x;
6877;90;183;166;HILEILA;x;
6878;132;186;39;HURAYZ;x;
6879;174;189;167;UMM_GAFALA;x;
6880;6;192;40;GHUBAYSH;x;
6881;48;195;168;EN_NAHUD;x;
6882;90;198;41;WEST_KORDOFAN;x;
6883;132;201;169;EL-OBEID;x;
6884;174;204;42;EAST_KORDOFAN;x;
6885;6;207;170;MALHA;x;
6886;48;210;43;KERKER;x;
6887;90;0;171;UMM_KEDADA;x;
6888;132;3;44;TAGABO;x;
6889;174;6;172;TEIGA;x;
6890;6;9;45;SIMIAT;x;
6891;48;12;173;TUREIQ;x;
6892;90;15;46;QIMR;x;
6893;132;18;174;TAMA;x;
6894;174;21;47;EAST_SILA;x;
6895;6;24;175;EAST_DARFUR;x;
6896;48;27;48;UPPER_MILK;x;
6897;90;30;176;LAGOWA;x;
6898;132;33;49;SHATT;x;
6899;174;36;177;LIGURI;x;
6900;6;39;50;CENTRAL_KORDOFAN;x;
6901;48;42;178;SIDRAH;x;
6902;90;45;51;MUERA_MTS;x;#impassable
6903;132;48;179;MANDARA_MTS;x;#impassable
6904;174;51;52;DARFUR_DESERT;x;#impassable
6905;6;54;180;ULAIRA;x;
6906;48;57;53;KULFO;x;
6907;90;60;181;KUTIGI;x;
6908;132;63;54;RABA;x;
6909;174;66;182;GBAJIGBO;x;
6910;6;69;55;TADA;x;
6911;48;72;183;ILORIN;x;
6912;90;75;56;OYO-ILE;x;
6913;132;78;184;JEBBA;x;
6914;174;81;57;KAIAMA;x;
6915;6;84;185;KAOJE;x;
6916;48;87;58;ILO;x;
6917;90;90;186;KANDI;x;
6918;132;93;59;SEGBANA;x;
6919;174;96;187;NIKKI;x;
6920;6;99;60;OKUTA;x;
6921;48;102;188;KENU;x;
6922;90;105;61;ILESA;x;
6923;132;108;189;IGBOHO;x;
6924;174;111;62;PARAKOU;x;
6925;6;114;190;ODO-AKABA;x;
6926;48;117;63;BORGU;x;
6927;90;120;191;MOSHI;x;
6928;132;123;64;NIKKI_WEST;x;
6929;174;126;192;ALIBORI;x;
6930;6;129;65;MEKROU;x;
6931;48;132;193;KOUANDE;x;
6932;90;135;66;YOHONGOU;x;
6933;132;138;194;SANSANE_MANGO;x;
6934;174;141;67;PUSUGA;x;
6935;6;144;195;BAWKU;x;
6936;48;147;68;DIKUTATENI;x;
6937;90;150;196;KUISUGU;x;
6938;132;153;69;PERMA;x;
6939;174;156;197;DJUGU;x;
6940;6;159;70;JIMBALE;x;
6941;48;162;198;SAKOGU;x;
6942;90;165;71;YENDI;x;
6943;132;168;199;SALAGA;x;
6944;174;171;72;MOLE_SOUTH;x;
6945;6;174;200;MAWLI;x;
6946;48;177;73;DABOYA;x;
6947;90;180;201;NAKANBE;x;
6948;132;183;74;PO;x;
6949;174;186;202;GURUNSI;x;
6950;6;189;75;LEO;x;
6951;48;192;203;LOWER_LOBI;x;
6952;90;195;76;UPPER_LOBI;x;
6953;132;198;204;KIRIKONGO;x;
6954;174;201;77;BOROMO;x;
6955;6;204;205;MOUHOUN;x;
6956;48;207;78;WA;x;
6957;90;210;206;UPPER_MOLE;x;
6958;132;0;79;BOLE2;x;
6959;174;3;207;BOUNA;x;
6960;6;6;80;LOROPENI;x;
6961;48;9;208;BANDA;x;
6962;90;12;81;BONDUKU;x;
6963;132;15;209;SAMPA;x;
6964;174;18;82;BEGHO;x;
6965;6;21;210;WENCHI;x;
6966;48;24;83;BUIPE;x;
6967;90;27;211;AHWENE_KOKO;x;
6968;132;30;84;UPPER_TANO;x;
6969;174;33;212;TEKYIMAN;x;
6970;6;36;85;BONO_MANSO;x;
6971;48;39;213;KINTAMPO;x;
6972;90;42;86;BUGURIBA;x;
6973;132;45;214;BOBO_DYULASSO;x;
6974;174;48;87;IRINGU;x;
6975;6;51;215;KOMOE;x;
6976;48;54;88;LERABA;x;
6977;90;57;216;KONG-NORTH;x;
6978;132;60;89;UPPER_NZI;x;
6979;174;63;217;KORHOGO;x;
6980;6;66;90;FOLONA;x;
6981;48;69;218;BANDAMA_SPRINGS;x;
6982;90;72;91;UPPER_NYENE;x;
6983;132;75;219;LOWER_NYENE;x;
6984;174;78;92;BANIFING;x;
6985;6;81;220;BAOULE;x;
6986;48;84;93;DEGOU;x;
6987;90;87;221;TUDUGU;x;
6988;132;90;94;ODIENNE;x;
6989;174;93;222;TYEME;x;
6990;6;96;95;SAMATIGILA;x;
6991;48;99;223;SANAFULA;x;
6992;90;102;96;BISANDUGU;x;
6993;132;105;224;BASANDO;x;
6994;174;108;97;KULIYA;x;
6995;6;111;225;NYADA;x;
6996;48;114;98;FWALA-KONYAN;x;
6997;90;117;226;KAYAO;x;
6998;132;120;99;VOLTA_HIGHLAND;x;#impassable
6999;174;123;227;GAMBAGA_ESCARPMENT;x;#impassable
#START RANGE ARTHUR B (bis);;;;;;
7000;7;126;0;Demiianka;x;
7001;49;129;128;Bardak;x;
7002;91;132;1;Koshley Vosh;x;
7003;133;135;129;Uluskate;x;
7004;175;138;2;Liniek;x;
7005;7;141;130;Selinga;x;
7006;49;144;3;Sibir;x;
7007;91;147;131;Berisiy;x;
7008;133;150;4;Asmaak;x;
7009;175;153;132;Yorgaet;x;
7010;7;156;5;Vagaiskoy;x;
7011;49;159;133;Kulema;x;
7012;91;162;6;Kartaszevo;x;
7013;133;165;134;Petropavolsk;x;
7014;175;168;7;Vagay;x;
7015;7;171;135;Dolgujar;x;
7016;49;174;8;Ust-Ishim;x;
7017;91;177;136;Yalu Torovsk;x;
7018;133;180;9;Mostovskoye;x;
7019;175;183;137;Uktuz;x;
7020;7;186;10;Vargashi;x;
7021;49;189;138;Mamlyutka;x;
7022;91;192;11;Skramlrak;x;
7023;133;195;139;Kak;x;
7024;175;198;12;Auliekol;x;
7025;7;201;140;Kush-Murun;x;
7026;49;204;13;Karasu;x;
7027;91;207;141;Omgul;x;
7028;133;210;14;Zavialova;x;
7029;175;0;142;Vikulova;x;
7030;7;3;15;Kazanskoye;x;
7031;49;6;143;Tenis;x;
7032;91;9;16;Tukalinsk;x;
7033;133;12;144;Sargatka;x;
7034;175;15;17;Ibeitei;x;
7035;7;18;145;Petropavl;x;
7036;49;21;18;Kafa;x;
7037;91;24;146;Kokchetav;x;
7038;133;27;19;Atbasar;x;
7039;175;30;147;Chargaldzin;x;
7040;7;33;20;Astrakhanka;x;
7041;49;36;148;Erementau;x;
7042;91;39;21;Karu Samys;x;		#Kazakh
7043;133;42;149;Koriakovsky;x;
7044;175;45;22;Omsk;x;
7045;7;48;150;Tiabis;x;
7046;49;51;23;Tatarka;x;
7047;91;54;151;Kainsk;x;
7048;133;57;24;Sals Poveret;x;
7049;175;60;152;Abyszkan;x;
7050;7;63;25;Chany;x;
7051;49;66;153;Tatarki;x;
7052;91;69;26;Karasuk;x;
7053;133;72;154;Pavlodar;x;
7054;175;75;27;Yamishevo;x;
7055;7;78;155;Ishim wasteland;x;
7056;49;81;28;Altin Wasteland;x;
7057;91;84;156;Kurtan;x;
7058;133;87;29;Shchuchye;x;
7059;175;90;157;Shchuchinsk;x;
7060;7;93;30;Koksengrisor;x;
7061;49;96;158;Seletyteniz;x;
7062;91;99;31;Teke;x;
7063;133;102;159;Ertis;x;
7064;175;105;32;Karaoba;x;
7065;7;108;160;Qoshagyl;x;		#Turkestan update
7066;49;111;33;Azgyl;x;
7067;91;114;161;Issenjau;x;
7068;133;117;34;Namastau;x;
7069;175;120;162;Asheh-Atrik;x;
7070;7;123;35;Kos-Buwak;x;
7071;49;126;163;Chumishtikul;x;
7072;91;129;36;Kumstan;x;
7073;133;132;164;Tengiz;x;
7074;175;135;37;Beyneu;x;
7075;7;138;165;Sam;x;
7076;49;141;38;Churuk;x;
7077;91;144;166;Fort Novoaleksandrovkiy;x;
7078;133;147;39;Kajdak;x;
7079;175;150;167;Koizak;x;
7080;7;153;40;Karasye;x;
7081;49;156;168;Fort Aleksandrovkiy;x;
7082;91;159;41;Busaga;x;
7083;133;162;169;Porsu-Burun;x;
7084;175;165;42;Sai-Kule;x;
7085;7;168;170;Bekdas;x;
7086;49;171;43;Sumbe;x;
7087;91;174;171;Kum-Sebszen;x;
7088;133;177;44;Oglamych;x;
7089;175;180;172;Vezir;x;
7090;7;183;45;Davlet-Girei;x;
7091;49;186;173;Kulandy;x;
7092;91;189;46;Kugaral;x;
7093;133;192;174;Kashkarata;x;
7094;175;195;47;Djamantau;x;
7095;7;198;175;Emba;x;
7096;49;201;48;Barsuki;x;
7097;91;204;176;Agyspe;x;
7098;133;207;49;Chushka-Kol;x;
7099;175;210;177;Airyuk;x;
7100;7;0;50;Irgis;x;
7101;49;3;178;Djelavi;x;
7102;91;6;51;Zhelanash;x;
7103;133;9;179;Terekli;x;
7104;175;12;52;Kalmas;x;
7105;7;15;180;Chalkar;x;
7106;49;18;53;Chubar;x;
7107;91;21;181;Arys-kum;x;
7108;133;24;54;Tailyak-kul;x;
7109;175;27;182;Dzangent;x;
7110;7;30;55;Kazalinsk;x;
7111;49;33;183;Raimskoe;x;
7112;91;36;56;Kara-Mugai;x;
7113;133;39;184;Uzun-kul;x;
7114;175;42;57;Buzai;x;
7115;7;45;185;Koskul;x;
7116;49;48;58;Beljan;x;
7117;91;51;186;Azez-kul;x;
7118;133;54;59;Telegul;x;
7119;175;57;187;Aq-Masjid;x;
7120;7;60;60;Tashti;x;
7121;49;63;188;Mushun;x;
7122;91;66;61;Suzak;x;
7123;133;69;189;Sighnaq;x;
7124;175;72;62;Oktyabr;x;
7125;7;75;190;Uzgend;x;
7126;49;78;63;Sawran;x;
7127;91;81;191;Shulak;x;
7128;133;84;64;Yasi;x;
7129;175;87;192;Shavgar;x;
7130;7;90;65;Sary-Ozek;x;
7131;49;93;193;Karakul;x;
7132;91;96;66;Talas;x;
7133;133;99;194;Quriltay;x;
7134;175;102;67;Akkum;x;
7135;7;105;195;Sayram;x;
7136;49;108;68;Chimkent;x;
7137;91;111;196;Nuket;x;
7138;133;114;69;Isfijab;x;
7139;175;117;197;Chakpak;x;
7140;7;120;70;Awliya-Ata;x;
7141;49;123;198;Taraz;x;
7142;91;126;71;Shelji;x;
7143;133;129;199;Itte-Kichu;x;
7144;175;132;72;Nevaket;x;
7145;7;135;200;Ashpara;x;
7146;49;138;73;Merke;x;
7147;91;141;201;Pishkek;x;
7148;133;144;74;Sayaq;x;
7149;175;147;202;Tinimseyit;x;
7150;7;150;75;Bagish;x;
7151;49;153;203;Cherik;x;
7152;91;156;76;Narin;x;
7153;133;159;204;Barskhan;x;
7154;175;162;77;Balasaghun;x;
7155;7;165;205;Shyganak;x;
7156;49;168;78;Mirnyy;x;
7157;91;171;206;Aksuyek;x;
7158;133;174;79;Chu;x;
7159;175;177;207;Akzhar;x;
7160;7;180;80;Tamgaly;x;
7161;49;183;208;Kurdai;x;
7162;91;186;81;Kaskelen;x;
7163;133;189;209;Kopathal;x;
7164;175;192;82;Almaty;x;
7165;7;195;210;Talgar;x;
7166;49;198;83;Kyzyl Suu;x;
7167;91;201;211;Kegen;x;
7168;133;204;84;Qayaliq;x;
7169;175;207;212;Ichiwooq;x;
7170;7;210;85;Altyn-Emel;x;
7171;49;0;213;Taldiqorgan;x;
7172;91;3;86;Kopal;x;
7173;133;6;214;Uchkul;x;
7174;175;9;87;Lyukum;x;
7175;7;12;215;Djusagach;x;
7176;49;15;88;Kokpektinsk;x;
7177;91;18;216;Bazarka;x;
7178;133;21;89;Kokpekty;x;
7179;175;24;217;Cherga;x;
7180;7;27;90;Zatsan;x;
7181;49;30;218;Chuguchak;x;
7182;91;33;91;Ayagoz;x;
7183;133;36;219;Guzkol;x;
7184;175;39;92;Usharal;x;
7185;7;42;220;Lepsink;x;
7186;49;45;93;Bole;x;
7187;91;48;221;Emil;x;
7188;133;51;94;Ala-kul;x;
7189;175;54;222;Sarychulsyn;x;
7190;7;57;95;Baiyang;x;
7191;49;60;223;Toli;x;
7192;91;63;96;Karamay;x;
7193;133;66;224;Modo-Bartik;x;
7194;175;69;97;Ebi-nor;x;
7195;7;72;225;Kuytun;x;
7196;49;75;98;Dahyansi;x;
7197;91;78;226;Jinsko;x;
7198;133;81;99;Koltun;x;
7199;175;84;227;Iliq;x;
7200;7;87;0;Junzi;x;
7201;49;90;128;Tekes;x;
7202;91;93;1;Ghulja;x;
7203;133;96;129;Kash;x;
7204;175;99;2;Musari;x;
7205;7;102;130;Iren-Chabirga;x;
7206;49;105;3;Kunges;x;
7207;91;108;131;Avrautau;x;
7208;133;111;4;Oghuz lakes;x;
7209;175;114;132;Ustyurt Plateau;x;
7210;7;117;5;Kyzylkum;x;
7211;49;120;133;Betpak-Dala;x;
7212;91;123;6;Chimmkent mountains;x;
7213;133;126;134;Saryesik-Atyrau Desert;x;
7214;175;129;7;Southern Balkash wasteland;x;
7215;7;132;135;Tarbagatai mountains;x;
7216;49;135;8;Arslanbob;x;
7217;91;138;136;Sarybulak;x;
7218;133;141;9;Santas;x;		###KAZAKH STEPPE
7219;175;144;137;Barbastau;x;
7220;7;147;10;Chubar_KAZ;x;
7221;49;150;138;Manatau;x;
7222;91;153;11;Taisugan;x;
7223;133;156;139;Kyz Imchik;x;
7224;175;159;12;Jaksybai;x;
7225;7;162;140;Isanbai;x;
7226;49;165;13;Ulu-Uil;x;
7227;91;168;141;Sagiz;x;
7228;133;171;14;Hyan;x;
7229;175;174;142;Bakash-aul;x;
7230;7;177;15;Kainar;x;
7231;49;180;143;Zarapan;x;
7232;91;183;16;Jarkul;x;
7233;133;186;144;Basagha;x;
7234;175;189;17;Temir;x;
7235;7;192;145;Ak Su;x;
7236;49;195;18;Sorkul;x;
7237;91;198;146;Tulugai Sor;x;
7238;133;201;19;Baisary;x;
7239;175;204;147;Kos Uba;x;
7240;7;207;20;Airyk;x;
7241;49;210;148;Kos Biryuk;x;
7242;91;0;21;Karabutak;x;
7243;133;3;149;Kum Saï;x;
7244;175;6;22;Chir Kala;x;
7245;7;9;150;Jity Kul;x;
7246;49;12;23;Suvunduk;x;
7247;91;15;151;Atamansku;x;
7248;133;18;24;Kbumak;x;
7249;175;21;152;Dantenkul;x;
7250;7;24;25;Jarli Butak;x;
7251;49;27;153;Jitikul;x;
7252;91;30;26;Kosh Kurbay;x;
7253;133;33;154;Kamichly Kul;x;
7254;175;36;27;Tibis Sor;x;
7255;7;39;155;Kyzyl Yar;x;
7256;49;42;28;Tumar;x;
7257;91;45;156;Murun Tomis;x;
7258;133;48;29;Tatyr Kul;x;
7259;175;51;157;Tusum Kum;x;
7260;7;54;30;Jaman Akkul;x;
7261;49;57;158;Chumkar Kia;x;
7262;91;60;31;Janai Cheku;x;
7263;133;63;159;Jilali;x;
7264;175;66;32;Karalbak;x;
7265;7;69;160;Sor Kuduk;x;
7266;49;72;33;Ulu Jitanjik;x;
7267;91;75;161;Achu;x;
7268;133;78;34;Kyzyl Cheku;x;
7269;175;81;162;Tuzdyn;x;
7270;7;84;35;Jilanjik;x;
7271;49;87;163;Tamdins;x;
7272;91;90;36;Ulytau;x;
7273;133;93;164;Ajutasty;x;
7274;175;96;37;Kaska;x;
7275;7;99;165;Kaptadyr;x;
7276;49;102;38;Jaman Arganaty;x;
7277;91;105;166;Chubar Kul;x;
7278;133;108;39;Kokjetau;x;
7279;175;111;167;Junkur Kul;x;
7280;7;114;40;Koja Kul;x;
7281;49;117;168;Nura;x;
7282;91;120;41;Eghiz Kara;x;
7283;133;123;169;Kara Sor;x;
7284;175;126;42;Konek;x;
7285;7;129;170;Jaksy Kyzy Kurt;x;
7286;49;132;43;Sopak Sor;x;
7287;91;135;171;Kulan Utmas;x;
7288;133;138;44;Bulandy;x;
7289;175;141;172;Ak Tasty;x;
7290;7;144;45;Jasky Kart;x;
7291;49;147;173;Juzbay;x;
7292;91;150;46;Ulenty;x;
7293;133;153;174;Uliuty;x;
7294;175;156;47;Ku-Jeku;x;
7295;7;159;175;Bayan Aulska;x;
7296;49;162;48;Bol Agach;x;
7297;91;165;176;Uch Katyn;x;
7298;133;168;49;Sokur;x;
7299;175;171;177;Karabas;x;
7300;7;174;50;Arkalyk;x;
7301;49;177;178;Bugaly;x;
7302;91;180;51;Altyn Su;x;
7303;133;183;179;Mautan Tas;x;
7304;175;186;52;Tokumbay;x;
7305;7;189;180;Nurtay;x;
7306;49;192;53;Kyzyl Ray;x;
7307;91;195;181;Kent_KAZ;x;
7308;133;198;54;Bos-Tau;x;
7309;175;201;182;Tokobay;x;
7310;7;204;55;Betpa;x;
7311;49;207;183;Manaka;x;
7312;91;210;56;Kuntun Kul;x;
7313;133;0;184;Asaybay;x;
7314;175;3;57;Bulat;x;
7315;7;6;185;Baykara;x;
7316;49;9;58;Targyl;x;
7317;91;12;186;Kara Urunkay;x;
7318;133;15;59;Edreï;x;
7319;175;18;187;Dogolan;x;
7320;7;21;60;Kokchetau;x;
7321;49;24;188;Jildi;x;
7322;91;27;61;Koy-Bagar;x;
7323;133;30;189;Akcha-Adyr;x;
7324;175;33;62;Jiren Suat;x;
7325;7;36;190;Kalmek-Imel;x;
7326;49;39;63;Jorga;x;
7327;91;42;191;Bakanas;x;
7328;133;45;64;Serek;x;
7329;175;48;192;Akjeku;x;
7330;7;51;65;Tulkulam;x;
7331;49;54;193;Kyzyl Küskü;x;
7332;91;57;66;Jinghiz;x;
7333;133;60;194;Degelen;x;
7334;175;63;67;Ak-Taylak;x;
7335;7;66;195;Mukhor;x;
7336;49;69;68;Arkalyk_KAZe;x;
7337;91;72;196;Urta Tau;x;
7338;133;75;69;Arkat;x;
7339;175;78;197;Chulak-Terek;x;
7340;7;81;70;Sasyk Kul;x;
7341;49;84;198;Ayrtau;x;
7342;91;87;71;Kalbin;x;
7343;133;90;199;Kandygataï;x;
7344;175;93;72;Altyn-Kolekis;x;
7345;7;96;200;Aljan;x;
7346;49;99;73;Semey;x;
7347;91;102;201;Uba_KAZ;x;
7348;133;105;74;Öskemen;x;
7349;175;108;202;Ridder;x;
7350;7;111;75;Bukhtarma;x;
7351;49;114;203;Zyryan;x;
7352;91;117;76;Western Kazakh Steppe;x;	#Wasteland
7353;133;120;204;Central Kazakh Steppe;x;	#Wasteland
7354;175;123;77;Jumek waste;x;				#Wasteland
7355;7;126;205;Tekar;x;
7356;49;129;78;Abugan;x;
7357;91;132;206;Jangyztau;x;
7358;133;135;79;Burluk;x;
7359;175;138;207;Dombraly;x;
7360;7;141;80;Chich;x;
7361;49;144;208;Olyn;x;
7362;91;147;81;Kargalin;x;
7363;133;150;209;Tartas_SIB;x;
7364;175;153;82;Gulyus;x;
7365;7;156;210;Om;x;
7366;49;159;83;Sayak;x;
7367;91;162;211;Umiai;x;
7368;133;165;84;Vasyugan;x;
7369;175;168;212;Yugar;x;
7370;7;171;85;Chergana;x;
7371;49;174;213;Yonoir;x;
7372;91;177;86;Parabel;x;
7373;133;180;214;Ubins;x;
7374;175;183;87;Kargat;x;
7375;7;186;215;Igaran;x;
7376;49;189;88;Iau;x;
7377;91;192;216;Chegarka;x;
7378;133;195;89;Konda_ob;x;
7379;175;198;217;Toya;x;
7380;7;201;90;Baksa;x;
7381;49;204;218;Kolyvan;x;
7382;91;207;91;Chik;x;
7383;133;210;219;Kayask;x;
7384;175;0;92;Karasuk;x;
7385;7;3;220;Chulym;x;
7386;49;6;93;Sartlan;x;
7387;91;9;221;Bagan;x;
7388;133;12;94;Topolno;x;
7389;175;15;222;Kacharsku;x;
7390;7;18;95;Lamych;x;
7391;49;21;223;Kuchuk;x;
7392;91;24;96;Dolgo;x;
7393;133;27;224;Kulunda;x;
7394;175;30;97;Kuria;x;
7395;7;33;225;Gorko;x;
7396;49;36;98;Kasmala;x;
7397;91;39;226;Barnaul;x;
7398;133;42;99;Barnaii;x;
7399;175;45;227;Gorkoalei;x;
7400;7;48;0;Kachu;x;
7401;49;51;128;Dolons;x;
7402;91;54;1;Molibay;x;
7403;133;57;129;Poperech;x;
7404;175;60;2;Korginia;x;
7405;7;63;130;Korgon;x;
7406;49;66;3;Aley;x;
7407;91;69;131;Charych;x;
7408;133;72;4;Anyu;x;
7409;175;75;132;Anuy;x;
7410;7;78;5;Katun;x;
7411;49;81;133;Ongutai;x;
7412;91;84;6;Terektai;x;
7413;133;87;134;Chumych;x;
7414;175;90;7;Yeshil Chumych;x;
7415;7;93;135;Sary Chumych;x;
7416;49;96;8;Ojin;x;
7417;91;99;136;Bilbe;x;
7418;133;102;9;Mus Tagh;x;
7419;175;105;137;Kyin;x;
7420;7;108;10;Kara Chumych;x;
7421;49;111;138;Kondoma;x;
7422;91;114;11;Sorok;x;
7423;133;117;139;Our;x;
7424;175;120;12;Kalym;x;
7425;7;123;140;Iaya;x;
7426;49;126;13;Torema;x;
7427;91;129;141;Ob;x;
7428;133;132;14;Berd';x;
7429;175;135;142;Inia;x;
7430;7;138;15;Obchikanak;x;
7431;49;141;143;Salim;x;
7432;91;144;16;Kiia;x;
7433;133;147;144;Yaia;x;
7434;175;150;17;Krolu;x;
7435;7;153;145;Perasku;x;
7436;49;156;18;Taskyl;x;
7437;91;159;146;Yogoran;x;
7438;133;162;19;Kitat;x;
7439;175;165;147;Chulym_bis;x;
7440;7;168;20;Chet;x;
7441;49;171;148;Biriku;x;
7442;91;174;21;Shurysh;x;
7443;133;177;149;Kojuk;x;
7444;175;180;22;Tym;x;
7445;7;183;150;Keljiga;x;
7446;49;186;23;Yutur;x;
7447;91;189;151;Jorugul;x;
7448;133;192;24;Sochur;x;
7449;175;195;152;Yenisei;x;
7450;7;198;25;Yahtin;x;
7451;49;201;153;Belska;x;
7452;91;204;26;Vasyugan Mire N;x;	#Wasteland
7453;133;207;154;Vasyugan Mire S;x;	#Wasteland
7454;175;210;27;Kulyndy Steppe;x;	#Wasteland
7455;7;0;155;Yarkhoto;x;		#DZUNGARIA UPDATE
7456;49;3;28;Turpan;x;
7457;91;6;156;Yidu;x;
7458;133;9;29;Hami;x;
7459;175;12;157;Beshbalik;x;
7460;7;15;30;Fukang;x;
7461;49;18;158;Cheshi;x;
7462;91;21;31;Jimsar;x;
7463;133;24;159;Beilu;x;
7464;175;27;32;Pilu;x;
7465;7;30;160;Yangjibalik;x;
7466;49;33;33;Manas;x;
7467;91;36;161;Wutanzili;x;
7468;133;39;34;Wusu;x;
7469;175;42;162;Barkul;x;
7470;7;45;35;Liaotun;x;
7471;49;48;163;Pulei;x;
7472;91;51;36;Yizhi;x;
7473;133;54;164;Kulris;x;
7474;175;57;37;Kran_DZU;x;
7475;7;60;165;Talta;x;
7476;49;63;38;Irmengtau;x;
7477;91;66;166;Burqin;x;
7478;133;69;39;Qinggil;x;
7479;175;72;167;Chungul;x;
7480;7;75;40;Zagan-gol;x;
7481;49;78;168;Tengerge;x;
7482;91;81;41;Borultokay;x;
7483;133;84;169;Agairik;x;
7484;175;87;42;Bostal;x;
7485;7;90;170;Belesek;x;
7486;49;93;43;Narym_DZU;x;
7487;91;96;171;Kurchum;x;
7488;133;99;44;Kurguni;x;
7489;175;102;172;Torangy Kul;x;
7490;7;105;45;Chaklym;x;
7491;49;108;173;Sarytau;x;
7492;91;111;46;Hoboksar;x;
7493;133;114;174;Tiebuken;x;
7494;175;117;47;Jeminay;x;
7495;7;120;175;Kaerji;x;
7496;49;123;48;Ulan Chuzir;x;
7497;91;126;176;Bulun-Tok;x;
7498;133;129;49;Olon-bulak;x;
7499;175;132;177;Jie_DZU;x;
7500;7;135;50;Sulugu;x;
7501;49;138;178;Cheko;x;
7502;91;141;51;Balgun;x;
7503;133;144;179;Sugi;x;
7504;175;147;52;Kabtag;x;
7505;7;150;180;Chumy-su;x;
7506;49;153;53;Kara Asirgan;x;
7507;91;156;181;Morin Tolochai;x;
7508;133;159;54;Tegurik;x;
7509;175;162;182;Boro Burgasu;x;
7510;7;165;55;Suchatu;x;
7511;49;168;183;Alak-Nor;x;
7512;91;171;56;Gurbantünggüt desert;x;
7513;133;174;184;Dzungar lakes;x;
7514;175;177;57;Khuiten;x;	#Khüiten	##MONGOLIA
7515;7;180;185;Khoton;x;
7516;49;183;58;Dayan;x;
7517;91;186;186;Mumo;x;
7518;133;189;59;Khoyorgol;x;
7519;175;192;187;Bayan Nuur;x;
7520;7;195;60;Longcheng;x;
7521;49;198;188;Khogno Khan;x;	#Khögnö Khan
7522;91;201;61;Batkhaan;x;
7523;133;204;189;Shankh;x;
7524;175;207;62;Hanhai;x;
7525;7;210;190;Karabalgasun;x;
7526;49;0;63;Ogiy;x;	#Ögiy
7527;91;3;191;Khanjargalant;x;
7528;133;6;64;Erdenet;x;
7529;175;9;192;Ishgent;x;
7530;7;12;65;Sharga_OTU;x;
7531;49;15;193;Bulgan Uul;x;
7532;91;18;66;Ulaanbaatar;x;
7533;133;21;194;Moltsog Els;x;
7534;175;24;67;Hustai;x;
7535;7;27;195;Orkhontuul;x;
7536;49;30;68;Oarkhan Uul;x;
7537;91;33;196;Tuul Khentii;x;
7538;133;36;69;Gorkhii-Terelj;x;
7539;175;39;197;Khentii;x;
7540;7;42;70;Burkal;x;
7541;49;45;198;Chikoy_OGR;x;
7542;91;48;71;Naushki;x;
7543;133;51;199;Baibalik;x;
7544;175;54;72;Namnan Uul;x;
7545;7;57;200;Airkhan;x;
7546;49;60;73;Erkhel;x;
7547;91;63;201;Khokhoo;x;	#Khökhöö
7548;133;66;74;Dayan-Deerkhiin;x;
7549;175;69;202;Khargal;x;
7550;7;72;75;Karatsagaan;x;
7551;49;75;203;Jida;x;
7552;91;78;76;Buteeliin Nuruu;x;	#Büteeliin Nuruu
7553;133;81;204;Khamar-Daban;x;
7554;175;84;77;Galuut Nuur;x;
7555;7;87;205;Selenga;x;
7556;49;90;78;Arshan;x;
7557;91;93;206;Kyngarga;x;
7558;133;96;79;Dachi Gama;x;
7559;175;99;207;Khasagt Khairkhan;x;
7560;7;102;80;Gegeen;x;
7561;49;105;208;Taigan;x;
7562;91;108;81;Bombogor;x;	#Bombögör
7563;133;111;209;Boon Tsagaan;x;	#Böön Tsagaan
7564;175;114;82;Khutag;x;
7565;7;117;210;Tuin;x;
7566;49;120;83;Orog;x;
7567;91;123;211;Khuisiin Naiman Nuur;x;
7568;133;126;84;Taatsiin Tsagaan;x;
7569;175;129;212;Myangan Yamaat;x;
7570;7;132;85;Ongi;x;
7571;49;135;213;Guchin-Us;x;
7572;91;138;86;Arvaikheer;x;
7573;133;141;214;Tovkhon;x;	#Tövkhön
7574;175;144;87;Oigon;x;
7575;7;147;215;Telmen;x;
7576;49;150;88;Ikh Uul;x;
7577;91;153;216;Tsetsen Khairkhan;x;
7578;133;156;89;Ulaagchiin Khar;x;
7579;175;159;217;Uliastai;x;
7580;7;162;90;Otgontenger;x;
7581;49;165;218;Galt;x;
7582;91;168;91;Tariat;x;
7583;133;171;219;Karates;x;
7584;175;174;92;Sangiin Dalai;x;
7585;7;177;220;Tomorbulag;x;	#Tömörbulag
7586;49;180;93;Dood Tsagaan Nuur;x;
7587;91;183;221;Ulaantaiga;x;
7588;133;186;94;Darkhad;x;
7589;175;189;222;Khoridol Saridag;x;
7590;7;192;95;Bumbag Hayrhan Uul;x;
7591;49;195;223;Alag Khairkhan;x;
7592;91;198;96;Tseel;x;
7593;133;201;224;Nutsgen Uul;x;	#Nütsgen Uul
7594;175;204;97;Eej Khairkhan;x;
7595;7;207;225;Zarman;x;
7596;49;210;98;Uvs Nuur;x;
7597;91;0;226;Ulaangom;x;
7598;133;3;99;Turgen;x;
7599;175;6;227;Khyarhgas;x;
7600;7;9;0;Tesiin Gol;x;
7601;49;12;128;Bayan_UVS;x;
7602;91;15;1;Altan Els;x;
7603;133;18;129;Khan Khokhii;x;
7604;175;21;2;Khan Huhiin;x;
7605;7;24;130;Airag;x;
7606;49;27;3;Urgamal;x;
7607;91;30;131;Setsen Sart;x;
7608;133;33;4;Durgun;x;
7609;175;36;132;Elsen Tasarkhai;x;
7610;7;39;5;Khar Us;x;
7611;49;42;133;Achit Nuur;x;
7612;91;45;6;Tsagan Shibetu;x;
7613;133;48;134;Turgen Uul;x;	#Türgen Uul
7614;175;51;7;Tal-Tugal;x;
7615;7;54;135;Tsambagarau;x;
7616;49;57;8;Munkh-Khairkhan;x;
7617;91;60;136;Saryg-Sep;x;
7618;133;63;9;Por-Bajin;x;
7619;175;66;137;Tapsa;x;
7620;7;69;10;Ikh Nogoon;x;
7621;49;72;138;Ak-Altyg Khol;x;
7622;91;75;11;Bilin;x;
7623;133;78;139;Eki-Khem;x;
7624;175;81;12;Azas;x;
7625;7;84;140;Turgen Uul_bis;x;
7626;49;87;13;Mungun Taiga;x;
7627;91;90;141;Khindigtik Khol;x;
7628;133;93;14;Khemchiq;x;
7629;175;96;142;Sagly;x;
7630;7;99;15;Despen;x;
7631;49;102;143;Altyn Kol;x;	#Altyn Köl
7632;91;105;16;Katu-Yaryk;x;
7633;133;108;144;Kara-Khol_TUV;x;
7634;175;111;17;Tsagaan Gazar;x;
7635;7;114;145;Gosudar;x;
7636;49;117;18;Sutkhol;x;
7637;91;120;146;Kantegir;x;
7638;133;123;19;Sayanchu;x;
7639;175;126;147;Stoyanka;x;
7640;7;129;20;Urbun;x;
7641;49;132;148;Ulaan Gol;x;
7642;91;135;21;Arja;x;
7643;133;138;149;Julym;x;
7644;175;141;22;Yezagash;x;
7645;7;144;150;Uchum;x;
7646;49;147;23;Ulugkol;x;
7647;91;150;151;Sosno;x;
7648;133;153;24;Jerjul;x;
7649;175;156;152;Argyjek;x;
7650;7;159;25;Sisim;x;
7651;49;162;153;Tuba_TUV;x;
7652;91;165;26;Shinda;x;
7653;133;168;154;Kizir;x;
7654;175;171;27;Anja_TUV;x;
7655;7;174;155;Tofa Nuruud;x;
7656;49;177;28;Tiberkul;x;
7657;91;180;156;Bolsho Kyzylkul;x;
7658;133;183;29;Kop Golyn;x;
7659;175;186;157;Amyl;x;
7660;7;189;30;Borus;x;
7661;49;192;158;Kuztom;x;
7662;91;195;31;Kuzalatau;x;
7663;133;198;159;Kuznetsk;x;
7664;175;201;32;Kondoma_MON;x;
7665;7;204;160;Mrassu;x;
7666;49;207;33;Khartomor Uul;x; Khärtömör Uul
7667;91;210;161;Shor;x;
7668;133;0;34;Abaza;x;
7669;175;3;162;Granuul;x;
7670;7;6;35;Tofalaria;x;
7671;49;9;163;Miirchun;x;
7672;91;12;36;Ikh Orgil;x;
7673;133;15;164;Kandat Uul;x;
7674;175;18;37;Kazyr;x;
7675;7;21;165;Kazas;x;
7676;49;24;38;Ergaki;x;
7677;91;27;166;Orgogdon Rok;x;	#Örgögdön Rok
7678;133;30;39;Baldyrgannyg;x;
7679;175;33;167;Karauda;x;
7680;7;36;40;Iya_TUV;x;
7681;49;39;168;Doloon Nuur;x;
7682;91;42;41;Shityy;x;
7683;133;45;169;Tsagaan Kropot;x;
7684;175;48;42;Dibi_TUV;x;
7685;7;51;170;Kropot;x;
7686;49;54;43;Urik;x;
7687;91;57;171;Setgel Uul;x;
7688;133;60;44;Khurel Uul;x;	#Khürel Uul
7689;175;63;172;Monkh Saridag;x;	#Mönkh Saridag
7690;7;66;45;Ulan-Ude;x;
7691;49;69;173;Altaichei;x;
7692;91;72;46;Khudan_BUR;x;
7693;133;75;174;Saranka;x;
7694;175;78;47;Chikoy;x;
7695;7;81;175;Khilok;x;
7696;49;84;48;Oungo;x;
7697;91;87;176;Kabans;x;
7698;133;90;49;Itantsa;x;
7699;175;93;177;Kotokel;x;
7700;7;96;50;Yera;x;
7701;49;99;178;Shilmuustoi;x;	#Shilmüüstoi
7702;91;102;51;Zuunbaykal;x;	#Züünbaykal
7703;133;105;179;Vitimkan;x;
7704;175;108;52;Bargajan;x;
7705;7;111;180;Frolikha;x;
7706;49;114;53;Jergin;x;
7707;91;117;181;Muya;x;
7708;133;120;54;Kotera;x;
7709;175;123;182;Gants Khondii;x;
7710;7;126;55;Mamakhondii;x;
7711;49;129;183;Shugel Ondor;x;
7712;91;132;56;Vitimkhad;x;
7713;133;135;184;Karamuya;x;
7714;175;138;57;Vitim;x;
7715;7;141;185;Chuulunuruu;x;
7716;49;144;58;Chonoshud;x;	#Chonoshüd
7717;91;147;186;Karaoi;x;
7718;133;150;59;Alskholoi;x;
7719;175;153;187;Chuya;x;
7720;7;156;60;Kirenga;x;
7721;49;159;188;Nogoon-naluu;x;
7722;91;162;61;Cherskogo;x;
7723;133;165;189;Baigalan Chaya;x;
7724;175;168;62;Daoroouul;x;
7725;7;171;190;Khilgazar;x;
7726;49;174;63;Khuldursgal;x;
7727;91;177;191;Ryty;x;
7728;133;180;64;Berikul;x;
7729;175;183;192;Chikan;x;
7730;7;186;65;Kutukan Ondort;x;	#Kutukan Öndört
7731;49;189;193;Ichikta;x;
7732;91;192;66;Lena;x;
7733;133;195;194;Kem_MON;x;
7734;175;198;67;Kemchug;x;
7735;7;201;195;Stolby;x;
7736;49;204;68;Mana_MON;x;
7737;91;207;196;Kyzyl-Kan;x;
7738;133;210;69;Shishina;x;
7739;175;0;197;Taseya;x;
7740;7;3;70;Nemkina;x;
7741;49;6;198;Biriusa;x;
7742;91;9;71;Kansk;x;
7743;133;12;199;Khoidkhiliin;x;
7744;175;15;72;Tagul;x;
7745;7;18;200;Agul;x;
7746;49;21;73;Narsgol;x;
7747;91;24;201;Moson Kholtos;x;	#Mösön Kholtos
7748;133;27;74;Chuna;x;
7749;175;30;202;Tsartsanmod;x;
7750;7;33;75;Biryusa;x;
7751;49;36;203;Khereeoi;x;
7752;91;39;76;Tsasengiin;x;
7753;133;42;204;Bratsk;x;
7754;175;45;77;Bugyntalbar;x;
7755;7;48;205;Kaduy;x;
7756;49;51;78;Tulun;x;
7757;91;54;206;Kirei;x;
7758;133;57;79;Angaragiin Degee;x;
7759;175;60;207;Kymyl'Tey;x;
7760;7;63;80;Zima_MON;x;
7761;49;66;208;Okangara;x;
7762;91;69;81;Bisha_MON;x;
7763;133;72;209;Mori Kliringiin;x;
7764;175;75;82;Kada_MON;x;
7765;7;78;210;Alyaty;x;
7766;49;81;83;Kurkat;x;
7767;91;84;211;Noty;x;
7768;133;87;84;Kitoi;x;	#Kitoï
7769;175;90;212;Olkha;x;
7770;7;93;85;Gatsuurgazar;x;
7771;49;96;213;Khoosonoi;x;
7772;91;99;86;Ilim_MON;x;
7773;133;102;214;Ilga;x;
7774;175;105;87;Ivda;x;
7775;7;108;215;Osa_MON;x;
7776;49;111;88;Kuda_MON;x;
7777;91;114;216;Manzurka;x;
7778;133;117;89;Olkhon;x;
7779;175;120;217;Bugulde;x;
7780;7;123;90;Irkutsk;x;
7781;49;126;218;Gobi-Altai South;x;	#Wasteland
7782;91;129;91;Gobi-Altai;x;	#Wasteland
7783;133;132;219;Khangai;x;	#Wasteland
7784;175;135;92;Khovsgod Mountains;x;	#Wasteland
7785;7;138;220;Darkhad Mountains;x;	#Wasteland
7786;49;141;93;Eastern Sayan Mountains;x;	#Wasteland
7787;91;144;221;TIBET IMPASSABLE;x;
7788;133;147;94;Suraparaka;x;	#SOUTHERN INDIA UPDATE
7789;175;150;222;Ambaranatha;x;
7790;7;153;95;Chaul;x;
7791;49;156;223;Dabhol;x;
7792;91;159;96;Chiplun;x;
7793;133;162;224;Kollapura;x;
7794;175;165;97;Panaji;x;
7795;7;168;225;Hinawr;x;
7796;49;171;98;Eastern Ghats (E);x;	#IMPASSABLE
7797;91;174;226;Mangalur;x;
7798;133;177;99;Kannanur;x;
7799;175;180;227;Malappuram;x;
7800;7;183;0;Palakkad;x;
7801;49;186;128;Kunjakari;x;
7802;91;189;1;Kottayam;x;
7803;133;192;129;Kollam;x;
7804;175;195;2;Kovai;x;
7805;7;198;130;Tiruppur;x;
7806;49;201;3;Dindigul;x;
7807;91;204;131;Uraiyur;x;
7808;133;207;4;Sivaganga;x;
7809;175;210;132;Rameshvaram;x;
7810;7;0;5;Virudhukkalvetti;x;
7811;49;3;133;Sivakasi;x;
7812;91;6;6;Korkai;x;
7813;133;9;134;Kayal;x;
7814;175;12;7;Kottar;x;
7815;7;15;135;Togarakunta;x;
7816;49;18;8;Anantapur;x;
7817;91;21;136;Puspagiri;x;
7818;133;24;9;Vallurapura;x;
7819;175;27;137;Mangalavada;x;
7820;7;30;10;Melpadi;x;
7821;49;33;138;Kalahasti;x;
7822;91;36;11;Nandi;x;
7823;133;39;139;Nangali;x;
7824;175;42;12;Muluvagil;x;
7825;7;45;140;Padaividu;x;
7826;49;48;13;Takkaloma;x;
7827;91;51;141;Mamallapuram;x;
7828;133;54;14;Kuvalala;x;
7829;175;57;142;Kudalasangama_bis;x;
7830;7;60;15;Tiruvannamalai;x;
7831;49;63;143;Uttaramerur;x;
7832;91;66;16;Jinji;x;
7833;133;69;144;Kelrayan;x;
7834;175;72;17;Srirangam;x;
7835;7;75;145;Tirukoilur;x;
7836;49;78;18;Kannanur_2;x;
7837;91;81;146;Gangaikondacolapuram;x;
7838;133;84;19;Nagapattinam;x;
7839;175;87;147;Pondugala;x;
7840;7;90;20;Ittagi;x;
7841;49;93;148;Sriparvata;x;
7842;91;96;21;Addanki;x;
7843;133;99;149;Mudivemu;x;
7844;175;102;22;Ahobalam;x;
7845;7;105;150;Bhairavunikonda;x;
7846;49;108;23;Mutfili;x;
7847;91;111;151;Mercara;x;
7848;133;114;24;Moyar;x;
7849;175;117;152;Seringapatam;x;
7850;7;120;25;Masur;x;
7851;49;123;153;Shringeri;x;
7852;91;126;26;Arka;x;
7853;133;129;154;Kudala;x;
7854;175;132;27;Kandanavolu;x;
7855;7;135;155;Adoni;x;
7856;49;138;28;Adavani;x;
7857;91;141;156;Gutti;x;
7858;133;144;29;Vijayanagara;x;
7859;175;147;157;Kampili;x;
7860;7;150;30;Nidugallu;x;
7861;49;153;158;Basavapattana;x;
7862;91;156;31;Hemavati;x;
7863;133;159;159;Honnavalli;x;
7864;175;162;32;Parivi;x;
7865;7;165;160;Belapura;x;
7866;49;168;33;Shravana_Belgola;x;
7867;91;171;161;Sosavur;x;
7868;133;174;34;Kurundaka;x;
7869;175;177;162;Pranala;x;
7870;7;180;35;Belgaum;x;
7871;49;183;163;Keladi;x;
7872;91;186;36;Hubli;x;
7873;133;189;164;Hangal;x;
7874;175;192;37;Koppam;x;
7875;7;195;165;Vankapura;x;
7876;49;198;38;Anegandi;x;
7877;91;201;166;Mushangi;x;
7878;133;204;39;Raichur;x;
7879;175;207;167;Karahataka;x;
7880;7;210;40;Bhimashankara;x;
7881;49;0;168;Pundarika;x;
7882;91;3;41;Karhada;x;
7883;133;6;169;Miraj;x;
7884;175;9;42;Hastikundi;x;
7885;7;12;170;Vijayapura_bis;x;
7886;49;15;43;Bagavadi;x;
7887;91;18;171;Kembavi;x;
7888;133;21;44;Jirnanagara;x;
7889;175;24;172;Patkapur;x;
7890;7;27;45;Sholapur;x;
7891;49;30;173;Purnagiri;x;
7892;91;33;46;Ausa;x;
7893;133;36;174;Ahmadnagar;x;
7894;175;39;47;Bhid;x;
7895;7;42;175;Darur;x;
7896;49;45;48;Qandhar;x;
7897;91;48;176;Seunapura;x;
7898;133;51;49;Ankai;x;
7899;175;54;177;Elapura;x;
7900;7;57;50;Jhodga;x;
7901;49;60;178;Gulbarga;x;
7902;91;63;51;Yetagiri;x;
7903;133;66;179;Golkonda;x;
7904;175;69;52;Nalgonda;x;
7905;7;72;180;Devarakonda;x;
7906;49;75;53;Indur;x;
7907;91;78;181;Kaulas;x;
7908;133;81;54;Palampet;x;
7909;175;84;182;Vinukonda;x;
7910;7;87;55;Palwancha;x;
7911;49;90;183;Polavaram;x;
7912;91;93;56;Ellur;x;
7913;133;96;184;Bhadracala;x;
7914;175;99;57;Malkangiri;x;
7915;7;102;185;Chutur;x;
7916;49;105;58;Draksharama;x;
7917;91;108;186;Jalna;x;
7918;133;111;59;Sindkhed;x;
7919;175;114;187;Bhainsa;x;
7920;7;117;60;Nirmal;x;
7921;49;120;188;Mahur;x;
7922;91;123;61;Kerimeri;x;
7923;133;126;189;Mancherial;x;
7924;175;129;62;Mekhar;x;
7925;7;132;190;Amraoti;x;
7926;49;135;63;Kalam;x;
7927;91;138;191;Wun;x;
7928;133;141;64;Kundina;x;
7929;175;144;192;Nagpur;x;
7930;7;147;65;Bhandara;x;
7931;49;150;193;Seoni;x;
7932;91;153;66;Lanjika;x;
7933;133;156;194;Mungeli;x;
7934;175;159;67;Nandgram;x;
7935;7;162;195;Gondia;x;
7936;49;165;68;Southwestern Ghats;x;	#IMPASSABLE
7937;91;168;196;Palakkad Pass;x;		#IMPASSABLE
7938;133;171;69;Western Ghats (S);x;	#IMPASSABLE
7939;175;174;197;Western Ghats (M);x;	#IMPASSABLE
7940;7;177;70;Western Ghats (NS);x;	#IMPASSABLE
7941;49;180;198;TIBET IMPASSABLE;x;
7942;91;183;71;Western Ghats (NN);x;	#IMPASSABLE
7943;133;186;199;Eastern Ghats (W);x;	#IMPASSABLE
7944;175;189;72;Sadhaura;x;
7945;7;192;200;Brahmapura;x;
7946;49;195;73;Campa2;x;
7947;91;198;201;Waihind;x;
7948;133;201;74;Allai;x;
7949;175;204;202;Kaghan;x;
7950;7;207;75;Chilas;x;
7951;49;210;203;Kalam_TARIM;x;
7952;91;0;76;Shandur;x;
7953;133;3;204;Golaghmuli;x;
7954;175;6;77;Yasin;x;
7955;7;9;205;Naltar;x;
7956;49;12;78;Baltit;x;
7957;91;15;206;Tashkurgan;x;
7958;133;18;79;Yengisar;x;
7959;175;21;207;Makit;x;
7960;7;24;80;Yopurga;x;
7961;49;27;208;Yengi_Xahar;x;
7962;91;30;81;Kona_Xahar;x;
7963;133;33;209;Akto;x;
7964;175;36;82;Muji;x;
7965;7;39;210;Badakhshan_TARIM;x;
7966;49;42;83;Ulugqat;x;
7967;91;45;211;Terek;x;
7968;133;48;84;Atus;x;
7969;175;51;212;Maralbeshi;x;
7970;7;54;85;Barchuk;x;
7971;49;57;213;Tumshuk;x;
7972;91;60;86;Uch_TARIM;x;
7973;133;63;214;Stwerap;x;	#fictional
7974;175;66;87;Jigdalik;x;
7975;7;69;215;Duldulokur;x;
7976;49;72;88;Toksu;x;
7977;91;75;216;Shayar;x;
7978;133;78;89;Bugur_TARIM;x;	#Bügür
7979;175;81;217;Subashi;x;
7980;7;84;90;Luntai;x;
7981;49;87;218;Shorchuk;x;
7982;91;90;91;Nasi_Erkule;x;
7983;133;93;219;Bosten;x;
7984;175;96;92;Narinkira;x;
7985;7;99;220;Toksun;x;
7986;49;102;93;Bezeklik;x;
7987;91;105;221;Sengim;x;
7988;133;108;94;Korla;x;
7989;175;111;222;Kongque;x;
7990;7;114;95;Turin_TARIM;x;
7991;49;117;223;Tikenik;x;
7992;91;120;96;Argan;x;
7993;133;123;224;Chelik;x;
7994;175;126;97;Kumtag;x;
7995;7;129;225;Shule_river;x;
7996;49;132;98;Dafang;x;
7997;91;135;226;Nanhu_TARIM;x;
7998;133;138;99;Omotrunnaisse;x;	#fictional
7999;175;141;227;Miran;x;
8000;8;144;0;GANEBOAFO;x;
8001;50;147;128;ATEBUBU;x;
8002;92;150;1;DONKORO_NKWANTA;x;
8003;134;153;129;MAMPON;x;
8004;176;156;2;BASSA-AFRAM;x;
8005;8;159;130;AFRAM;x;
8006;50;162;3;KWAHU-SOUTH;x;
8007;92;165;131;PRANG;x;
8008;134;168;4;ASANTE_MANSO;x;
8009;176;171;132;KUMASI;x;
8010;8;174;5;BEKWAI;x;
8011;50;177;133;MANSO_NKWANTA;x;
8012;92;180;6;ADABOYE;x;
8013;134;183;134;ADANSE_MANSO;x;
8014;176;186;7;BUKURUWA;x;
8015;8;189;135;SHAI;x;
8016;50;192;8;ACCRA;x;
8017;92;195;136;MANKESSIM;x;
8018;134;198;9;ELMINA;x;
8019;176;201;137;SHAMA;x;
8020;8;204;10;BEYIN;x;
8021;50;207;138;WASSA;x;
8022;92;210;11;TARKWA;x;
8023;134;0;139;ASSIN;x;
8024;176;3;12;SANWI;x;
8025;8;6;140;AOWIN;x;
8026;50;9;13;SEHWI;x;
8027;92;12;141;NDENYE;x;
8028;134;15;14;MIDDLE_TANO;x;
8029;176;18;142;DIABE;x;
8030;8;21;15;AKPAFU;x;
8031;50;24;143;WUSUTA;x;
8032;92;27;16;AMEZDOFE;x;
8033;134;30;144;NOTSE;x;
8034;176;33;17;TODO;x;
8035;8;36;145;LOME;x;
8036;50;39;18;KETA;x;
8037;92;42;146;NANUMBA;x;
8038;134;45;19;KETE_KARACHI;x;
8039;176;48;147;ATAKPAME;x;
8040;8;51;20;ABOMEY;x;
8041;50;54;148;WHYIDAH;x;
8042;92;57;21;SOKODE;x;
8043;134;60;149;KOTOKOL;x;
8044;176;63;22;UPPER_MONO;x;
8045;8;66;150;KPESSI;x;
8046;50;69;23;SAVALU;x;
8047;92;72;151;WEME;x;
8048;134;75;24;SHABE;x;
8049;176;78;152;SAVE;x;
8050;8;81;25;KETU;x;
8051;50;84;153;IFONYIN;x;
8052;92;87;26;BADAGRY;x;
8053;134;90;154;ILARO;x;
8054;176;93;27;IBARAPA;x;
8055;8;96;155;IGANA;x;
8056;50;99;28;ISEYIN;x;
8057;92;102;156;IGBODO-SAKI;x;
8058;134;105;29;OTEFAN;x;
8059;176;108;157;OGBOMOSO;x;
8060;8;111;30;OYO;x;
8061;50;114;158;IJAYE;x;
8062;92;117;31;IBADAN;x;
8063;134;120;159;ABEOKUTA;x;
8064;176;123;32;IKORODU;x;
8065;8;126;160;IJEBU;x;
8066;50;129;33;OWU;x;
8067;92;132;161;OSHUN;x;
8068;134;135;34;ILE-IFE;x;
8069;176;138;162;IJESHA;x;
8070;8;141;35;SILUKO;x;
8071;50;144;163;BENIN;x;
8072;92;147;36;BENIN-CITY;x;
8073;134;150;164;EDO;x;
8074;176;153;37;OWO;x;
8075;8;156;165;ONDO;x;
8076;50;159;38;OSSE;x;
8077;92;162;166;LOKOJA;x;
8078;134;165;39;KAKANDA;x;
8079;176;168;167;IKARE;x;
8080;8;171;40;EKITI;x;
8081;50;174;168;AJASE_IPO;x;
8082;92;177;41;IDOFIAN;x;
8083;134;180;169;GIRAGI;x;
8084;176;183;42;YAGBA;x;
8085;8;186;170;KYADYA;x;
8086;50;189;43;ODE_ITSERIKI;x;
8087;92;192;171;NEMBE;x;
8088;134;195;44;BENIN_MARSHES;x;
8089;176;198;172;NIGER_MARSHES;x;#impassable
8090;8;201;45;ASANTE_HILLS;x;#impassable
8091;50;204;173;TOGO_UPLANDS;x;#impassable
8092;92;207;46;river_niger_delta;x;
8093;134;210;174;river_niger;x;
8094;176;0;47;river_niger;x;
8095;8;3;175;river_niger;x;
8096;50;6;48;river_bussa_rapids;x;#river
8097;92;9;176;JOS_PLATEAU;x;#impassable
8098;134;12;49;NIMBA_MOUNTS;x;#impassable
8099;176;15;177;GUINEA_UPLANDS;x;#impassable
8100;8;18;50;LOWER_GUARA;x;
8101;50;21;178;UMAISHA;x;
8102;92;24;51;OPANDA;x;
8103;134;27;179;GUWARI;x;
8104;176;30;52;MODA;x;
8105;8;33;180;KEFFI;x;
8106;50;36;53;GBAGYE;x;
8107;92;39;181;IGALA;x;
8108;134;42;54;IBAH;x;
8109;176;45;182;ABAKALIKI;x;
8110;8;48;55;IGBO-UKWU;x;
8111;50;51;183;ONITSHA;x;
8112;92;54;56;NSUKKA;x;
8113;134;57;184;EAST_IGALA;x;
8114;176;60;57;SOUTH_IGBO;x;
8115;8;63;185;BONNY;x;
8116;50;66;58;OKRIKA;x;
8117;92;69;186;CALABAR;x;
8118;134;72;59;CHUKWU;x;
8119;176;75;187;UBURU;x;
8120;8;78;60;OTUKPO;x;
8121;50;81;188;IDOMA;x;
8122;92;84;61;BENDE;x;
8123;134;87;189;BOHI;x;
8124;176;90;62;ZANZAN;x;
8125;8;93;190;NASSIAN;x;
8126;50;96;63;KULANGO;x;
8127;92;99;191;KONG;x;
8128;134;102;64;DABAKALA;x;
8129;176;105;192;GYIMINI;x;
8130;8;108;65;SENUFO;x;
8131;50;111;193;BOUAKE;x;
8132;92;114;66;MIDDLE_NZI;x;
8133;134;117;194;SATAMA-SOKORO;x;
8134;176;120;67;EASTERN_NZI;x;
8135;8;123;195;EAST_ATTIE;x;
8136;50;126;68;NORTH_ATTIE;x;
8137;92;129;196;ATTIE;x;
8138;134;132;69;WEST_ATTIE;x;
8139;176;135;197;BORON;x;
8140;8;138;70;BORON-NORTH;x;
8141;50;141;198;BANDAMA;x;
8142;92;144;71;KWENI-EAST;x;
8143;134;147;199;BOU;x;
8144;176;150;72;DABOU;x;
8145;8;153;200;TIAGBA;x;
8146;50;156;73;KWENI;x;
8147;92;159;201;WORODUGU;x;
8148;134;162;74;SEGUELA;x;
8149;176;165;202;KORO;x;
8150;8;168;75;BARALA;x;
8151;50;171;203;MAU;x;
8152;92;174;76;BAFINKO;x;
8153;134;177;204;TURA;x;
8154;176;180;77;TOUBA;x;
8155;8;183;205;WORODUGU_EAST;x;
8156;50;186;78;KARAGWA;x;
8157;92;189;206;BEYTA;x;
8158;134;192;79;MUSADUGU;x;
8159;176;195;207;MACENTA;x;
8160;8;198;80;TOMA2;x;
8161;50;201;208;BUZYE;x;
8162;92;204;81;GUERZE;x;
8163;134;207;209;FALANKO;x;
8164;176;210;82;KISSI;x;
8165;8;0;210;MARA;x;
8166;50;3;83;LELE;x;
8167;92;6;211;DA;x;
8168;134;9;84;MAN;x;
8169;176;12;212;SERADU;x;
8170;8;15;85;MAFINDI-KABAYA;x;
8171;50;18;213;FIRIYA;x;
8172;92;21;86;MUSALA;x;
8173;134;24;214;SOLIMANA;x;
8174;176;27;87;LIMBA;x;
8175;8;30;215;KURANKA;x;
8176;50;33;88;KUNIKI;x;
8177;92;36;216;KOKUNYA;x;
8178;134;39;89;TAMISO;x;
8179;176;42;217;TONKO;x;
8180;8;45;90;KAMABAI-SANDA;x;
8181;50;48;218;BOMBALI;x;
8182;92;51;91;UPPER_BAFING;x;
8183;134;54;219;TIMBO;x;
8184;176;57;92;LABE;x;
8185;8;60;220;KULA;x;
8186;50;63;93;TIMBI_TUNNI;x;
8187;92;66;221;BILIMA;x;
8188;134;69;94;GOMBA;x;
8189;176;72;222;BENNA;x;
8190;8;75;95;KANEYA;x;
8191;50;78;223;KONKURE;x;
8192;92;81;96;KOMPELA;x;
8193;134;84;224;BAMBAYA;x;
8194;176;87;97;WAASU;x;
8195;8;90;225;GEME;x;
8196;50;93;98;KAADE;x;
8197;92;96;226;BUSURA;x;
8198;134;99;99;NDAMA;x;
8199;176;102;227;TOMBO;x;
8200;8;105;0;BOULOM;x;
8201;50;108;128;KURAMORA;x;
8202;92;111;1;ZILM;x;
8203;134;114;129;KOKASU;x;
8204;176;117;2;KONO;x;
8205;8;120;130;BOLM;x;
8206;50;123;3;BANDAMA-WEST;x;
8207;92;126;131;BOUBO;x;
8208;134;129;4;GAGNOA;x;
8209;176;132;132;DAVO;x;
8210;8;135;5;UPPER_LOBO;x;
8211;50;138;133;LOWER_LOBO;x;
8212;92;141;6;KONDO;x;
8213;134;144;134;FOLGUE_KARU;x;
8214;176;147;7;KPELLE;x;
8215;8;150;135;GBANSHAY;x;
8216;50;153;8;GEBBA;x;
8217;92;156;136;BASSA;x;
8218;134;159;9;NUON;x;
8219;176;162;137;MANON;x;
8220;8;165;10;KRAWI;x;
8221;50;168;138;GREBO;x;
8222;92;171;11;WENYON;x;
8223;134;174;139;PUTU;x;
8224;176;177;12;TABU;x;
8225;8;180;140;LOWER_GREBO;x;
8226;50;183;13;WEST_KRU;x;
8227;92;186;141;SASSANDRA;x;
8228;134;189;14;NZO;x;
8229;176;192;142;EAST_KRU;x;
8230;8;195;15;NEYO;x;
8231;50;198;143;DIBRI;x;
8232;92;201;16;BUNDU;x;
8233;134;204;144;TENDA;x;
8234;176;207;17;NIOKOLO;x;
8235;8;210;145;DAMANTAN;x;
8236;50;0;18;WOORA_SAABE;x;
8237;92;3;146;BAJAR;x;
8238;134;6;19;KENSALA;x;
8239;176;9;147;KANTOR;x;
8240;8;12;20;NAANI;x;
8241;50;15;148;MBOUNE;x;
8242;92;18;21;WULI;x;
8243;134;21;149;BADIBU;x;
8244;176;24;22;SAALUM;x;
8245;8;27;150;NIUMI;x;
8246;50;30;23;SINE;x;
8247;92;33;151;KAHONE;x;
8248;134;36;24;NAMANDIROU;x;
8249;176;39;152;DANKI;x;
8250;8;42;25;LINGUERE;x;
8251;50;45;153;TYENG;x;
8252;92;48;26;LAA2;x;
8253;134;51;154;LAMBAYE;x;
8254;176;54;27;YOFF;x;
8255;8;57;155;MBUL;x;
8256;50;60;28;PAKALA;x;
8257;92;63;156;OUARAK;x;
8258;134;66;29;MBOYNANE;x;
8259;176;69;157;KOMBO;x;
8260;8;72;30;FOGNY;x;
8261;50;75;158;BAINUK;x;
8262;92;78;31;KIANG;x;
8263;134;81;159;NIAMINA;x;
8264;176;84;32;TOUMANA;x;
8265;8;87;160;GABOU;x;
8266;50;90;33;PAKAO;x;
8267;92;93;161;PAKANE;x;
8268;134;96;34;BIRASU;x;
8269;176;99;162;ACHUM;x;
8270;8;102;35;MANSOA;x;
8271;50;105;163;BIJAGOS;x;
8272;92;108;36;PEPEL;x;
8273;134;111;164;BAKE;x;
8274;176;114;37;GUINALA;x;
8275;8;117;165;NALU;x;
8276;50;120;38;JAGARA;x;
8277;92;123;166;KASA;x;
8278;134;126;39;MASSAWA;x;
8279;176;129;167;DEHONO;x;
8280;8;132;40;DAHLAK_KEBIR;x;
8281;50;135;168;GIMHILE;x;
8282;92;138;41;HAMASEN;x;
8283;134;141;169;SERAYE;x;
8284;176;144;42;QOHAITO;x;
8285;8;147;170;SHIMAZANA;x;
8286;50;150;43;BURI;x;
8287;92;153;171;BUR;x;
8288;134;156;44;MATARA;x;
8289;176;159;172;AKSUM;x;
8290;8;162;45;SOUTH_SERAYE;x;
8291;50;165;173;TIGRE;x;
8292;92;168;46;WALDABBA;x;
8293;134;171;174;JOHA;x;
8294;176;174;47;WIQRO;x;
8295;8;177;175;INTARTA;x;
8296;50;180;48;QIHA;x;
8297;92;183;176;TEKEZE;x;
8298;134;186;49;LASTA;x;
8299;176;189;177;ADAFA;x;
8300;8;192;50;DOBA;x;
8301;50;195;178;LALIBELA;x;
8302;92;198;51;WEGERA;x;
8303;134;201;179;KOSOGE;x;
8304;176;204;52;SEMIEN;x;
8305;8;207;180;FALASHA;x;
8306;50;210;53;BELASA;x;
8307;92;0;181;DEMBIYA;x;
8308;134;3;54;ANGOT;x;
8309;176;6;182;BEGEMDIR;x;
8310;8;9;55;SANA;x;
8311;50;12;183;GOUZARA;x;
8312;92;15;56;GONDAR;x;
8313;134;18;184;GALILA;x;
8314;176;21;57;UPPER_DINDER;x;
8315;8;24;185;DINDER;x;
8316;50;27;58;BAD;x;
8317;92;30;186;KIBRAN;x;
8318;134;33;59;BASHILA;x;
8319;176;36;187;GISHE;x;
8320;8;39;60;BAHIR _GIYORGIS;x;
8321;50;42;188;GOJJAM;x;
8322;92;45;61;WARQ;x;
8323;134;48;189;DIMA;x;
8324;176;51;62;AMHARA;x;
8325;8;54;190;EAST_AMHARA;x;
8326;50;57;63;HAYQ;x;
8327;92;60;191;GIDIM;x;
8328;134;63;64;WAGDA;x;
8329;176;66;192;WALAQA;x;
8330;8;69;65;SAHO;x;
8331;50;72;193;EDD-NORTH;x;
8332;92;75;66;EDD;x;
8333;134;78;194;RAGALI;x;
8334;176;81;67;AMARTA;x;
8335;8;84;195;AFERA;x;
8336;50;87;68;DABAHU;x;
8337;92;90;196;SOUTH_DANAKIL;x;
8338;134;93;69;NORTH_AFAR;x;
8339;176;96;197;AFAR;x;
8340;8;99;70;ASSAB;x;
8341;50;102;198;AWBUK;x;
8342;92;105;71;TADJOURA;x;
8343;134;108;199;MORA-AWSSA;x;
8344;176;111;72;AWSSA;x;
8345;8;114;200;AWASH;x;
8346;50;117;73;MIDDLE_AWASH;x;
8347;92;120;201;IFAT;x;
8348;134;123;74;WARJIH;x;
8349;176;126;202;SILALISH;x;
8350;8;129;75;WARAB;x;
8351;50;132;203;SARMAT;x;
8352;92;135;76;KATATA;x;
8353;134;138;204;DEBRE_LIBANOS;x;
8354;176;141;77;KARAYU;x;
8355;8;144;205;SHARKA;x;
8356;50;147;78;HADYA;x;
8357;92;150;206;MUNESA;x;
8358;134;153;79;WALAMO;x;
8359;176;156;207;ABAYA;x;
8360;8;159;80;GAMO;x;
8361;50;162;208;GOJEB;x;
8362;92;165;81;INNARYA;x;
8363;134;168;209;GURAGE;x;
8364;176;171;82;WAJ;x;
8365;8;174;210;BIZAMO;x;
8366;50;177;83;GAFAT;x;
8367;92;180;211;MUGAR;x;
8368;134;183;84;KAMBATA;x;
8369;176;186;212;JIBAT;x;
8370;8;189;85;DAMOT-WEST;x;
8371;50;192;213;AGAW_MEDER;x;
8372;92;195;86;WEST_GOJJAM;x;
8373;134;198;214;JANJERO;x;
8374;176;201;87;GANZ;x;
8375;8;204;215;ABBAY-AGAW;x;
8376;50;207;88;BERTA;x;
8377;92;210;216;DIDESA;x;
8378;134;0;89;FATAGAR;x;
8379;176;3;217;BURJI;x;
8380;8;6;90;BORAMA;x;
8381;50;9;218;JAM-JAM;x;
8382;92;12;91;BALI-WEST;x;
8383;134;15;219;DUMALI;x;
8384;176;18;92;BOKE;x;
8385;8;21;220;GEBERGE;x;
8386;50;24;93;INDEGABTAN;x;
8387;92;27;221;GAMBO;x;
8388;134;30;94;BOSHA;x;
8389;176;33;222;GIBE_INNARYA;x;
8390;8;36;95;OMO;x;
8391;50;39;223;ABBE;x;
8392;92;42;96;SITTI;x;
8393;134;45;224;ADAL;x;
8394;176;48;97;WEST_ADAL;x;
8395;8;51;225;BATE;x;
8396;50;54;98;GENDEBELO;x;
8397;92;57;226;GABAL;x;
8398;134;60;99;ABASA;x;
8399;176;63;227;GHOUBET;x;
8400;8;66;0;ZAILA;x;
8401;50;69;128;AMUD;x;
8402;92;72;1;AW_BARRE;x;
8403;134;75;129;GOGESA;x;
8404;176;78;2;BERBERA;x;
8405;8;81;130;HARGEISA;x;
8406;50;84;3;DAKKAR;x;
8407;92;87;131;HARAR;x;
8408;134;90;4;HARGAYA;x;
8409;176;93;132;GABAL_SOUTH;x;
8410;8;96;5;JEBEL_AHMAR;x;
8411;50;99;133;HARGAYA-WEST;x;
8412;92;102;6;ARUSI-NORTH;x;
8413;134;105;134;ARUSI-SOUTH;x;
8414;176;108;7;DAWARO;x;
8415;8;111;135;DAWARO-WEST;x;
8416;50;114;8;HARGAYA-SOUTH;x;
8417;92;117;136;SHABELLE;x;
8418;134;120;9;BALI-EAST;x;
8419;176;123;137;BALI;x;
8420;8;126;10;FAFAN;x;
8421;50;129;138;GIDAYA;x;
8422;92;132;11;GIDAYA-NORTH;x;
8423;134;135;139;GIDAYA-EAST;x;
8424;176;138;12;MAKHIR;x;
8425;8;141;140;MAIT;x;
8426;50;144;13;LAAS_QORAY;x;
8427;92;147;141;HAYLAN;x;
8428;134;150;14;QUMBUCUL;x;
8429;176;153;142;EL-AYO;x;
8430;8;156;15;BOSASO;x;
8431;50;159;143;GARDAFUUL;x;
8432;92;162;16;RAS_HAFUN;x;
8433;134;165;144;GOMMA;x;
8434;176;168;17;WELAMO-WEST;x;
8435;8;171;145;BONGA;x;
8436;50;174;18;KAFFA;x;
8437;92;177;146;WELLEGA-SOUTH;x;
8438;134;180;19;WELLEGA-NORTH;x;
8439;176;183;147;METEKEL_DESERT;x;#impassable
8440;8;186;20;CHALBI_DESERT;x;#impassable
8441;50;189;148;OGADEN_DESERT;x;#impassable
8442;92;192;21;DANAKIL_HILLS;x;#impassable
8443;134;195;149;DANAKIL_DESERT;x;#impassable
8444;176;198;22;AHMAR_MOUNTAINS;x;#impassable
8445;8;201;150;MENDEBO;x;#impassable
8446;50;204;23;SHOA_HIGHLANDS;x;#impassable
8447;92;207;151;GOJJAM_HIGHLANDS;x;#impassable
8448;134;210;24;WOLLO_HIGHLANDS;x;#impassable
8449;176;0;152;SEMIEN_MOUNTAINS;x;#impassable
8450;8;3;25;YABELO;x;
8451;50;6;153;FUDALHI;x;
8452;92;9;26;WEST_SIDAMO;x;
8453;134;12;154;EAST_SIDAMO;x;
8454;176;15;27;LOWER_DAWA;x;
8455;8;18;155;LUUQ;x;
8456;50;21;28;SIDAMO-SOUTH;x;
8457;92;24;156;JUBBA-AJURAAN;x;
8458;134;27;29;BAYDHABO;x;
8459;176;30;157;BARDHERE;x;
8460;8;33;30;BARAAWE;x;
8461;50;36;158;MARKA;x;
8462;92;39;31;AFGOOYE;x;
8463;134;42;159;MOGADISHU;x;
8464;176;45;32;WARSHEIKH;x;
8465;8;48;160;EL_DERE;x;
8466;50;51;33;HOBYO;x;
8467;92;54;161;BELETWEYNE;x;
8468;134;57;34;QALAAFE;x;
8469;176;60;162;HIRAAB;x;
8470;8;63;35;MAREEG;x;
8471;50;66;163;EL_BUUR;x;
8472;92;69;36;DHUSAMAREB;x;
8473;134;72;164;JILIB;x;
8474;176;75;37;HUDUR;x;
8475;8;78;165;JOWHAAR;x;
8476;50;81;38;BUUR_HEYBE;x;
8477;92;84;166;BUG;x;
8478;134;87;39;MAREHAN-NORTH;x;
8479;176;90;167;MAREHAN-SOUTH;x;
8480;8;93;40;EL_WAAK;x;
8481;50;96;168;LAG_DERA;x;
8482;92;99;41;LOWER_JUBBA;x;
8483;134;102;169;DAWA-SOUTH;x;
8484;176;105;42;UPPER_KUTULO;x;
8485;8;108;170;KUTULO;x;
8486;50;111;43;LOWER_KUTULO;x;
8487;92;114;171;LAK_BOR;x;
8488;134;117;44;LAGH_BOGAL;x;
8489;176;120;172;MARSABIT;x;
8490;8;123;45;GESTRO;x;
8491;50;126;173;JUBBA-NORTH;x;
8492;92;129;46;GANALE;x;
8493;134;132;174;AUDO;x;
8494;176;135;47;MIDDLE-SHEBELLE;x;
8495;8;138;175;REEWIN;x;
8496;50;141;48;WAJID;x;
8497;92;144;176;SHABELLE-HIRAN;x;
8498;134;147;49;MUSTAHIL;x;
8499;176;150;177;GODE;x;
8500;8;153;50;FAFAN-SOUTH;x;
8501;50;156;178;HANAN;x;
8502;92;159;51;SHEIKH;x;
8503;134;162;179;TOGDHEER;x;
8504;176;165;52;LOWER_TOGDHEER;x;
8505;8;168;180;UPPER_NUGAAL;x;
8506;50;171;53;LOWER_NUGAAL;x;
8507;92;174;181;DHUUDO;x;
8508;134;177;54;JACEYL_BID;x;
8509;176;180;182;BARBACADLE;x;
8510;8;183;55;GALKAYO;x;
8511;50;186;183;HOBYO-NORTH;x;
8512;92;189;56;NUDUG-SOUTH;x;
8513;134;192;184;MUDUG-NORTH;x;
8514;176;195;57;GUMUZ-NORTH;x;
8515;8;198;185;GUMUZ-WEST;x;
8516;50;201;58;GUMUZ-SOUTH;x;
8517;92;204;186;DARA-SHARKA;x;
8518;134;207;59;LOWER_OMO;x;
8519;176;210;187;LAKE_TANA;x;#impassable
8520;8;0;60;ABAYA_LAKE;x;#impassable
8521;50;3;188;ABIJATA_SHALLA;x;#impassable
8522;92;6;61;ZIWAY_LAKE;x;#impassable
8523;134;9;189;LAKE_ABHE;x;#impassable
8524;176;12;62;LAKE_TURKANA;x;#impassable
8525;8;15;190;LAKE_GHOUBET;x;#impassable
8526;50;18;63;TIBET IMPASSABLE;x;
8527;92;21;191;TIBET IMPASSABLE;x;
8528;134;24;64;TIBET IMPASSABLE;x;
8529;176;27;192;TIBET IMPASSABLE;x;
8530;8;30;65;TIBET IMPASSABLE;x;
8531;50;33;193;TIBET IMPASSABLE;x;
8532;92;36;66;TIBET IMPASSABLE;x;
8533;134;39;194;TIBET IMPASSABLE;x;
8534;176;42;67;TIBET IMPASSABLE;x;
8535;8;45;195;TIBET IMPASSABLE;x;
8536;50;48;68;TIBET IMPASSABLE;x;
8537;92;51;196;TIBET IMPASSABLE;x;
8538;134;54;69;TIBET IMPASSABLE;x;
8539;176;57;197;GOBI DESERT;x;
8540;8;60;70;GOBI DESERT;x;
8541;50;63;198;GOBI DESERT;x;
8542;92;66;71;GOBI DESERT;x;
8543;134;69;199;GOBI DESERT;x;
8544;176;72;72;HIMALAYA;x;
8545;8;75;200;HIMALAYA;x;
8546;50;78;73;HIMALAYA;x;
8547;92;81;201;HIMALAYA;x;
8548;134;84;74;HIMALAYA;x;
8549;176;87;202;HIMALAYA;x;
8550;8;90;75;HIMALAYA;x;
8551;50;93;203;HIMALAYA;x;
8552;92;96;76;HIMALAYA;x;
8553;134;99;204;HIMALAYA;x;
8554;176;102;77;HIMALAYA;x;
8555;8;105;205;HIMALAYA;x;
8556;50;108;78;HIMALAYA;x;
8557;92;111;206;CAUCASUS MOUNTAINS;x;
8558;134;114;79;river_sognefjord;x;
8559;176;117;207;river_hardangerfjord;x;
8560;8;120;80;river_danube;x;
8561;50;123;208;river_dniester;x;
8562;92;126;81;river_dniester;x;
8563;134;129;209;river_dnieper;x;
8564;176;132;82;river_dnieper;x;
8565;8;135;210;river_dnieper;x;
8566;50;138;83;river_dnieper;x;
8567;92;141;211;river_dnieper;x;
8568;134;144;84;river_desna;x;
8569;176;147;212;river_volkhov;x;
8570;8;150;85;river_lovat;x;
8571;50;153;213;river_svir;x;
8572;92;156;86;river_belo_ozero;x;
8573;134;159;214;river_cheksna;x;
8574;176;162;87;river_oka;x;
8575;8;165;215;river_oka;x;
8576;50;168;88;river_oka;x;
8577;92;171;216;river_kama;x;
8578;134;174;89;river_volga;x;
8579;176;177;217;river_volga;x;
8580;8;180;90;river_volga;x;
8581;50;183;218;river_volga;x;
8582;92;186;91;river_volga;x;
8583;134;189;219;river_don;x;
8584;176;192;92;river_don;x;
8585;8;195;220;river_don;x;
8586;50;198;93;river_dvina;x;
8587;92;201;221;river_dvina;x;
8588;134;204;94;river_indus;x;
8589;176;207;222;river_indus;x;
8590;8;210;95;river_sutlej;x;
8591;50;0;223;river_sutlej;x;
8592;92;3;96;river_sutlej;x;
8593;134;6;224;river_tapti;x;
8594;176;9;97;river_tapti;x;
8595;8;12;225;river_kaveri;x;
8596;50;15;98;river_kaveri;x;
8597;92;18;226;river_godavari;x;
8598;134;21;99;river_godavari;x;
8599;176;24;227;river_godavari;x;
8600;8;27;0;river_mahanadi;x;
8601;50;30;128;river_mahanadi;x;
8602;92;33;1;river_ganges;x;
8603;134;36;129;river_brahmaputra;x;
8604;176;39;2;river_brahmaputra;x;
8605;8;42;130;river_brahmaputra;x;
8606;50;45;3;river_irrawaddy_delta;x;
8607;92;48;131;river_irrawaddy_delta;x;
8608;134;51;4;river_irrawaddy;x;
8609;176;54;132;river_irrawaddy;x;
8610;8;57;5;river_irrawaddy;x;
8611;50;60;133;river_irrawaddy;x;
8612;92;63;6;river_gambia;x;
8613;134;66;134;sea_iceland;x;
8614;176;69;7;sea_iceland;x;
8615;8;72;135;sea_faereyar;x;
8616;50;75;8;sea_shetland;x;
8617;92;78;136;sea_coast_norway;x;
8618;134;81;9;sea_bay_biscay;x;
8619;176;84;137;sea_portugal;x;
8620;8;87;10;sea_gulf_cadiz;x;
8621;50;90;138;sea_morocco;x;
8622;92;93;11;sea_canarias;x;
8623;134;96;139;sea_atlantic;x;
8624;176;99;12;sea_atlantic;x;
8625;8;102;140;sea_atlantic;x;
8626;50;105;13;sea_alboran;x;
8627;92;108;141;sea_alboran;x;
8628;134;111;14;sea_murcia;x;
8629;176;114;142;sea_balearic;x;
8630;8;117;15;sea_balearic;x;
8631;50;120;143;sea_balearic;x;
8632;92;123;16;sea_balearic;x;
8633;134;126;144;sea_tarragona;x;
8634;176;129;17;sea_barcelona;x;
8635;8;132;145;sea_ligurian;x;
8636;50;135;18;sea_corsica;x;	
8637;92;138;146;sea_bonifacio;x;
8638;134;141;19;sea_ligurian;x;
8639;176;144;147;sea_balearic;x;
8640;8;147;20;sea_balearic;x;
8641;50;150;148;sea_algier;x;
8642;92;153;21;sea_punic;x;
8643;134;156;149;sea_sardinian_coast;x;
8644;176;159;22;sea_punic;x;
8645;8;162;150;sea_tyrrhenian;x;
8646;50;165;23;sea_tyrrhenian;x;
8647;92;168;151;sea_gulf_tunis;x;
8648;134;171;24;sea_gulf_gabes;x;
8649;176;174;152;sea_adriatic_sea;x;
8650;8;177;25;sea_adriatic_sea;x;
8651;50;180;153;sea_adriatic_sea;x;
8652;92;183;26;sea_adriatic_sea;x;
8653;134;186;154;sea_ionia;x;
8654;176;189;27;sea_tripoli;x;
8655;8;192;155;sea_gulf_sidra;x;
8656;50;195;28;sea_ionia;x;
8657;92;198;156;sea_ionia;x;
8658;134;201;29;sea_messenian;x;
8659;176;204;157;sea_levantine;x;
8660;8;207;30;sea_syria;x;
8661;50;210;158;sea_levantine;x;
8662;92;0;31;sea_levantine;x;
8663;134;3;159;sea_levantine;x;
8664;176;6;32;sea_levantine;x;
8665;8;9;160;sea_dardanelles;x;
8666;50;12;33;sea_aegean;x;
8667;92;15;161;sea_black;x;
8668;134;18;34;sea_bosporus;x;
8669;176;21;162;sea_black;x;
8670;8;24;35;sea_kerch;x;
8671;50;27;163;sea_black;x;
8672;92;30;36;sea_black;x;
8673;134;33;164;sea_red_sea;x;
8674;176;36;37;sea_gulf_aden;x;
8675;8;39;165;sea_gulf_aden;x;
8676;50;42;38;sea_somali_sea;x;
8677;92;45;166;sea_somali_sea;x;
8678;134;48;39;sea_persian_gulf;x;
8679;176;51;167;sea_persian_gulf;x;
8680;8;54;40;sea_arabian_sea;x;
8681;50;57;168;sea_arabian_sea;x;
8682;92;60;41;sea_arabian_sea;x;
8683;134;63;169;sea_laccadive_sea;x;
8684;176;66;42;sea_bay_of_bengal;x;
8685;8;69;170;sea_bay_of_bengal;x;
8686;50;72;43;sea_gulf_martaban;x;
8687;92;75;171;sea_andaman;x;
8688;134;78;44;sea_bay_of_bengal;x;
8689;176;81;172;sea_bay_of_bengal;x;
8690;8;84;45;sea_bay_of_bengal;x;
8691;50;87;173;sea_andaman;x;
8692;92;90;46;sea_guinea;x;
8693;134;93;174;sea_guinea;x;
8694;176;96;47;sea_guinea;x;
8695;8;99;175;sea_guinea;x;
8696;50;102;48;sea_guinea;x;
8697;92;105;176;sea_gulf_guinea;x;
8698;134;108;49;sea_gulf_guinea;x;
8699;176;111;177;sea_gulf_guinea;x;
8700;8;114;50;sea_gulf_guinea;x;
8701;50;117;178;ATLANTIC;x;
8702;92;120;51;river_geba;x;
8703;134;123;179;NORTHERN URALS;x;
8704;176;126;52;ALTAISHAN;x;
8705;8;129;180;ALTAISHAN;x;
8706;50;132;53;ALTAISHAN;x;
8707;92;135;181;ALTAISHAN;x;
8708;134;138;54;ALTAISHAN;x;
8709;176;141;182;TIANSHAN;x;
8710;8;144;55;Western Kazakh Steppe;x; #IMPASSABLE
8711;50;147;183;East African Southern Impassable;x; #IMPASSABLE
8712;92;150;56;Thiladhunmathi;x;
8713;134;153;184;Tenerife;x;
8714;176;156;57;Fuerteventura;x;
8715;8;159;185;Lanzarote;x;
8716;50;162;58;Madeira;x;
8717;92;165;186;Monteil;x;
8718;134;168;59;Briancon;x;
8719;176;171;187;Faucigny;x;
8720;8;174;60;Barcelonnette;x;
8721;50;177;188;Puget;x;
8722;92;180;61;Karnaphuli;x;
8723;134;183;189;Lacko;x;
8724;176;186;62;Opensten;x;
8725;8;189;190;Kindaholm;x;
8726;50;192;63;Torsas;x;
8727;92;195;191;Stegeholm;x;
8728;134;198;64;Leksand;x;
8729;176;201;192;Lima;x;
8730;8;204;65;Orsa;x;
8731;50;207;193;Nordmark;x;
8732;92;210;66;Josse;x;
8733;134;0;194;Norrkoping;x;
8734;176;3;67;Grebo;x;
8735;8;6;195;Palma;x;
8736;50;9;68;Moroccoan Lakes;x;
8737;92;12;196;Lagos Lagoons;x;
8738;134;15;69;Sarygamysh Lake;x;
8739;176;18;197;Farnebo;x;
8740;8;21;70;sea_gulf_lepanto;x;
8741;50;24;198;Bangor;x;		#IRELAND
8742;92;27;71;Clogher;x;		#IRELAND
8743;134;30;199;Dungannon;x;	#IRELAND
8744;176;33;72;Adragh;x;		#IRELAND
8745;8;36;200;Cruachu;x;		#IRELAND
8746;50;39;73;Tuam;x;			#IRELAND
8747;92;42;201;Da_Chainoc;x;	#IRELAND
8748;134;45;74;Killala;x;	#IRELAND
8749;176;48;202;Kincora;x;	#IRELAND
8750;8;51;75;Kilmallock;x;	#IRELAND
8751;50;54;203;Tropea;x;	#ITALY
8752;92;57;76;Belvedere;x;	#ITALY
8753;134;60;204;Catanzaro;x;	#ITALY
8754;176;63;77;Policastro;x;	#ITALY
8755;8;66;205;Lecce;x;		#ITALY
8756;50;69;78;Aversa;x;		#ITALY
8757;92;72;206;Ariano;x;	#ITALY
8758;134;75;79;Vieste;x;	#ITALY
8759;176;78;207;Agnone;x;	#ITALY
8760;8;81;80;Asciano;x;		#ITALY
8761;50;84;208;Tirano;x;	#ITALY
8762;92;87;81;Chiari;x;		#ITALY
8763;134;90;209;Mondovi;x;	#ITALY
8764;176;93;82;Santhia;x;	#ITALY
8765;8;96;210;Este;x;		#ITALY
8766;50;99;83;Portogruaro;x;	#ITALY
8767;92;102;211;Malamacco;x;	#ITALY
8768;134;105;84;Ski;x;			#NORWAY
8769;176;108;212;Stange;x;		#NORWAY
8770;8;111;85;Uddevalla;x;		#NORWAY
8771;50;114;213;Olafsvik;x;			#ICELAND
8772;92;117;86;Hofn;x;				#ICELAND
8773;134;120;214;Vopnafjordur;x;	#ICELAND
8774;176;123;87;Klaustur;x;			#ICELAND
8775;8;126;215;Urquhart;x;		#SCOTLAND
8776;50;129;88;Glenelg;x;		#SCOTLAND
8777;92;132;216;Tain;x;			#SCOTLAND
8778;134;135;89;Applecross;x;	#SCOTLAND
8779;176;138;217;Assynt;x;		#SCOTLAND
8780;8;141;90;Wigton;x;			#SCOTLAND
8781;50;144;218;Ume;x;			#SAPMI
8782;92;147;91;Vettanen;x;		#SAPMI
8783;134;150;219;Ylikainuu;x;	#SAPMI
8784;176;153;92;Kangos;x;		#SAPMI
8785;8;156;220;Roavvenjarga;x;	#SAPMI
8786;50;159;93;Kuusama;x;		#SAPMI
8787;92;162;221;Kaddlhutt;x;	#SAPMI
8788;134;165;94;Suenekele;x;	#SAPMI
8789;176;168;222;Skolt;x;		#SAPMI
8790;8;171;95;Peliza;x;			#SAPMI
8791;50;174;223;Varsiga;x;		#SAPMI
8792;92;177;96;Cascarena;x;		#SAPMI
8793;134;180;224;Uncastillo;x;
8794;176;183;97;Biescas;x;
8795;8;186;225;Monzon;x;
8796;50;189;98;Agramunt;x;
8797;92;192;226;Llivia;x;
8798;134;195;99;Prades in Rossello;x;
8799;176;198;227;Pallars Jussa;x;
8800;8;201;0;Pallars Sobira;x;
8801;50;204;128;Seu d'Urgell;x;
8802;0;139;47;b_quanzhou_jinjiang;x;
8803;251;169;80;b_quanzhou_anxi;x;
8804;229;206;162;b_quanzhou_dehua;x;
8805;158;47;143;b_zhangzhou_zhangpu;x;
8806;120;46;125;b_zhangzhou_longxi;x;
8807;57;119;185;b_zhangzhou_longyan;x;
8808;50;188;31;b_tingzhou_shanghang;x;
8809;190;74;163;b_tingzhou_liancheng;x;
8810;248;32;71;b_tingzhou_changting;x;
8811;110;3;102;b_tingzhou_wuping;x;
8812;230;218;207;b_tingzhou_ninghua;x;
8813;170;92;47;b_nanjianzhou_sha;x;
8814;250;38;146;b_nanjianzhou_youxi;x;
8815;169;76;4;b_nanjianzhou_jianpu;x;
8816;178;235;129;b_nanjianzhou_shunchang;x;
8817;115;136;42;b_nanjianzhou_jiangle;x;
8818;228;230;32;b_jianning_jian_an;x;
8819;151;160;11;b_jianning_jianyang;x;
8820;209;170;153;b_fuzhou_yongfu;x;
8821;150;45;252;b_fuzhou_gutian;x;
8822;185;203;99;b_fuzhou_minqing;x;
8823;8;242;126;b_fuzhou_ningde;x;
8824;38;151;240;b_fuzhou_lianjiang;x;
8825;112;40;168;b_mingzhou_mao;x;
8826;159;33;196;b_mingzhou_xiangshan;x;
8827;38;109;70;b_yuezhou_yuyao;x;
8828;107;14;128;b_yuezhou_kuaiji;x;
8829;61;156;229;b_yuezhou_zhuji;x;
8830;197;42;134;b_taizhou_huangyan;x;
8831;142;185;175;b_wenzhou_yuecheng;x;
8832;249;199;243;b_wenzhou_yongjia;x;
8833;132;229;43;b_chuzhou_lishui;x;
8834;3;139;100;b_chuzhou_qingtian;x;
8835;24;199;66;b_chuzhou_xujiang;x;
8836;165;193;67;b_wuzhou_jinhua;x;
8837;84;92;17;b_wuzhou_wucheng;x;
8838;167;41;245;b_wuzhou_dongyang;x;
8839;248;155;214;b_wuzhou_puyang;x;
8840;120;180;187;;x;
8841;180;86;70;b_hangzhou_qiantang;x;
8842;215;99;211;b_jianning_zhenghe;x;
8843;121;46;221;b_jianning_pucheng;x;
8844;25;24;27;b_jianning_chong_an;x;
8845;88;224;61;b_jianning_songxi;x;
8846;184;87;227;b_xuanzhou_liyang;x;
8847;129;133;193;b_xuanzhou_ningguo;x;
8848;8;83;107;b_shezhou_taiping;x;
8849;17;69;1;b_something_wendeng;x;
8850;3;103;152;b_something_muping;x;
8851;250;209;136;b_something_huang;x;
8852;38;97;87;b_laizhou_changyang;x;
8853;113;19;19;b_laizhou_ye;x;
8854;61;29;74;b_laizhou_jimo;x;
8855;196;121;213;b_mizhou_gaomi;x;
8856;67;108;22;b_mizhou_zhucheng;x;
8857;156;42;97;b_mizhou_ju;x;
8858;72;150;128;b_mizhou_futang;x;
8859;227;33;47;b_qingzhou_beihai;x;
8860;7;251;52;b_qingzhou_linqu;x;
8861;240;85;67;b_qingzhou_shouguang;x;
8862;89;137;3;b_qingzhou_bochang;x;
8863;31;215;212;b_zizhou_zichuan;x;
8864;55;12;193;b_zizhou_changshan;x;
8865;177;4;132;b_zizhou_zouping;x;
8866;165;184;83;b_yizhou_yishui;x;
8867;132;238;83;b_yizhou_xintai;x;
8868;147;83;73;b_yizhou_fei;x;
8869;177;169;13;b_yizhou_linyi;x;
8870;9;207;247;b_yizhou_cheng;x;
8871;124;171;219;b_haizhou_qushan;x;
8872;234;197;200;b_dizhou_yanci;x;
8873;237;93;214;b_dizhou_dihe;x;
8874;91;46;193;b_qizhou_yucheng;x;
8875;99;88;21;b_qizhou_something;x;
8876;123;207;179;b_qizhou_linyi;x;
8877;19;121;109;b_qizhou_licheng;x;
8878;204;1;38;b_yunzhou_laiwu;x;
8879;203;158;78;b_yunzhou_qianfeng;x;
8880;107;139;253;b_yunzhou_qufu;x;
8881;32;20;234;b_yunzhou_xiaqiu;x;
8882;224;203;219;b_puzhou_juye;x;
8883;88;184;69;b_puzhou_xuchang;x;
8884;190;212;39;b_puzhou_shouzhang;x;
8885;59;186;169;b_puzhou_juancheng;x;
8886;113;80;169;b_puzhou_puyang;x;
8887;66;141;151;b_caozhou_kaocheng;x;
8888;202;242;156;b_caozhou_jiyin;x;
8889;196;57;160;b_caozhou_nanhua;x;
8890;231;146;155;b_caozhou_yuanju;x;
8891;59;212;181;b_cangzhou_qingchi;x;
8892;210;53;78;b_guangzhou_nanhai;x;
8893;104;247;54;b_chaozhou_chaoyang;x;
8894;58;73;119;b_chaozhou_haiyang;x;
8895;50;99;60;b_chaozhou_chengxiang;x;
8896;107;210;141;b_xunzhou_haifeng;x;
8897;201;247;197;b_xunzhou_boluo;x;
8898;182;247;52;b_xunzhou_heyuan;x;
8899;98;190;84;b_xunzhou_xingning;x;
8900;14;111;197;b_xinzhou_guishan;x;
8901;166;38;173;b_guangzhou_huameng;x;
8902;10;53;97;b_guangzhou_zhenyang;x;
8903;170;248;112;b_guangzhou_hankuang;x;
8904;32;184;7;b_shaozhou_wengyuan;x;
8905;174;49;30;b_shaozhou_qujiang;x;
8906;227;124;63;b_shaozhou_renhua;x;
8907;0;31;5;b_enzhou_yangjiang;x;
8908;42;88;87;b_enzhou_duling;x;
8909;247;49;27;b_gaozhou_baoning;x;
8910;144;133;122;b_gaozhou_dianbai;x;
8911;218;10;9;b_luozhuo_wuchuan;x;
8912;45;50;182;b_luozhou_lianjiang;x;
8913;224;93;235;b_luozhou_ganshui;x;
8914;134;221;150;b_bianzhou_shilong;x;
8915;163;86;209;b_bianzhou_lingluo;x;
8916;48;123;25;b_panzhou_nanba;x;
8917;87;149;232;b_panzhou_panshui;x;
8918;238;189;136;b_chunzhou_luoshi;x;
8919;183;159;64;b_chunzhou_yangshui;x;
8920;245;68;172;b_qinzhou_tongling;x;
8921;255;151;100;b_xinzhou_tinxing;x;
8922;213;6;219;b_xinzhou_yongshun;x;
8923;245;31;201;b_duanzhou_pingxing;x;
8924;23;9;184;b_duanzhou_gaoyao;x;
8925;195;202;12;b_kangzhou_duanxi;x;
8926;182;201;67;b_kangzhou_jinkang;x;
8927;233;90;32;b_fengzhou_kaijian;x;
8928;70;218;98;b_shuangzhou_shuangshui;x;
8929;224;16;155;b_shuangzhou_jianshui;x;
8930;171;231;166;b_shuangzhou_zhennan;x;
8931;216;208;183;b_yangzhou_hai_an;x;
8932;131;140;7;b_yangzhou_hailing;x;
8933;123;229;154;b_yangzhou_hangyang;x;
8934;40;100;168;b_yangzhou_tianchang;x;
8935;180;229;13;b_chuzhou_qingliu;x;
8936;208;185;38;b_chuzhou_qingliu;x;
8937;96;113;217;b_chuzhou_quanjiao;x;
8938;183;185;227;b_hezhou_liyang;x;
8939;235;163;189;b_hezhou_hanshan;x;
8940;185;118;83;b_luzhou_lujiang;x;
8941;111;134;10;b_luzhou_zhen;x;
8942;6;99;244;b_luzhou_hefei;x;
8943;128;3;163;b_shuzhou_tongcheng;x;
8944;231;154;20;b_shuzhou_huaining;x;
8945;48;240;194;b_shuzhou_taihu;x;
8946;114;173;146;b_suzhou_wangjiang;x;
8947;252;120;150;b_chuzhou_yancheng;x;
8948;215;31;126;b_chuzhou_baoying;x;
8949;34;10;20;b_chuzhou_xuyi;x;
8950;197;34;210;b_chuzhou_shanyang;x;
8951;45;244;75;b_chuzhou_huaiyin;x;
8952;70;128;113;b_shaozhou_shaoyang;x;
8953;13;66;66;b_tanzhou_tanzhou;x;
8954;127;148;141;b_shaozhou_wugang;x;
8955;21;135;21;b_somthing_qiyang;x;
8956;120;84;95;b_something_lingling;x;
8957;12;226;183;b_something_xiangyuan;x;
8958;25;199;235;b_daozhou_dali;x;
8959;116;232;198;b_daozhou_hongdao;x;
8960;70;201;84;b_daozhou_jianghua;x;
8961;115;7;30;b_lianzhou_guiyang;x;
8962;215;107;123;b_lianzhou_lianshan;x;
8963;19;105;243;b_lianzhou_yangshan;x;
8964;74;255;162;b_chenzhou_linwu;x;
8965;236;67;117;b_chenzhou_chen;x;
8966;91;111;190;b_chenzhou_yichang;x;
8967;193;133;183;b_chenzhou_zixing;x;
8968;69;147;169;b_hengzhou_changning;x;
8969;155;180;13;b_hengzhou_chaling;x;
8970;246;150;128;b_hengzhou_hengyang;x;
8971;244;30;219;;x;
8972;8;182;56;b_tanzhou_liuyang;x;
8973;209;106;129;b_huangzhou_huanggang;x;
8974;114;26;236;b_huangzhou_macheng;x;
8975;84;48;31;b_huangzhou_hunagpi;x;
8976;114;118;143;b_qizhou_qishui;x;
8977;232;144;162;b_qizhou_qichun;x;
8978;185;158;129;b_something_hanyang;x;
8979;231;45;185;b_something_chachuan;x;
8980;194;124;34;b_anzhou_yingcheng;x;
8981;27;52;102;b_anzhou_anlu;x;
8982;79;78;72;b_anzhou_yingshan;x;
8983;167;205;146;b_shenzhou_yiyang;x;
8984;110;206;206;b_shenzhou_zhongshan;x;
8985;31;146;233;b_shenzhou_luoshan;x;
8986;24;121;13;b_jiangzhou_xunyang;x;
8987;245;78;254;b_raozhou_duchang;x;
8988;187;168;102;b_raozhou_jingde;x;
8989;141;22;196;b_raozhou_yugan;x;
8990;152;27;53;b_hongzhou_nanchang;x;
8991;167;23;139;b_hongzhou_xinwu;x;
8992;194;57;134;b_yuanzhou_xinyu;x;
8993;134;141;224;Zarmatarey;x;
8994;176;144;97;Zarmaganda;x;
8995;8;147;225;Sargan;x;
8996;50;150;98;Konni;x;
8997;92;153;226;Ader;x;
8998;134;156;99;Matankari;x;
8999;176;159;227;Veseli;x;
9000;9;162;0;Lop Nur Lake;x;
9001;51;165;128;Bosten Lake;x;
9002;93;168;1;Leh;x;
9003;135;171;129;Shey;x;
9004;177;174;2;Khalatse;x;
9005;9;177;130;Tangtse;x;
9006;51;180;3;Demchok;x;
9007;93;183;131;Hanle;x;
9008;135;186;4;Chusul;x;
9009;177;189;132;Diskit;x;
9010;9;192;5;Panamik;x;
9011;51;195;133;Turtuk;x;
9012;93;198;6;Dipsang;x;
9013;135;201;134;Padum;x;
9014;177;204;7;Zangla;x;
9015;9;207;135;Lingshet;x;
9016;51;210;8;Darcha;x;
9017;93;0;136;Karzok;x;
9018;135;3;9;Purig;x;
9019;177;6;137;Dras;x;
9020;9;9;10;Skardu;x;
9021;51;12;138;Roundu;x;
9022;93;15;11;Tolti;x;
9023;135;18;139;Gultari;x;
9024;177;21;12;Astore;x;
9025;9;24;140;Minimarg;x;
9026;51;27;13;Shigar;x;
9027;93;30;141;Askole;x;
9028;135;33;14;Khaplu;x;
9029;177;36;142;Haldi;x;
9030;9;39;15;Khurnak;x;
9031;51;42;143;Nischu;x;
9032;93;45;16;Sumna;x;
9033;135;48;144;Thaldat;x;
9034;177;51;17;Sumnal;x;
9035;9;54;145;Sumdo;x;
9036;51;57;18;Chungtash;x;
9037;93;60;146;Rutog;x;
9038;135;63;19;Risum;x;
9039;177;66;147;Rebang;x;
9040;9;69;20;Changmar;x;
9041;51;72;148;Memar;x;
9042;93;75;21;Bangdag;x;
9043;135;78;149;Bairab;x;
9044;177;81;22;Nako;x;
9045;9;84;150;Tabo;x;
9046;51;87;23;Dhankar;x;
9047;93;90;151;Kardang;x;
9048;135;93;24;Poo;x;
9049;177;96;152;Kalpa;x;
9050;9;99;25;Kamru;x;
9051;51;102;153;Trashigang;x;
9052;93;105;26;Tsaparang;x;
9053;135;108;154;Tholing;x;
9054;177;111;27;Busin;x;
9055;9;114;155;Kyunglung;x;
9056;51;117;28;Gar;x;
9057;93;120;156;Zoco;x;
9058;135;123;29;Gegyai;x;
9059;177;126;157;Xungba;x;
9060;9;129;30;Chaka;x;
9061;51;132;158;Gerze;x;
9062;93;135;31;Dongco;x;
9063;135;138;159;Gomoco;x;
9064;177;141;32;Chagboco;x;
9065;9;144;160;Burogco;x;
9066;51;147;33;Coqen;x;
9067;93;150;161;Simbiling;x;
9068;135;153;34;Teglakar;x;
9069;177;156;162;Hor;x;
9070;9;159;35;Cuonaco;x;
9071;51;162;163;Argogco;x;
9072;93;165;36;Ringtor;x;
9073;135;168;164;Barma;x;
9074;177;171;37;Lunggar;x;
9075;9;174;165;Labrang;x;
9076;51;177;38;Baryang;x;
9077;93;180;166;Penchi;x;
9078;135;183;39;Yagra;x;
9079;177;186;167;Manthang;x;
9080;9;189;40;Muktinath;x;
9081;51;192;168;Changgo;x;
9082;93;195;41;Lhagcang;x;
9083;135;198;169;Kyakyaru;x;
9084;177;201;42;Gyesarco;x;
9085;9;204;170;Dolpo;x;
9086;51;207;43;Monicer;x;
9087;93;210;171;Dehradun;x;
9088;135;0;44;Uttarkashi;x;
9089;177;3;172;Srinagar;x;
9090;9;6;45;Devalgarh;x;
9091;51;9;173;Kartikeyapura;x;
9092;93;12;46;Champawat;x;
9093;135;15;174;Almora;x;
9094;177;18;47;Bhimtal;x;
9095;9;21;175;Doti;x;
9096;51;24;48;Godawari;x;
9097;93;27;176;Askot;x;
9098;135;30;49;Baitadi;x;
9099;177;33;177;Bajura;x;
9100;9;36;50;Simikot;x;
9101;51;39;178;Sinja;x;
9102;93;42;51;Jumla;x;
9103;135;45;179;Dullu;x;
9104;177;48;52;Jagatipur;x;
9105;9;51;180;Gautamkot;x;
9106;51;54;53;Rukum;x;
9107;93;57;181;Gulariya;x;
9108;135;60;54;Dang;x;
9109;177;63;182;Lumbini;x;
9110;9;66;55;Gulmi;x;
9111;51;69;183;Kaski;x;
9112;93;72;56;Tanahun;x;
9113;135;75;184;Gorkha;x;
9114;177;78;57;Dolakha;x;
9115;9;81;185;Hetauda;x;
9116;51;84;58;Kathmandu;x;
9117;93;87;186;Bhaktapur;x;
9118;135;90;59;Janakpur;x;
9119;177;93;187;Okhaldhunga;x;
9120;9;96;60;Khotang;x;
9121;51;99;188;Bhojpur;x;
9122;93;102;61;Rajbiraj;x;
9123;135;105;189;Bharatpur;x;
9124;177;108;62;Gograha;x;
9125;9;111;190;Ilam;x;
9126;51;114;63;Dhankuta;x;
9127;93;117;191;Panchthar;x;
9128;135;120;64;Darjeeling;x;
9129;177;123;192;Daramdin;x;
9130;9;126;65;Kirtipur;x;
9131;51;129;193;Lalitpur;x;
9132;93;132;66;Dhulikhel;x;
9133;135;135;194;Chungthang;x;
9134;177;138;67;Kalimpong;x;
9135;9;141;195;Dromo;x;
9136;51;144;68;Yangwarok;x;
9137;93;147;196;Paro;x;
9138;135;150;69;Thimpu;x;
9139;177;153;197;Daga;x;
9140;9;156;70;Punakha;x;
9141;51;159;198;Gasa;x;
9142;93;162;71;Sarpang;x;
9143;135;165;199;Trongsa;x;
9144;177;168;72;Zhemgang;x;
9145;9;171;200;Bumthang;x;
9146;51;174;73;Lhuentse;x;
9147;93;177;201;Mongar;x;
9148;135;180;74;Pemagatsel;x;
9149;177;183;202;Kurmaed;x;
9150;9;186;75;Cona;x;
9151;51;189;203;Nariyong;x;
9152;93;192;76;Lhunze;x;
9153;135;195;204;Yumai;x;
9154;177;198;77;Tawang;x;
9155;9;201;205;Morshing;x;
9156;51;204;78;Sepla;x;
9157;93;207;206;Itanagar;x;
9158;135;210;79;Ziro;x;
9159;177;0;207;Daporijo;x;
9160;9;3;80;Along;x;
9161;51;6;208;Mechuka;x;
9162;93;9;81;Tuting;x;
9163;135;12;209;Yingkiong;x;
9164;177;15;82;Anini;x;
9165;9;18;210;Roing;x;
9166;51;21;83;Tezu;x;
9167;93;24;211;Kibithu;x;
9168;135;27;84;Hawai;x;
9169;177;30;212;Wolong;x;
9170;9;33;85;Mainling;x;
9171;51;36;213;Bokthang;x;
9172;93;39;86;Medog;x;
9173;135;42;214;Dzayul;x;
9174;177;45;87;Zayu;x;
9175;9;48;215;Rima;x;
9176;51;51;88;Golag;x;
9177;93;54;216;Cawarong;x;
9178;135;57;89;Goyu;x;
9179;177;60;217;Kurtoed;x;
9180;9;63;90;Kungtang;x;
9181;51;66;218;Gyirong;x;
9182;93;69;91;Chagne;x;
9183;135;72;219;Tsongdu;x;
9184;177;75;92;Mainpu;x;
9185;9;78;220;Tingri;x;
9186;51;81;93;Shelkar;x;
9187;93;84;221;Dinggye;x;
9188;135;87;94;Kamba;x;
9189;177;90;222;Lhaze;x;
9190;9;93;95;Sagya;x;
9191;51;96;223;Se;x;
9192;93;99;96;Kamru;x;
9193;135;102;224;Banam;x;
9194;177;105;97;Xigaze;x;
9195;9;108;225;Kangmar;x;
9196;51;111;98;Rinbung;x;
9197;93;114;226;Gyangze;x;
9198;135;117;99;Nyamo;x;
9199;177;120;227;Kagar;x;
9200;9;123;0;Sangsang;x;
9201;51;126;128;Caze;x;
9202;93;129;1;Qulho;x;
9203;135;132;129;Rusar;x;
9204;177;135;2;Kunglung;x;
9205;9;138;130;Goingyibug;x;
9206;51;141;3;Quog;x;
9207;93;144;131;Tongmoin;x;
9208;135;147;4;Leba;x;
9209;177;150;132;Namling;x;
9210;9;153;5;Tobgyai;x;
9211;51;156;133;Qingtu;x;
9212;93;159;6;Xainza;x;
9213;135;162;134;Shyungme;x;
9214;177;165;7;Sinya;x;
9215;9;168;135;Nyima;x;
9216;51;171;8;Aso;x;
9217;93;174;136;Ladoi;x;
9218;135;177;9;Ngoqu;x;
9219;177;180;137;Garkung;x;
9220;9;183;10;Margai;x;
9221;51;186;138;Yurba;x;
9222;93;189;11;Gyagog;x;
9223;135;192;139;Nagarze;x;
9224;177;195;12;Lhozhag;x;
9225;9;198;140;Comai;x;
9226;51;201;13;Taktse;x;
9227;93;204;141;Tradruk;x;
9228;135;207;14;Samye;x;
9229;177;210;142;Yumbu_Lakhang;x;
9230;9;0;15;Zetang;x;
9231;51;3;143;Qusum;x;
9232;93;6;16;Gonggar;x;
9233;135;9;144;Gyaca;x;
9234;177;12;17;Daklha_Gampo;x;
9235;9;15;145;Nang;x;
9236;51;18;18;Sangri;x;
9237;93;21;146;Lhasa;x;
9238;135;24;19;Potala;x;
9239;177;27;147;Gyama;x;
9240;9;30;20;Kunggar;x;
9241;51;33;148;Drigung;x;
9242;93;36;21;Lhunzhub;x;
9243;135;39;149;Ngarnang;x;
9244;177;42;22;Reting;x;
9245;9;45;150;Quxu;x;
9246;51;48;23;Doilungdeqen;x;
9247;93;51;151;Nyemo;x;
9248;135;54;24;Damquka;x;
9249;177;57;152;Nyinhzhong;x;
9250;9;60;25;Yangpachen;x;
9251;51;63;153;Qewa;x;
9252;93;66;26;Xenkyer;x;
9253;135;69;154;Pukpa;x;
9254;177;72;27;Balla;x;
9255;9;75;155;Nagqu;x;
9256;51;78;28;Lhomar;x;
9257;93;81;156;Taksar;x;
9258;135;84;29;Qangma;x;
9259;177;87;157;Parling;x;
9260;9;90;30;Xibde;x;
9261;51;93;158;Cozhelhoma;x;
9262;93;96;31;Garco;x;
9263;135;99;159;Dorsoidong;x;
9264;177;102;32;Cozhedangma;x;
9265;9;105;160;Gedang;x;
9266;51;108;33;Mila;x;
9267;93;111;161;Paga;x;
9268;135;114;34;Codoi;x;
9269;177;117;162;Lingti;x;
9270;9;120;35;Lhari;x;
9271;51;123;163;Burqug;x;
9272;93;126;36;Nyang;x;
9273;135;129;164;Gongbo;x;
9274;177;132;37;Pagsum;x;
9275;9;135;165;Nyingchi;x;
9276;51;138;38;Lunang;x;
9277;93;141;166;Zhamog;x;
9278;135;144;39;Rawu;x;
9279;177;147;167;Bome;x;
9280;9;150;40;Yiong;x;
9281;51;153;168;Baxoi;x;
9282;93;156;41;Zogang;x;
9283;135;159;169;Kagong;x;
9284;177;162;42;Yiqen;x;
9285;9;165;170;Kangyu;x;
9286;51;168;43;Qundo;x;
9287;93;171;171;Banbar;x;
9288;135;174;44;Jaggang;x;
9289;177;177;172;Lhorong;x;
9290;9;180;45;Qizhu;x;
9291;51;183;173;Damdoi;x;
9292;93;186;46;Xamqu;x;
9293;135;189;174;Biru;x;
9294;177;192;47;Sog;x;
9295;9;195;175;Riwar;x;
9296;51;198;48;Arxog;x;
9297;93;201;176;Baqen;x;
9298;135;204;49;Lhaxi;x;
9299;177;207;177;Dengqen;x;
9300;9;210;50;Riwoqe;x;
9301;51;0;178;Karub;x;
9302;93;3;51;Qamdo;x;
9303;135;6;179;Lhatok;x;
9304;177;9;52;Nangqen;x;
9305;9;12;180;Nyangla;x;
9306;51;15;53;Gyegumdo;x;
9307;93;18;181;Longbaoco;x;
9308;135;21;54;Jomda;x;
9309;177;24;182;Derdoin;x;
9310;9;27;55;Bolo;x;
9311;51;30;183;Bumgye;x;
9312;93;33;56;Yendum;x;
9313;135;36;184;Rongzhub;x;
9314;177;39;57;Markam;x;
9315;9;42;185;Jangpa;x;
9316;51;45;58;Deqen;x;
9317;93;48;186;Balung;x;
9318;135;51;59;Gyaitang;x;
9319;177;54;187;Derong;x;
9320;9;57;60;Dabba_Tibet;x;
9321;51;60;188;Qagcheng;x;
9322;93;63;61;Takchongrong;x;
9323;135;66;189;Batang;x;
9324;177;69;62;Lenggu;x;
9325;9;72;190;Litang;x;
9326;51;75;63;Katok;x;
9327;93;78;191;Nyagqu;x;
9328;135;81;64;Gyezil;x;
9329;229;194;14;b_yuanzhou_yichun;x;
9330;9;87;65;Darzedo;x;
9331;51;90;193;Lhagang;x;
9332;93;93;66;Shade;x;
9333;135;96;194;Rongzhag;x;
9334;177;99;67;Dawu;x;
9335;9;102;195;Nyatsho;x;
9336;51;105;68;Nyagrong;x;
9337;93;108;196;Draggo;x;
9338;135;111;69;Niba;x;
9339;177;114;197;Jalhaxi;x;
9340;9;117;70;Garze;x;
9341;51;120;198;Larung;x;
9342;93;123;71;Sertar;x;
9343;135;126;199;Dege;x;
9344;177;129;72;Palpung;x;
9345;9;132;200;Dzogchen;x;
9346;51;135;73;Manigango;x;
9347;93;138;201;Axu;x;
9348;135;141;74;Serxu;x;
9349;177;144;202;Lingtsang;x;
9350;9;147;75;Ariksar;x;
9351;51;150;203;Tromsa_Genma;x;
9352;93;153;76;Pelyul;x;
9353;135;156;204;Dewu;x;
9354;177;159;77;Nyainrong;x;
9355;9;162;205;Amdo;x;
9356;51;165;78;Gangnyi;x;
9357;93;168;206;Sibnak_Chenchungo;x;
9358;135;171;79;Marrong;x;
9359;177;174;207;Changco;x;
9360;9;177;80;Yenshipin;x;
9361;51;180;208;Quemoco;x;
9362;93;183;81;Marchu;x;
9363;135;186;209;Sewa;x;
9364;177;189;82;Ulenulaco;x;
9365;9;192;210;Dokecoring;x;
9366;51;195;83;Dokecoring_Qangco;x;
9367;93;198;211;Yuyico;x;
9368;135;201;84;Aqenganggyai;x;
9369;177;204;212;Hohaseco;x;
9370;9;207;85;Dangla;x;
9371;51;210;213;Nengyi;x;
9372;93;0;86;Drakbuk;x;
9373;135;3;214;Chumarho;x;
9374;177;6;87;Toma;x;
9375;9;9;215;Trandam;x;
9376;51;12;88;Damzhung;x;
9377;93;15;216;Ato;x;
9378;135;18;89;Qapugtang;x;
9379;177;21;217;Mukzhung;x;
9380;9;24;90;Zokya;x;
9381;51;27;218;Drakgur;x;
9382;93;30;91;Gyaijepozhangge;x;
9383;135;33;219;Triwang;x;
9384;177;36;92;Damda;x;
9385;9;39;220;Qumarleb;x;
9386;51;42;93;Mato;x;
9387;93;45;221;Chikdril;x;
9388;135;48;94;Ragbangadung;x;
9389;177;51;222;Ayakkum;x;
9390;9;54;95;Aqqikkol;x;
9391;51;57;223;Kytkol;x;
9392;93;60;96;Bokalik;x;
9393;135;63;224;Mangnai;x;
9394;177;66;97;Urtmoron;x;
9395;9;69;225;Lenghu;x;
9396;51;72;98;Nagormo;x;
9397;93;75;226;Qaidam;x;
9398;135;78;99;Zhiteu;x;
9399;177;81;227;Derlenka;x;
9400;9;84;0;Dagelhe;x;
9401;51;87;128;Ngoring;x;
9402;93;90;1;Balung;x;
9403;135;93;129;Tuulain;x;
9404;177;96;2;Ulam;x;
9405;9;99;130;Cakha;x;
9406;51;102;3;Fuqi;x;
9407;93;105;131;Temqen;x;
9408;135;108;4;Ngor;x;
9409;177;111;132;Yagkeng;x;
9410;9;114;5;Gangca;x;
9411;51;117;133;Haeyan;x;
9412;93;120;6;Serkok;x;
9413;135;123;134;Datong;x;
9414;177;126;7;Tongkor;x;
9415;9;129;135;Gonlung;x;
9416;51;132;8;Ledu;x;
9417;93;135;136;Chuankou;x;
9418;135;138;9;Shanzhou;x;
9419;177;141;137;Kuozhou;x;
9420;9;144;10;Yadzi;x;
9421;51;147;138;Rusar;x;
9422;93;150;11;Xining;x;
9423;135;153;139;Qabqa;x;
9424;177;156;12;Jainca;x;
9425;9;159;140;Triga;x;
9426;51;162;13;Changzhi;x;
9427;93;165;141;Xigortang;x;
9428;135;168;14;Namtang;x;
9429;177;171;142;Madoi;x;
9430;9;174;15;Dzogenrabar;x;
9431;51;177;143;Machu;x;
9432;93;180;16;Mangra;x;
9433;135;183;144;Gabasumdo;x;
9434;177;186;17;Rebgong;x;
9435;9;189;145;Zekog;x;
9436;51;192;18;Yegainnyin;x;
9437;93;195;146;Maqu;x;
9438;135;198;19;Murje;x;
9439;177;201;147;Luqu;x;
9440;9;204;20;Sangqu;x;
9441;51;207;148;Hzo;x;
9442;93;210;21;Linten;x;
9443;135;0;149;Jone;x;
9444;177;3;22;Tewo;x;
9445;9;6;150;Zhugqu;x;
9446;51;9;23;Maqen;x;
9447;93;12;151;Gade;x;
9448;135;15;24;Gyumai;x;
9449;177;18;152;Seretang;x;
9450;9;21;25;Jigzhi;x;
9451;51;24;153;Ngawa;x;
9452;93;27;26;Soxiq;x;
9453;135;30;154;Zoige;x;
9454;177;33;27;Yunglro;x;
9455;9;36;155;Khyungchu;x;
9456;51;39;28;Sungqu;x;
9457;93;42;156;Choqu;x;
9458;223;239;93;b_yuanzhou_pingxiang;x;
9459;14;231;27;b_jizhou_xin_gan;x;
9460;112;152;42;b_jizhou_taihe;x;
9461;51;54;158;Zamtang;x;
9462;93;57;31;Rongbur;x;
9463;135;60;159;Barkam;x;
9464;177;63;32;Quqen;x;
9465;9;66;160;Trashingling;x;
9466;51;69;33;Zainlha;x;
9467;93;72;161;Kharsa;x;
9468;135;75;34;Conak;x;
9469;177;78;162;Haltang;x;
9470;9;81;35;Takoerpasitao;x;
9471;51;84;163;Hahaeci;x;
9472;93;87;36;Aksay;x;
9473;135;90;164;Yangguan;x;
9474;177;93;37;Yumenguan;x;
9475;9;96;165;Akeqi;x;
9476;51;99;38;Shazhou;x;
9477;93;102;166;Mogao;x;
9478;135;105;39;Yulin;x;
9479;177;108;167;Subei;x;
9480;9;111;40;Yanchiwan;x;
9481;51;114;168;Guazhou;x;
9482;93;117;41;Anxi;x;
9483;135;120;169;Hongliuyuan;x;
9484;177;123;42;Xihu;x;
9485;9;126;170;Changma;x;
9486;51;129;43;Hedong;x;
9487;93;132;171;Yumen;x;
9488;135;135;44;Qidun;x;
9489;177;138;172;Mazongshan;x;
9490;9;141;45;Yalong;x;
9491;51;144;173;Chijin;x;
9492;93;147;46;Huahai;x;
9493;135;150;174;Jiayuguan;x;
9494;177;153;47;Suzhou;x;
9495;9;156;175;Xiba;x;
9496;51;159;48;Jinta;x;
9497;93;162;176;Yeniugou;x;
9498;135;165;49;Qingshui;x;
9499;177;168;177;Sunan;x;
9500;9;171;50;Ganjun;x;
9501;51;174;178;Linze;x;
9502;93;177;51;Gaotai;x;
9503;135;180;179;Pingchuan;x;
9504;177;183;52;Heihe;x;
9505;9;186;180;Hangtian;x;
9506;51;189;53;Yijinai;x;
9507;93;192;181;Juyan;x;
9508;135;195;54;Saihantaolai;x;
9509;177;198;182;Alxa;x;
9510;9;201;55;Wentugaole;x;
9511;51;204;183;Babao;x;
9512;93;207;56;Semnyi;x;
9513;135;210;184;Ganzhou;x;
9514;177;0;57;Shandan;x;
9515;9;3;185;Minle;x;
9516;51;6;58;Fanhe;x;
9517;93;9;186;Jinchang;x;
9518;135;12;59;Zhenfan;x;
9519;177;15;187;Jiahe;x;
9520;9;18;60;Yabulai;x;
9521;51;21;188;Liangzhou;x;
9522;93;24;61;Huangcheng;x;
9523;135;27;189;Gulang;x;
9524;177;30;62;Tianzhu;x;
9525;9;33;190;Dajing;x;
9526;51;36;63;Wushengyi;x;
9527;93;39;191;Anning;x;
9528;135;42;64;Yongdeng;x;
9529;177;45;192;Jingtai;x;
9530;9;48;65;Gaolan;x;
9531;51;51;193;Baiyin;x;
9532;93;54;66;;x;
9533;135;57;194;Chaganbulage;x;
9534;177;60;67;Shapotou;x;
9535;9;63;195;Chaogetuhure;x;
9536;143;92;145;b_jizhou_luling;x;
9537;93;69;196;Wuluhai;x;
9538;135;72;69;Wuyuan;x;
9539;177;75;197;Dengkou;x;
9540;9;78;70;Zhongcun;x;
9541;51;81;198;Wuliji;x;
9542;93;84;71;;x;
9543;77;37;184;b_qianzhou_yudu;x;
9544;158;186;105;b_qianzhou_anyuan;x;
9545;47;249;49;b_qianzhou_dayu;x;
9546;75;152;246;b_qianzhou_gan;x;
9547;192;135;252;b_qianzhou_xinfeng;x;
9548;135;102;74;Gurinai;x;
9549;177;105;202;Tamusubulage;x;
9550;9;108;75;Pagan;x;
9551;51;111;203;Popa;x;
9552;93;114;76;Nyaung_U;x;
9553;135;117;204;Tantkyitaung;x;
9554;177;120;77;Myitche;x;
9555;9;123;205;Powundaung;x;
9556;51;126;78;Ava;x;
9557;93;129;206;Pinya;x;
9558;135;132;79;Taungbyon;x;
9559;177;135;207;Kyaukse;x;
9560;9;138;80;Maingmaw;x;
9561;51;141;208;Mekkhaya;x;
9562;93;144;81;Minbu;x;
9563;135;147;209;Salin;x;
9564;177;150;82;Ngape;x;
9565;9;153;210;Shwesettaw;x;
9566;51;156;83;Arakan Mountains;x;
9567;93;159;211;Naga Hills;x;
9568;135;162;84;Sagaing;x;
9569;177;165;212;Halin;x;
9570;9;168;85;Yawnghwe;x;
9571;51;171;213;Yamethin;x;
9572;93;174;86;Shwemyo;x;
9573;135;177;214;Binnaka;x;
9574;177;180;87;Peikthanomyo;x;
9575;9;183;215;Magwe;x;
9576;51;186;88;Vaisali;x;
9577;93;189;216;Launggyet;x;
9578;135;192;89;Mrauk_U;x;
9579;177;195;217;Mahamuni;x;
9580;9;198;90;Akyab;x;
9581;51;201;218;Ramu;x;
9582;93;204;91;Dianga;x;
9583;135;207;219;Thabeik_Taung;x;
9584;177;210;92;Matamuhuri;x;
9585;9;0;220;Sandoway;x;
9586;51;3;93;Ramree;x;
9587;93;6;221;An;x;
9588;135;9;94;Sriksetra;x;
9589;177;12;222;Myede;x;
9590;9;15;95;Thayetmyo;x;
9591;51;18;223;Hinthada;x;
9592;93;21;96;Myanaung;x;
9593;135;24;224;Toungoo;x;
9594;177;27;97;Mong_Pai;x;
9595;9;30;225;Swa;x;
9596;51;33;98;Pegu;x;
9597;93;36;226;Syriam;x;
9598;135;39;99;Dagon;x;
9599;177;42;227;Krapan;x;
9600;9;45;0;Bashkoyumal;x;
9601;51;48;128;Waxxari;x;
9602;93;51;1;Saca;x;
9603;135;54;129;Endere;x;
9604;177;57;2;Andir;x;
9605;9;60;130;Niya;x;
9606;51;63;3;Keriya;x;
9607;93;66;131;Lafak;x;
9608;135;69;4;Dondan_Oilik;x;
9609;177;72;132;Bugaiwilik;x;
9610;9;75;5;Laodamogou;x;
9611;51;78;133;Mahas;x;
9612;93;81;6;Domoko;x;
9613;135;84;134;Yuetgan;x;
9614;177;87;7;Guma;x;
9615;9;90;135;Kehan;x;
9616;51;93;8;Karghalik;x;
9617;93;96;136;Minggam;x;
9618;135;99;9;Chalamtum;x;
9619;177;102;137;Urtu Bulak;x;
9620;9;105;10;Burgasutai;x;
9621;51;108;138;Western Gobi;x;	#IMPASSABLE
9622;93;111;11;Maukkadaw;x;
9623;135;114;139;Mingiu;x;
9624;177;117;12;Kale;x;
9625;9;120;140;Chin;x;
9626;51;123;13;Bogale;x;
9627;93;126;141;Thaton;x;
9628;135;129;14;Muttina;x;
9629;177;132;142;Mawlamyine;x;
9630;9;135;15;Taikkala;x;
9631;51;138;143;Negrais;x;
9632;93;141;16;Kusumi;x;
9633;135;144;144;Myaungmya;x;
9634;177;147;17;Taungdwingyi;x;
9635;9;150;145;Tharrawaddy;x;
9636;51;153;18;Phyu;x;
9637;93;156;146;Sittaung;x;
9638;135;159;19;Shwegyin;x;
9639;177;162;147;Myinmu;x;
9640;9;165;20;Madaya;x;
9641;51;168;148;Singu;x;
9642;93;171;21;Momeik;x;
9643;135;174;149;Takon;x;
9644;177;177;22;Katha;x;
9645;9;180;150;Htigyaing;x;
9646;51;183;23;Myedu;x;
9647;93;186;151;Hanlan;x;
9648;135;189;24;Kalinganagara;x;
9649;177;192;152;Srikakulam;x;
9650;9;195;25;Ganjam;x;
9651;51;198;153;Gopalpur;x;
9652;93;201;26;Rayagada;x;
9653;135;204;154;Asurgarh;x;
9654;177;207;27;Bangaon;x;
9655;9;210;155;Jalalghar;x;
9656;51;0;28;Burhi_Gandak;x;
9657;93;3;156;Udaipur;x;
9658;135;6;29;Thaungdut;x;
9659;177;9;157;Kanker;x;
9660;9;12;30;TIANSHAN;x;
9661;51;15;158;Northern Mountains of Antioch;x;
9662;93;18;31;west_hokkaido_mountains;x;
9663;135;21;159;river_don;x;
9664;177;24;32;PLACEHOLDER_REGION_KOREA;x;
9665;9;27;160;IMPASSABLE CENTRAL GOBI 1;x;
9666;51;30;33;;x;
9667;93;33;161;IMPASSABLE CENTRAL GOBI 2;x;
9668;135;36;34;IMPASSABLE CENTRAL GOBI 3;x;
9669;57;119;44;b_fuzhou_linchuan;x;
9670;9;42;35;IMPASSABLE EASTERN GOBI 1;x;
9671;51;45;163;;x;
9672;93;48;36;PLACEHOLDER_REGION_SOUTHEAST_COAST;x;
9673;216;152;3;b_fuzhou_chongren;x;
9674;162;179;245;b_fuzhou_nancheng;x;
9675;187;93;211;b_fuzhou_nanfeng;x;
9676;51;60;38;Marakele;x;
9677;93;63;166;;x;
9678;135;66;39;;x;
9679;241;113;46;b_xinzhou_shangrao;x;
9680;9;72;40;IMPASSABLE Borneo deep jungle;x;
9681;51;75;168;Siantan Island;x;
9682;171;155;197;b_xinzhou_yiyang;x;
9683;100;216;6;b_xinzhou_guixi;x;
9684;196;187;19;b_raozhou_huangshan;x;
9685;54;105;188;b_raozhou_pengze;x;
9686;223;251;73;b_xuzhou_teng;x;
9687;51;82;123;b_xuzhou_xiapi;x;
9688;211;135;40;b_xuzhou_pengcheng;x;
9689;18;163;249;b_sizhou_linhuai;x;
9690;146;230;241;b_haozhou_zhongli;x;
9691;247;39;7;b_suzhou_fuli;x;
9692;2;92;134;b_suzhou_qi;x;
9693;245;198;54;b_suzhou_hong;x;
9694;88;207;29;b_pingzhou_lulong;x;
9695;137;107;148;b_pingzhou_shicheng;x;
9696;211;124;73;b_pingzhou_macheng;x;
9697;209;209;111;b_jizhou_yutian;x;
9698;167;145;65;b_jizhou_sanhe;x;
9699;95;145;12;b_guishunzhou_huairou;x;
9700;244;61;246;b_youzhou_lu;x;
9701;99;169;209;b_youzhou_wuqing;x;
9702;200;172;148;b_youzhou_ji;x;
9703;222;161;246;b_zhuozhou_fanyang;x;
9704;81;141;138;b_zhuozhou_xincheng;x;
9705;117;249;245;b_zhuozhou_guiyi;x;
9706;181;210;146;b_mozhou_mo;x;
9707;146;162;169;Chuzhou2_Chuzhou;x;
9708;244;32;32;b_mozhou_qingyuan;x;
9709;179;154;16;b_mozhou_wen_an;x;
9710;177;137;150;b_yingzhou_hejian;x;
9711;16;28;177;b_yingzhou_leshou;x;
9712;81;235;61;b_yingzhou_boye;x;
9713;224;35;109;b_maozhou_wenshan;x;
9714;199;192;177;b_hanzhou_mianzhu;x;
9715;102;36;84;b_hanzhou_luo;x;
9716;241;145;119;b_hanzhou_shifang;x;
9717;25;116;147;b_mianzhou_weicheng;x;
9718;128;173;250;b_zizhou_qi;x;
9719;164;224;131;b_zizhou_yongtai;x;
9720;130;146;6;b_zizhou_feiniao;x;
9721;140;213;18;b_jianzhou_jinshui;x;
9722;140;35;104;b_puzhou_anyue;x;
9723;120;242;143;;x;
9724;76;112;194;b_zizhou_panshi;x;
9725;18;223;210;b_zizhou_neijiang;x;
9726;54;245;136;b_lingzhou_renshou;x;
9727;148;73;204;b_lingzhou_jingyan;x;
9728;218;127;4;b_rongzhou_xuchuan;x;
9729;246;125;189;b_rongzhou_gongjing;x;
9730;118;66;245;b_luzhou_luchuan;x;
9731;242;170;32;b_luzhou_jiang_an;x;
9732;246;73;49;b_changzhou_jingnan;x;
9733;165;219;49;b_changzhou_yongchuan;x;
9734;64;146;41;b_suizhou_fangyi;x;
9735;146;82;97;b_suizhou_pukang;x;
9736;50;6;170;b_hezhou_shijing;x;
9737;216;245;216;b_hezhou_hanchu;x;
9738;125;183;177;b_guozhou_yuechi;x;
9739;25;45;111;b_guozhou_nanchong;x;
9740;204;155;60;b_langzhou_langzhong;x;
9741;122;31;181;b_langzhou_fangguo;x;
9742;3;217;148;b_pengzhou_pengchi;x;
9743;153;42;42;b_pengzhou_dazhu;x;
9744;106;245;59;b_quzhou_linshan;x;
9745;209;38;98;b_quzhou_linshui;x;
9746;143;116;76;b_quzhou_liujiang;x;
9747;189;25;162;b_tongzhou_tongchuan;x;
9748;148;44;150;b_tongzhou_baqu;x;
9749;182;20;248;b_kaizhou_wansui;x;
9750;23;67;155;b_kaizhou_kaijiang;x;
9751;79;212;36;b_bizhou_baishi;x;
9752;218;118;211;b_bizhou_dongba;x;
9753;72;186;173;b_bizhou_tongjiang;x;
9754;211;110;131;b_wanzhou_wuning;x;
9755;53;122;134;b_wanzhou_nanpu;x;
9756;171;152;104;b_wanzhou_liangshan;x;
9757;93;183;186;Lingnan_Lianzhou_Hepu;x; # Lianzhou, present-day Beihai (?)
9758;156;127;15;b_zhongzhou_nanbin;x;
9759;43;227;54;b_zhongzhou_linjiang;x;
9760;30;159;88;b_zhongzhou_guixi;x;
9761;85;28;40;b_kuizhou_wushan;x;
9762;93;60;201;Lingnan_Xunzhou_Guigang;x; # Xunzhou
9763;155;196;212;b_kuizhou_fengjie;x;
9764;99;163;104;b_kuizhou_yun_an;x;
9765;136;130;241;b_yangzhou_xixiang;x;
9766;165;189;29;b_yangzhou_xingdao;x;
9767;81;154;0;b_xingyuan_nanzheng;x;
9768;92;178;69;b_xingyuan_xi;x;
9769;153;241;8;b_xingyuan_sanquan;x;
9770;140;224;74;b_bazhou_huacheng;x;
9771;166;96;178;b_jizhou_nanjiang;x;
9772;31;178;16;b_jizhou_jiachuan;x;
9773;86;234;193;b_lizhou_yingshan;x;
9774;88;181;247;b_lizhou_jinggu;x;
9775;210;4;227;b_wenzhou_qushui;x;
9776;146;91;241;b_longzhou_qingchuan;x;
9777;26;230;100;b_jianzhou_jianmen;x;
9778;234;206;137;b_jianzhou_yinping;x;
9779;117;103;194;b_jianzhou_linjin;x;
9780;89;27;72;b_luoyang;x;
9781;93;105;81;Lingnan_Nanning_Fu_Nanning;x; # Nanning Fu (capital barony)
9782;32;1;156;b_he_nan_goushi;x;
9783;9;111;145;Lingnan_Nanning_Fu_Shangsi;x; # Nanning Fu
9784;51;114;18;Lingnan_Nanning_Fu_Wuxuzhen;x; # Nanning Fu
9785;51;57;73;Lingnan_Nanning_Fu_Yongchun;x; # Nanning Fu
9786;248;72;199;b_he_nan_gaocheng;x;
9787;237;112;249;b_he_nan_yiyang;x;
9788;75;233;218;b_he_nan_yongning;x;
9789;91;161;251;b_he_nan_mianchi;x;
9790;34;46;158;b_ruzhou_liang;x;
9791;85;29;167;b_ruzhou_jiacheng;x;
9792;137;100;66;b_ruzhou_xiangcheng;x;
9793;172;64;63;b_xuzhou_changshe;x;
9794;37;227;199;b_xuzhou_yangzhai;x;
9795;189;148;154;b_xuzhou_fugou;x;
9796;88;191;125;b_xuzhou_wuyang;x;
9797;56;21;123;b_caizhou_ruyang;x;
9798;201;188;86;b_yingzhou_ruyin;x;
9799;2;101;30;;x;
9800;236;80;175;b_yingzhou_shenqiu;x;
9801;153;134;27;b_bozhou_qiao;x;
9802;9;102;45;Lingnan_Leizhou_Guantou;x; # Leizhou (capital barony)
9803;51;135;178;Lingnan_Leizhou_Zhanjiang;x; # Leizhou
9804;124;133;210;b_bozhou_chengfu;x;
9805;185;172;133;b_bozhou_mengcheng;x;
9806;127;215;84;b_bozhou_zhenyuan;x;
9807;19;211;146;b_bozhou_luyi;x;
9808;110;114;67;b_bozhou_yongcheng;x;
9809;2;251;149;b_songzhou_chuqiu;x;
9810;150;23;23;b_songzhou_yucheng;x;
9811;205;99;141;b_songzhou_songcheng;x;
9812;230;73;106;b_singzhou_xiangyi;x;
9813;98;28;120;b_chenzhou_taikang;x;
9814;157;69;121;b_chenzhou_wanqiu;x;
9815;135;186;59;Lingnan_Qinzhou_Lingshan;x; # Qinzhou
9816;135;201;189;Lingnan_Qinzhou_Gusendong;x; # Qinzhou
9817;177;204;62;Lingnan_Qinzhou_Anyuan;x; # Qinzhou
9818;164;8;103;b_chenzhou_xiangcheng;x;
9819;207;197;3;b_huazhou_baima;x;
9820;33;105;200;b_zhengzhou_yangwu;x;
9821;67;152;64;b_zhengzhou_guancheng;x;
9822;197;30;1;b_kaifeng_kaifeng;x;
9823;120;47;0;b_kaifeng_fengqiu;x;
9824;73;166;225;b_kaifeng_yongqiu;x;
9825;222;157;199;b_kaifeng_chenliu;x;
9826;122;153;14;b_shizhou_qingjiang;x;
9827;241;198;228;b_qianzhou_qianjiang;x;
9828;73;213;124;b_qianzhou_pengshui;x;
9829;85;194;23;;x;
9830;3;210;248;b_sizhou_wuchuan;x;
9831;35;63;207;b_sizhou_siqiong;x;
9832;91;26;255;b_sizhou_ningyi;x;
9833;183;144;214;b_jinzhou_luyang;x;
9834;134;17;229;b_jinzhou_weiyang;x;
9835;209;219;168;b_jinzhou_changfeng;x;
9836;218;174;157;b_xizhou_daxiang;x;
9837;51;54;8;Lingnan_Guishunzhou_Jingxi;x; # Guishunzhou
9838;93;57;136;Lingnan_Guishunzhou_Napo;x; # Guishunzhou
9839;135;60;9;Lingnan_Taiping_Taiping;x; # Taiping (capital barony)
9840;12;40;240;Lingnan_Taiping_Chongzuo;x; # Taiping
9841;101;52;123;b_xizhou_santing;x;
9842;247;168;190;Lingnan_Taiping_Xialeizhen;x; # Taiping
9843;51;69;138;Lingnan_Siming_Siming;x; # Simingzhou (present day Ningming County)
9844;93;72;11;Lingnan_Siming_Longzhou;x; # Simingzhou
9845;135;75;139;Lingnan_Siming_Silingzhou;x; # Simingzhou
9846;9;9;65;Taiwan_Chiayi;x; # Taiwan
9847;51;12;193;Taiwan_Changhua;x; # Taiwan
9848;93;15;66;Taiwan_Kaohsiung;x; # Taiwan
9849;135;18;194;Taiwan_Pingtung;x; # Taiwan
9850;177;21;67;Taiwan_Miaoli;x; # Taiwan
9851;9;24;195;Taiwan_Taipei;x; # Taiwan
9852;175;13;74;b_chenzhou_yuanling;x;
9853;234;86;121;;x;
9854;177;168;27;;x;
9855;9;171;155;;x;
9856;51;174;28;Goryeo_Tamna_Tamna;x; # East Tamna
9857;160;252;63;b_chenzhou_luxi;x;
9858;135;180;29;Goryeo_Donggye_Myeongju;x; # Myeongju
9859;177;198;32;Goryeo_Donggye_Samcheok;x; # Myeongju
9860;177;183;157;Goryeo_Donggye_Ingnyeong;x; # Myeongju
9861;9;186;30;Goryeo_Donggye_Ganseong;x; # Goseong
9862;51;189;158;Goryeo_Donggye_Goseong;x; # Goseong
9863;93;192;31;Goryeo_Donggye_Tongcheon;x; # Goseong
9864;135;195;159;Goryeo_Donggye_Heupgok;x; # Goseong
9865;9;201;160;Goryeo_Donggye_Deungju;x; # Yeju
9866;51;204;33;Goryeo_Donggye_Uiju;x; # Yeju
9867;93;207;161;Goryeo_Donggye_Hwaju;x; # Yeju
9868;94;108;151;Goryeo_Donggye_Yeju;x; # Yeju
9869;52;105;23;Goryeo_Donggye_Ulleung;x; # Ulleong
9870;135;210;34;Goryeo_Gyoju_Inje;x; # Inje
9871;177;30;167;Goryeo_Gyoju_Girin;x; # Inje
9872;177;0;162;Goryeo_Gyoju_Yanggu;x; # Inje
9873;9;3;35;Goryeo_Gyoju_Gyoju;x; # Gyoju
9874;51;6;163;Goryeo_Gyoju_Geumseong;x; # Gyoju
9875;93;9;36;Goryeo_Gyoju_Nangcheon;x; # Gyoju
9876;51;21;38;Goryeo_Gyoju_Pyeonggang;x; # Pyeonggang
9877;93;24;166;Goryeo_Gyoju_Icheon;x; # Pyeonggang
9878;93;39;41;Goryeo_Gyoju_Anhyeop;x; # Pyeonggang
9879;9;33;40;Goryeo_Gyoju_Dongju;x; # Pyeonggang
9880;135;12;164;Goryeo_Gyoju_Chunju;x; # Hoengcheon
9881;135;27;39;Goryeo_Gyoju_Hoengcheon;x; # Hoengcheon
9882;177;15;37;Goryeo_Gyoju_Hongcheon;x; # Hoengcheon
9883;135;42;169;Goryeo_Bukgye_Yeongwon;x; # Yeongwon
9884;177;45;42;Goryeo_Bukgye_Muju;x; # Yeongwon
9885;9;48;170;Goryeo_Bukgye_Deokju;x; # Yeongwon
9886;51;51;43;Goryeo_Bukgye_Maengju;x; # Yeongwon
9887;9;63;45;Goryeo_Bukgye_Jangjeong;x; # Jangjeong
9888;51;66;173;Goryeo_Bukgye_Sakju;x; # Jangjeong
9889;93;69;46;Goryeo_Bukgye_Uiju;x; # Uiju
9890;177;75;47;Goryeo_Bukgye_Cheolju;x; # Uiju
9891;9;78;175;Goryeo_Bukgye_Gwiju;x; # Gwiju
9892;51;81;48;Goryeo_Bukgye_Seonju;x; # Gwiju
9893;93;84;176;Goryeo_Bukgye_Gaju;x; # Gwiju
9894;135;87;49;Goryeo_Bukgye_Taeju;x; # Taeju
9895;177;90;177;Goryeo_Bukgye_Sukju;x; # Taeju
9896;135;57;44;Goryeo_Bukgye_Wiju;x; # Taeju
9897;93;99;51;Goryeo_Bukgye_Samhwa;x; # Samhwa
9898;135;102;179;Goryeo_Bukgye_Yonggang;x; # Samhwa
9899;9;108;180;Goryeo_Bukgye_Seogyeong;x; # Seogyeong
9900;51;96;178;Goryeo_Bukgye_Tonghae;x; # Seogyeong
9901;51;111;53;Goryeo_Bukgye_Jaju;x; # Seongju
9902;93;114;181;Goryeo_Bukgye_Seongju;x; # Seongju
9903;135;117;54;Goryeo_Bukgye_Yangam;x; # Seongju
9904;9;93;50;Goryeo_Bukgye_Isan;x; # Seongju
9905;177;120;182;Goryeo_Gaeseong_Tosan;x; # Gaeseong
9906;51;126;183;Goryeo_Gaeseong_Jeongju;x; # Gaeseong
9907;93;129;56;Goryeo_Gaeseong_Chuiljeon;x; # Gaeseong
9908;177;135;57;Goryeo_Seohae_Tosan;x; # Suan
9909;9;138;185;Goryeo_Seohae_Suan;x; # Suan
9910;51;156;188;Goryeo_Seohae_Sineun;x; # Suan
9911;51;141;58;Goryeo_Seohae_Gokju;x; # Suan
9912;93;144;186;Goryeo_Seohae_Hwangju;x; # Hwangju
9913;135;147;59;Goryeo_Seohae_Anak;x; # Hwangju
9914;177;150;187;Goryeo_Seohae_Bongju;x; # Hwangju
9915;9;153;60;Goryeo_Seohae_Dongju;x; # Hwangju
9916;135;162;189;Goryeo_Seohae_Pungju;x; # Jangyeon
9917;177;165;62;Goryeo_Seohae_Jangyeon;x; # Jangyeon
9918;9;168;190;Goryeo_Seohae_Cheongsong;x; # Jangyeon
9919;51;171;63;Goryeo_Seohae_Haeju;x; # Haeju
9920;177;180;192;Goryeo_Seohae_Ongjin;x; # Haeju
9921;51;186;193;Goryeo_Seohae_Ubong;x; # Pyeongju
9922;93;189;66;Goryeo_Seohae_Pyeongju;x; # Pyeongju
9923;135;192;194;Goryeo_Yanggwan_Bukju;x; # Namyeong
9924;177;195;67;Goryeo_Yanggwan_Namyeong;x; # Namyeong
9925;51;201;68;Goryeo_Yanggwan_Haengju;x; # Namyeong
9926;135;207;69;Goryeo_Yanggwan_Wonju;x; # Wonju
9927;177;12;72;Goryeo_Yanggwan_Cheonan;x; # Buseong
9928;9;15;200;Goryeo_Yanggwan_Yanggeun;x; # Wonju
9929;51;18;73;Goryeo_Yanggwan_Cheonyeong;x; # Wonju
9930;177;210;197;Goryeo_Yanggwan_Pyeongchang;x; # Yeongwol
9931;9;0;70;Goryeo_Yanggwan_Yeongwol;x; # Yeongwol
9932;135;9;199;Goryeo_Yanggwan_Jecheon;x; # Yeongwol
9933;93;21;201;Goryeo_Yanggwan_Chungju;x; # Chungju
9934;135;24;74;Goryeo_Yanggwan_Goeju;x; # Chungju
9935;177;27;202;Goryeo_Yanggwan_Jangyeon;x; # Chungju
9936;9;30;75;Goryeo_Yanggwan_Cheongju;x; # Cheongju
9937;93;36;76;Goryeo_Yanggwan_Gongju;x; # Cheongju
9938;135;39;204;Goryeo_Yanggwan_Yeonsan;x; # Cheongju
9939;177;42;77;Goryeo_Yanggwan_Gwangju;x; # Gwangju
9940;51;48;78;Goryeo_Yanggwan_Seorim;x; # Buseong
9941;93;51;206;Goryeo_Yanggwan_Nampo;x; # Buseong
9942;9;60;80;Goryeo_Yanggwan_Buseong;x; # Buseong
9943;51;63;208;Goryeo_Yanggwan_Guseong;x; # Buseong
9944;93;66;81;Goryeo_Yanggwan_Yesan;x; # Buseong
9945;93;204;196;Goryeo_Yanggwan_Ganghwa;x; # Ganghwa
9946;51;78;83;Goryeo_Yanggwan_Dangseong;x; # Dangseong
9947;93;81;211;Goryeo_Yanggwan_Anseong;x; # Dangseong
9948;135;84;84;Goryeo_Yanggwan_Jukju;x; # Dangseong
9949;9;105;215;Goryeo_Jeolla_Hampyeong;x; # Hampyeong
9950;177;102;87;Goryeo_Jeolla_Mokpo;x; # Hampyeong
9951;51;108;88;Goryeo_Jeolla_Yeonggwang;x; # Buan
9952;93;111;216;Goryeo_Jeolla_Gangseong;x; # Buan
9953;135;114;89;Goryeo_Jeolla_Jeonju;x; # Buan
9954;51;123;218;Goryeo_Jeolla_Jangheung;x; # Donggang
9955;93;126;91;Goryeo_Jeolla_Donggang;x; # Donggang
9956;93;96;86;Goryeo_Jeolla_Jindo;x; # Donggang
9957;177;132;92;Goryeo_Jeolla_Jindong;x; # Jillye
9958;9;135;220;Goryeo_Jeolla_Jillye;x; # Jillye
9959;51;138;93;Goryeo_Jeolla_Mupung;x; # Jillye
9960;9;150;95;Goryeo_Jeolla_Jinan;x; # Imsil
9961;93;156;96;Goryeo_Jeolla_Namwon;x; # Imsil
9962;135;159;224;Goryeo_Jeolla_Imsil;x; # Imsil
9963;9;165;225;Goryeo_Jeolla_Seungpyeong;x; # Boseong
9964;93;171;226;Goryeo_Jeolla_Boseong;x; # Boseongng
9965;135;174;99;Goryeo_Jeolla_Heungyang;x; # Boseong
9966;177;177;227;Goryeo_Jeolla_Neungseong;x; # Neungseong
9967;136;189;129;Goryeo_Jeolla_Haeyang;x; # Neungseong
9968;178;192;2;GORYEO_TAEBAEK_MOUNTAINS;x;
9969;10;195;130;Goryeo_Tamna_WestTamna;x; # West Tamna
9970;52;198;3;Goryeo_Gyeongsang_Janggi;x; # Janggi
9971;94;201;131;Goryeo_Gyeongsang_Pyeonghae;x; # Janggi
9972;136;204;4;Goryeo_Gyeongsang_Yeju;x; # Janggi
9973;178;207;132;Goryeo_Gyeongsang_Gyeongju;x; # Janggi
9974;10;210;5;Goryeo_Gyeongsang_Ulju;x; # Ulju
9975;52;0;133;Goryeo_Gyeongsang_Gijang;x; # Ulju
9976;136;6;134;Goryeo_Gyeongsang_Cheongdo;x; # Ulju
9977;52;15;8;Goryeo_Gyeongsang_Jaesan;x; # Sunan
9978;178;24;137;Goryeo_Gyeongsang_Sunan;x; # Sunan
9979;10;27;10;Goryeo_Gyeongsang_Andong;x; # Sunan
9980;52;30;138;Goryeo_Gyeongsang_Hadong;x; # Goseong
9981;136;36;139;Goryeo_Gyeongsang_Jinju;x; # Goseong
9982;178;39;12;Goryeo_Gyeongsang_Geoje;x; # Goseong
9983;52;45;13;Goryeo_Gyeongsang_Boryeong;x; # Boryeong
9984;10;57;15;Goryeo_Gyeongsang_Sangju;x; # Sangju
9985;94;63;16;Goryeo_Gyeongsang_Dian;x; # Sangju
9986;136;66;144;Goryeo_Gyeongsang_Giju;x; # Sangju
9987;178;69;17;Goryeo_Gyeongsang_Hamyang;x; # Hamyang
9988;10;72;145;Goryeo_Gyeongsang_Geochang;x; # Hamyang
9989;52;75;18;Goryeo_Gyeongsang_Gyeongsanbu;x; # Hamyang
9990;94;78;146;Goryeo_Gyeongsang_Hapcheon;x; # Hamyang
9991;136;81;19;Goryeo_Gyeongsang_Ilseon;x; # Ilseon
9992;178;84;147;Goryeo_Gyeongsang_Gaeryeong;x; # Ilseon
9993;52;90;148;Goryeo_Gyeongsang_Yeongju;x; # Ilseon
9994;136;96;149;Goryeo_Gyeongsang_Yeongsan;x; # Yeongsan
9995;178;99;22;Goryeo_Gyeongsang_Chirwon;x; # Yeongsan
9996;206;245;79;b_chenzhou_chenxi;x;
9997;80;127;205;b_xuzhou_longbiao;x;
9998;153;101;239;b_xuzhou_langxi;x;
9999;66;70;182;b_xuzhou_tanyang;x;
10000;150;87;36;b_jiangzhou_eshan;x;
10001;226;199;18;b_jiangzhou_zijiang;x;
10002;152;150;239;b_feihou_chengle;x;
10003;138;217;93;b_yizhou_suiyang;x;
10004;219;215;77;b_yizhou_yangchuan;x;
10005;1;209;167;b_yizhou_yiquan;x;
10006;254;66;214;b_fuzhou_fuling;x;
10007;202;20;17;b_fuzhou_wulong;x;
10008;43;138;232;b_fuzhou_lewen;x;
10009;214;152;106;b_qinzhou_ligao;x;
10010;147;174;54;b_qinzhou_rongyi;x;
10011;128;153;91;b_qinzhou_yelang;x;
10012;109;13;33;b_bozhou_zunyi;x;
10013;147;71;217;b_bozhou_daishui;x;
10014;11;3;135;b_guizhou_badong;x;
10015;247;52;6;b_guizhou_zigui;x;
10016;122;106;163;b_fangzhou_yiqing;x;
10017;95;100;6;b_fangzhou_fangling;x;
10018;147;131;133;b_fangzhou_zhushan;x;
10019;68;235;86;b_xiazhou_yuanan;x;
10020;75;151;57;b_xiazhou_yiling;x;
10021;71;97;174;b_xiazhou_yidu;x;
10022;9;145;90;b_jianglingfu_shishou;x;
10023;251;139;93;b_jianglingfu_dangyang;x;
10024;63;12;109;b_jianglingfu_gong_an;x;
10025;152;94;173;b_lizhou_cili;x;
10026;168;250;159;;x;
10027;28;164;171;b_lizhou_liyang;x;
10028;13;12;175;b_langzhou_wuling;x;
10029;220;195;219;b_fuzhou_jianli;x;
10030;240;53;43;b_fuzhou_mianyang;x;
10031;51;111;87;b_fuzhou_jinling;x;
10032;115;154;128;b_yingzhou_changshou;x;
10033;156;22;158;b_yingzhou_fushui;x;
10034;195;248;119;b_suizhou_sui;x;
10035;224;14;240;b_suizhou_tangcheng;x;
10036;49;185;154;b_suizhou_zaoyang;x;
10037;220;253;5;b_tangzhou_biyang;x;
10038;172;224;46;b_tangzhou_fangcheng;x;
10039;141;67;3;b_tangzhou_biyang;x;
10040;53;139;126;b_dengzhou_rang;x;
10041;224;210;34;b_dengzhou_nanyang;x;
10042;14;182;45;b_dengzhou_jutang;x;
10043;26;185;118;b_xiangzhou_xiangyang;x;
10044;101;27;233;b_xiangzhou_lexiang;x;
10045;239;121;2;b_xiangzhou_gucheng;x;
10046;185;132;113;b_junzhou_wudang;x;
10047;76;152;162;b_junzhou_xunxiang;x;
10048;93;167;235;b_junzhou_fengli;x;
10049;192;104;252;b_jinzhou_pingli;x;
10050;207;54;26;b_jinzhou_shiquan;x;
10051;253;41;211;b_something_shangluo;x;
10052;158;115;52;b_something_something;x;
10053;34;182;91;b_something_qianyuan;x;
10054;233;233;186;b_something_shangjin;x;
10055;119;234;75;b_guizhou_quanyi;x;
10056;90;136;19;b_guizhou_muhua;x;
10057;255;18;14;b_guizhou_yongfu;x;
10058;218;37;226;b_guizhou_xiuren;x;
10059;103;125;49;b_yunzhou_yunzhong;x;
10060;14;27;11;;x;
10061;158;241;41;b_yunzhou_something;x;
10062;30;243;199;b_yunzhou_xingtang;x;
10063;53;149;240;b_yuzhou_lingqiu;x;
10064;148;197;209;b_shuozhou_mayi;x;
10065;104;70;215;b_shuozhou_shanyang;x;
10066;59;66;252;b_lanzhou_hehe;x;
10067;206;181;145;b_lanzhou_jingle;x;
10068;227;87;72;b_lanzhou_yifang;x;
10069;123;204;158;b_shizhou_lishi;x;
10070;16;44;116;b_shizhou_fangshan;x;
10071;39;230;145;b_shizhou_linquan;x;
10072;56;251;181;b_shizhou_dinghu;x;
10073;172;75;89;b_taiyuanfu_taiyuan;x;
10074;137;75;30;b_taiyuanfu_qingyuan;x;
10075;145;114;58;b_taiyuanfu_leping;x;
10076;155;34;3;b_taiyuanfu_yu;x;
10077;97;195;220;b_taiyuanfu_yangqu;x;
10078;124;219;47;b_daizhou_fanchou;x;
10079;62;89;4;b_daizhou_yanmen;x;
10080;213;192;61;b_xinzhou_xiurong;x;
10081;58;13;80;b_daizhou_tanglin;x;
10082;8;64;129;b_yizhou_yi;x;
10083;221;36;163;b_yizhou_mancheng;x;
10084;165;87;191;b_dingzhou_wangdu;x;
10085;25;135;21;b_dingzhou_anxi;x;
10086;0;206;127;b_zhenzhou_zhending;x;
10087;49;236;128;b_zhaozhou_yuanshi;x;
10088;77;187;158;b_lingzhou_huile;x;
10089;244;155;100;b_lingzhou_dingyuan;x;
10090;105;143;20;b_lingzhou_lingwu;x;
10091;234;86;74;b_weizhou_mingsha;x;
10092;84;227;12;b_yanzhou_baichi;x;
10093;74;137;248;b_yanzhou_wuyuan;x;
10094;32;109;5;b_weizhou_wenchi;x;
10095;184;180;47;b_xiongzhou_changhua;x;
10096;152;195;76;b_youzhou_yanen;x;
10097;183;106;251;b_youzhou_huaide;x;
10098;124;243;147;b_youzhou_guiren;x;
10099;249;68;156;b_xiazhou_shuofan;x;
10100;129;241;24;b_xiazhou_dejing;x;
10101;252;166;142;b_xiazhou_ningshuo;x;
10102;28;74;146;b_linzhou_xintai;x;
10103;150;24;138;b_linzhou_yincheng;x;
10104;180;38;184;b_yinzhou_kaiguang;x;
10105;107;151;183;b_yinzhou_zhenxiang;x;
10106;118;226;236;b_yinzhou_rulin;x;
10107;66;99;104;b_suizhou_longquan;x;
10108;201;72;235;b_shengzhou_hebin;x;
10109;211;101;173;b_shengzhou_yulin;x;
10110;212;155;254;b_fengzhou_something;x;
10111;2;94;65;b_xiaoguan_xiaoguan;x;
10112;159;97;17;b_xiaoguan_huaide;x;
10113;14;207;49;b_yuanzhou_pinggao;x;
10114;96;152;182;b_yuanzhou_pingliang;x;
10115;41;198;140;b_yuanzhou_baiquan;x;
10116;3;74;246;b_huanzhou_fangqu;x;
10117;64;137;58;b_huanzhou_huai_an;x;
10118;130;63;117;b_huanzhou_luoyuan;x;
10119;53;220;91;b_qingzhou_an_hua;x;
10120;167;202;206;b_qingzhou_tongchuan;x;
10121;186;72;83;b_tongzhou_huachi;x;
10122;22;6;132;b_something_ding_an;x;
10123;218;219;60;b_something_pengyuan;x;
10124;181;113;71;b_binzhou_xinping;x;
10125;98;203;24;b_binzhou_sanshui;x;
10126;226;71;167;b_jingzhou_baoding;x;
10127;192;9;200;b_jingzhou_linjing;x;
10128;227;108;241;b_jingzhou_lintai;x;
10129;213;16;7;b_longzhou_qianyuan;x;
10130;161;141;33;b_longzhou_huating;x;
10131;215;207;99;b_longzhou_wushan;x;
10132;16;27;199;b_fengxiang_tianxing;x;
10133;239;174;70;b_fengxiang_purun;x;
10134;76;244;210;b_fengxiang_mei;x;
10135;6;123;164;b_fuzhou_luojiao;x;
10136;161;251;115;b_fuzhou_luochuan;x;
10137;185;241;54;b_fuzhou_zhiluo;x;
10138;100;16;185;b_fanzhou_zhongbu;x;
10139;168;138;18;b_fanzhou_fucheng;x;
10140;13;249;23;b_fanzhou_shengping;x;
10141;60;36;156;b_yanzhou_fushi;x;
10142;49;199;43;b_yanzhou_yanchuan;x;
10143;81;159;113;b_yanzhou_fuzheng;x;
10144;92;101;186;b_yanzhou_yanchang;x;
10145;169;52;123;b_yaozhou_meiyuan;x;
10146;105;252;40;b_yanzhou_huayan;x;
10147;120;93;242;b_yanzhou_yunyang;x;
10148;191;219;145;b_jingzhao_hu;x;
10149;245;2;26;b_jingzhao_lantian;x;
10150;146;16;29;b_jingzhao_yueyang;x;
10151;135;92;0;b_jingzhao_haozhi;x;
10152;126;40;79;b_tongzhou_baishui;x;
10153;232;30;83;b_tongzhou_heyang;x;
10154;139;193;70;b_danzhou_yichuan;x;
10155;231;96;17;b_danzhou_menshan;x;
10156;26;146;102;b_zezhou_jincheng;x;
10157;180;82;227;b_zezhou_qishui;x;
10158;58;200;89;b_zezhou_lingchun;x;
10159;161;163;46;b_huaizhou_henei;x;
10160;212;252;186;b_luzhou_huguan;x;
10161;217;28;58;b_luzhou_tunliu;x;
10162;79;190;44;b_luzhou_she;x;
10163;72;52;197;b_yizhou_liaoshan;x;
10164;251;140;157;b_yizhou_heshun;x;
10165;80;95;160;b_yizhou_yushe;x;
10166;39;51;88;;x;
10167;69;49;116;b_qinzhou_qinyuan;x;
10168;186;214;125;b_qinzhou_mianshang;x;
10169;249;180;155;b_fenzhou_xihe;x;
10170;88;62;53;b_fenzhou_pingyao;x;
10171;99;84;236;b_jinzhou_jishi;x;
10172;128;240;140;b_jinzhou_fenxi;x;
10173;44;230;84;b_xizhou_xichuan;x;
10174;169;223;1;b_xizhou_shilou;x;
10175;209;31;10;b_xizhou_wenquan;x;
10176;104;148;29;b_xizhou_pu;x;
10177;205;22;114;b_xizhou_daning;x;
10178;161;230;120;b_mingzhou_pingen;x;
10179;155;123;242;b_cizhou_wuan;x;
10180;139;26;202;b_cizhou_fuyang;x;
10181;251;12;244;b_cizhou_yong;x;
10182;156;212;189;b_xingzhou_longgang;x;
10183;37;76;254;b_xingzhou_julu;x;
10184;152;172;118;b_zhaozhou_pingji;x;
10185;32;239;62;b_zhaozhou_yuanshi;x;
10186;49;27;236;;x;
10187;212;190;82;b_zhenzhou_zhending;x;
10188;188;11;44;b_nazhou_nazhou;x;
10189;77;133;213;b_shuangchengzhou;x;
10190;195;64;100;b_siyuanzhou_ziyuanzhou;x;
10191;204;188;210;b_mingzhou_mingzhou;x;
10192;85;227;108;b_qingzhou_qingzhou;x;
10193;20;38;58;b_something_zangke_long;x;
10194;27;252;32;b_nanpingzhou_nanpingzhou;x;
10195;84;242;241;b_luogong_luogong;x;
10196;79;255;195;b_bangzhou_bangzhou;x;
10197;26;167;68;b_poyan_tribe;x;
10198;130;86;115;b_wudeng_tribe;x;
10199;134;39;220;b_nuozuo_nuozuo;x;
10200;209;237;112;b_quzhou_quzhou;x;
10201;38;125;61;b_shama_tribe;x;
10202;210;139;115;b_nanzhou_nanzhou;x;
10203;140;208;123;b_sie_e_sie_e;x;
10204;5;111;17;b_nazhou_nazhou;x;
10205;171;71;28;b_nengzhou_nengzhou;x;
10206;173;166;120;b_shunzhou_shunzhou;x;
10207;185;89;73;b_yuzhou_bishan;x;
10208;206;203;199;;x;
10209;82;175;204;b_yuzhou_jiangjin;x;
10210;201;252;32;b_yaochuan_yaochuan;x;
10211;113;178;135;b_yuannanzhou_yuannanzhou;x;
10212;76;125;18;b_lizhou_hanyuan;x;
10213;19;181;26;b_lizhou_tongwang;x;
10214;162;97;250;b_yazhou_mingshan;x;
10215;8;164;201;b_yazhou_rongjing;x;
10216;41;105;252;b_chengdu_chengdu;x;
10217;167;122;159;b_chengdu_lingchi;x;
10218;222;14;198;b_chengdu_shuangliu;x;
10219;253;145;226;b_pengzhou_jiulong;x;
10220;45;161;137;b_siqiongzhou_yuexi;x;
10221;94;95;54;b_jiazhou_longyou;x;
10222;252;36;248;b_jiazhou_qianwei;x;
10223;36;237;38;b_jiazhou_suishan;x;
10224;59;164;217;b_meizhou_danling;x;
10225;255;64;69;b_meizhou_hongya;x;
10226;111;153;48;b_rongzhou_bodao;x;
10227;179;32;139;b_rongzhou_yibin;x;
10228;145;24;76;;x; # Impassable
10229;141;98;107;b_huizhou_huizhou;x;
10230;21;80;132;b_puningzhou_puningzhou;x;
10231;63;44;14;b_yanzhou_changle;x;
10232;11;222;127;b_baizhou_bobai;x;
10233;167;77;136;b_shunzhou_longhua;x;
10234;230;132;130;b_yulinzhou_yulin;x;
10235;98;75;245;b_yuzhou_eshi;x;
10236;49;10;120;b_douzhou_xinyi;x;
10237;215;143;20;b_yizhou_puning;x;
10238;208;176;241;b_yizhou_cenxi;x;
10239;88;202;67;b_guzhou_legu;x;
10240;36;51;125;b_guzhou_lexing;x;
10241;48;201;222;b_guzhou_gushu;x;
10242;93;35;58;b_rongzhou_wuyang;x;
10243;206;21;3;b_rongzhou_something;x;
10244;77;110;178;b_liuzhou_maping;x;
10245;170;211;171;b_liuzhou_luorong;x;
10246;1;105;16;b_liuzhou_langcangdong;x;
10247;10;156;192;b_xiangzhou_yangshou;x;
10248;68;159;81;b_xiangzhou_wuxian;x;
10249;92;197;0;b_shouzhou_shouchun;x;
10250;32;31;190;b_shouzhou_huoqiu;x;
10251;111;66;131;b_shouzhou_shengtang;x;
10252;194;207;188;b_shuozhou_huoshan;x;
10253;1;35;251;b_guangzhou_gushi;x;
10254;139;232;129;b_guangzhou_yincheng;x;
10255;175;216;102;b_guangzhou_guangshan;x;
10256;102;81;220;b_guangzhou_dingcheng;x;
10257;133;164;180;b_guozhou_hongnong;x;
10258;65;220;13;b_guozhou_lushi;x;
10259;177;5;179;b_xiazhou_xia;x;
10260;33;87;15;b_shaowu_shaowu;x;
10261;9;49;226;b_shaowu_luxi;x;
10262;93;119;232;b_shaowu_taining;x;
10263;63;185;195;b_shaowu_jianning;x;
10264;242;238;104;b_wuzhou_jiangi;x;
10265;131;52;106;b_chengzhou_tonggu;x;
10266;231;22;174;b_chengzhou_changdao;x;
10267;252;99;199;b_fengzhou_liangquan;x;
10268;72;137;241;b_fengzhou_hechi;x;
10269;225;53;239;b_xingzhou_shunzheng;x;
10270;99;241;132;b_quzhou_xinan;x;
10271;152;194;127;b_xinzhou_yushan;x;
10272;252;82;244;b_hezhou_linhe;x;
10273;136;26;131;b_hezhou_fuchuan;x;
10274;37;25;237;b_wuzhou_cangwu;x;
10275;154;118;253;b_wuzhou_mengling;x;
10276;122;193;156;b_zhaozhou_pingle;x;
10277;196;105;53;b_fuzhou_longping;x;
10278;147;216;127;b_fuzhou_majiang;x;
10279;255;66;139;b_sishunzhou_cuo_e;x;
10280;237;117;50;b_guienzhou_silong;x;
10281;200;158;25;b_zhixinzhou_leyan;x;
10282;143;80;57;b_zhixinzhou_xincheng;x;
10283;117;125;241;b_wenzhou_wenzhou;x;
10284;221;130;249;b_zizhou_zizhou;x;
10285;207;210;98;b_shukunzhou;x;
10286;54;15;51;b_ezhou_ezhou;x;
10287;142;31;131;b_houzhou_houzhou;x;
10288;15;1;168;b_zangke_long_tribe;x;
10289;137;62;65;b_shiniu_shiniu;x;
10290;174;93;179;b_duoli_duoli;x;
10291;129;125;152;b_taizhou_linhai;x;
10292;101;207;218;b_wenzhou_hengyang;x;
10293;83;34;249;b_guangzhou_dongguan;x;
10294;114;147;96;b_guangzhou_xinhui;x;
10295;55;147;113;b_guangzhou_yining;x;
10296;166;92;241;b_dongguan_tunmen;x;
10297;88;24;195;b_dongguan_bao_an;x;
10298;153;53;144;b_cangzhou_lucheng;x;
10299;6;208;47;b_cangzhou_wudi;x;
10300;228;128;31;b_dezhou_ande;x;
10301;195;212;196;b_dezhou_anling;x;
10302;227;137;154;b_dizhou_bohai;x;
10303;198;70;185;b_jiangzhou_yuan;x;
10304;125;93;150;b_jiangzhou_jiang;x;
10305;236;86;115;b_cizhou_luxiang;x;
10306;55;194;134;b_cizhou_wencheng;x;
10307;96;100;14;b_jiangzhou_longmen;x;
10308;58;156;2;b_jiangzhou_zhengping;x;
10309;251;238;111;b_xiazhou_xia;x;
10310;249;193;43;b_jizhou_tangyang;x;
10311;94;221;120;b_jizhou_fucheng;x;
10312;198;151;204;b_shenzhou_luze;x;
10313;70;72;125;b_shenzhou_lucheng;x;
10314;244;168;99;b_zhenzhou_gu;x;
10315;38;21;5;b_zhaozhou_pingji;x;
10316;98;241;109;b_mingzhou_yan;x;
10317;217;68;154;b_weizhou_cicheng;x;
10318;69;237;72;b_baoningzhou_baoning;x;
10319;161;7;245;b_qianzhou_zhaowu;x;
10320;70;16;230;b_lingchuanzhou_lingchuan;x;
10321;66;214;238;b_xunzhou_ehe;x;
10322;205;73;209;b_jingzhou_something;x;
10323;160;146;225;b_something_huarong;x;
10324;191;213;152;b_changzhou_kunshan;x;
10325;241;48;171;b_changzhou_jinling;x;
10326;151;216;98;b_suzhou_wu;x;
10327;88;140;39;b_suzhou_huating;x;
10328;191;114;3;b_suzhou_jiaxing;x;
10329;246;248;146;b_changzhou_yixing;x;
10330;224;79;60;b_changzhou_jinling;x;
10331;146;5;199;b_runzhou_shangyuan;x;
10332;208;231;86;b_runzhou_gourong;x;
10333;241;226;49;b_runzhou_dantu;x;
10334;94;213;36;b_runzhou_jintan;x;
10335;255;105;250;b_fuzhou_lianjiang;x;
10336;136;92;115;b_fuzhou_changxi;x;
10337;73;207;253;b_xuanzhou_dangtu;x;
10338;128;92;89;b_xuanzhou_liyang;x;
10339;24;19;230;b_xuanzhou_nanling;x;
10340;139;179;39;b_xuanzhou_xuancheng;x;
10341;194;10;212;b_xuanzhou_jing;x;
10342;19;147;58;b_huzhou_wucheng;x;
10343;56;6;161;b_huzhou_anji;x;
10344;80;232;72;b_huzhou_wukang;x;
10345;252;157;66;b_hangzhou_yuhang;x;
10346;23;181;146;b_hangzhou_tangshan;x;
10347;75;47;118;b_hangzhou_yuqian;x;
10348;226;141;12;b_muzhou_jiande;x;
10349;18;252;226;b_muzhou_shouchang;x;
10350;124;96;11;b_muzhou_suian;x;
10351;10;99;247;b_muzhou_qingxi;x;
10352;25;37;198;b_xiangzhou_anyang;x;
10353;114;235;20;b_xiangzhou_linlu;x;
10354;158;98;110;b_xiangzhou_neihuang;x;
10355;144;155;90;b_weizhou_gongcheng;x;
10356;83;25;249;b_weizhou_ji;x;
10357;220;11;192;b_weizhou_guixiang;x;
10358;26;147;159;b_weizhou_guantao;x;
10359;10;181;88;b_beizhou_qinghe;x;
10360;117;41;97;b_beizhou_liting;x;
10361;121;158;151;b_beizhou_qingyang;x;
10362;248;60;2;b_bozhou_wushui;x;
10363;109;171;111;b_bozhou_laocheng;x;
10364;96;141;40;b_beizhou_yongji;x;
10365;179;6;53;b_something_penlai;x;
10366;70;148;138;b_chizhou_zhide;x;
10367;70;10;105;b_shezhou_qimen;x;
10368;50;183;183;b_shezhou_jixi;x;
10369;133;167;165;b_shezhou_taiping;x;
10370;54;218;96;b_shezhou_yi;x;
10371;7;162;217;b_shezhou_xiuning;x;
10372;239;186;117;b_xuanzhou_jing;x;
10373;96;131;49;b_chizhou_shidai;x;
10374;248;169;233;b_chizhou_qiupu;x;
10375;214;47;227;b_chizhou_qingyang;x;
10376;3;114;169;b_caizhou_xiping;x;
10377;19;172;133;b_caizhou_baoxin;x;
10378;59;16;241;b_caizhou_pingyu;x;
10379;41;32;123;b_haizhou_hairen;x;
10380;35;183;124;b_xuzhou_suqian;x;
10381;25;245;183;b_guangzhou_haojinggao;x;
10382;214;0;7;b_guangzhou_huangziwei;x;
10383;4;157;198;b_taizhou_le_an;x;
10384;114;11;243;b_chuzhou_songyang;x;
10385;161;248;197;b_laizhou_jiaoshui;x;
10386;148;220;68;Zhaotong_Junlian;x;
10387;91;229;24;b_fanzhou_datong;x;
10388;244;160;199;b_gongzhou_sujian;x;
10389;5;158;141;b_huanzhou_zhengping;x;
10390;104;172;121;b_huanzhou_geliang;x;
10391;215;13;135;b_huanzhou_raomian;x;
10392;50;59;255;b_rongzhou_wuyang;x;
10393;166;216;114;b_liuzhou_langcangdong;x;
10394;248;211;210;b_shuzhou_susong;x;
10395;106;6;30;b_ezhou_jiangxia;x;
10396;40;245;79;b_ezhou_wuchang;x;
10397;198;34;205;b_ezhou_puqi;x;
10398;254;36;134;b_ezhou_tangnian;x;
10399;112;207;232;b_yuezhou_baling;x;
10400;66;126;24;b_yuezhou_changjing;x;
10401;11;103;246;b_ezhou_yongxin;x;
10402;215;183;128;b_hezhongfu_wenxi;x;
10403;208;27;199;b_hezhongfu_hexi;x;
10404;140;94;190;b_hezhongfu_yishi;x;
10405;54;140;249;b_something_wangwu;x;
10406;56;85;40;b_langzhou_xupu;x;
10407;156;201;24;b_huangzhou_huangzhou;x;
10408;53;196;99;b_hongzhou_hongzhou;x;
10409;152;27;24;b_jiangzhou_zijiang;x;
10410;93;96;232;b_chenshui_chenshui;x;
10411;7;169;11;b_dunzhou_dunzhou;x;
10412;108;49;156;b_fude_fude;x;
10413;32;29;24;b_luzhou_hejiang;x;
10414;252;150;135;b_nanzhou_nanchuan;x;
10415;232;233;5;Zhaotong_Zhaotong;x;
10416;245;0;187;b_nanzhou_sanxi;x;
10417;11;215;162;b_dezhou_pingyuan;x;
10418;59;78;136;b_huazhou_huayin;x;
10419;12;69;145;b_yaozhou_fengxian;x;
10420;192;192;192;;x;
10421;182;157;242;b_mingzhou_xiangshan;x;
10422;216;81;20;b_haizhou_qushan;x;
10423;35;67;12;b_yizhou_linyi;x;
10424;90;108;164;Zhaotong_Hezhang;x;
10425;1;209;0;b_kangzhou_ducheng;x;
10426;58;159;5;b_zhaozhou_yongping;x;
10427;185;219;45;b_something_something_12;x;
10428;2;87;4;b_zhuozhou_gou_an;x;
10429;215;182;209;b_shuozhuo_mayi;x;
10430;203;192;178;b_jingzhao_chang_an;x;
10431;221;139;184;b_suizhou_suide;x;
10432;227;206;93;b_fuzhou_min;x;
10433;163;179;146;b_jizhou_taihe;x;
10434;200;87;10;b_jizhou_yongxin;x;
10435;188;13;211;Qujing_QujingNorth;x;
10436;20;4;65;b_jizhou_anfu;x;
10437;24;234;79;Zhaotong_Huize;x;
10438;202;0;25;b_jiazhou_luomu;x;
10439;5;227;2;b_mianzhou_changming;x;
10440;16;188;36;b_shizhou_jianshi;x;
10441;137;3;154;b_xuzhou_changshe;x;
10442;190;226;160;;x; # Impassable
10443;67;178;241;b_shezhou_wuyuan;x;
10444;184;85;48;Qujing_Qujing;x;
10445;77;120;16;Qujing_Tangdianzhen;x;
10446;165;85;161;Something_1;x;
10447;101;108;68;Something_2;x;
10448;35;155;21;Qujing_Datong;x;
10449;49;130;122;Qianxinan_Qianxinan;x;
10450;168;209;29;Qujing_Xinshaozhen;x;
10451;174;123;84;Lake_Poyang;x;
10452;39;132;192;;x;
10453;24;84;62;Something_3;x;
10454;6;136;173;;x;
10455;82;143;16;Something_5;x;
10456;11;158;32;river_yangtze;x;
10457;91;131;150;river_yangtze;x;
10458;130;133;85;river_yangtze;x;
10459;232;46;124;river_yangtze;x;
10460;136;235;25;river_yangtze;x;
10461;252;160;240;river_yangtze;x;
10462;94;145;31;;x;
10463;235;166;188;Taiwan_New_1;x;
10464;86;248;196;river_yangtze;x;
10465;109;33;155;Taiwan_New_2;x;
10466;72;223;52;Taiwan_New_3;x;
10467;223;5;73;Something_6;x;
10468;232;122;174;;x;
10469;70;137;242;;x;
10470;121;92;178;;x;
10471;62;115;253;;x;
10472;82;81;145;;x;
10473;111;170;28;Taiwan_New_4;x;
10474;120;55;61;;x;
10475;23;218;125;;x;
10476;143;90;84;;x;
10477;28;48;154;;x;	#Start of additional Impassables in South China & Mainland SEA
10478;122;242;64;;x;
10479;211;192;135;;x;
10480;27;194;88;;x;
10481;213;20;189;;x;
10482;43;106;97;;x;
10483;202;58;61;;x;
10484;205;200;136;;x;
10485;161;99;95;;x;
10486;16;11;151;;x;
10487;240;174;124;north_dali_impassable_1;x; #End of additional Impassables in South China & Mainland SEA
10488;136;153;44;Patkai Hills;x;	
10489;167;147;144;FIC_Amur_Konnovanda;x;
10490;45;169;56;FIC_Amur_Hulavanda;x;
10491;69;159;150;FIC_Amur_Pichan;x;
10492;116;174;57;FIC_Amur_Khimin;x;
10493;139;164;151;FIC_Amur_Bira;x;
10494;179;172;49;FIC_Amur_Chulabira;x;
10495;49;183;147;FIC_Amur_Urmi;x;
10496;81;184;59;FIC_Amur_Kirga;x;
10497;97;130;149;FIC_Amur_Umilimo;x;
10498;155;191;41;IMPASSABLE MANCHURIA;x;
10499;186;191;167;FIC_Amur_Molamu;x;
10500;25;23;199;FIC_Amur_Kulikansiggu;x;
10501;153;126;20;Nagaoka;x;
10502;220;176;41;Kami;x;
10503;241;157;24;Aki;x;
10504;244;218;138;Takaoka;x;
10505;207;141;37;Hata;x;
10506;138;208;184;Iyo;x;
10507;46;217;159;Ishizuchi;x;
10508;36;89;71;Uchiko;x;
10509;21;116;84;Kita;x;
10510;15;156;108;Uwa;x;
10511;10;153;221;Nakata;x;
10512;24;111;152;Kaifu;x;
10513;98;181;220;Tsurugi;x;
10514;8;56;79;Naka;;x;
10515;197;61;119;Yashima;x;
10516;146;21;74;Sangawa;x;
10517;96;3;42;Kotohira;x;
10518;53;66;12;Oita;x;
10519;72;138;32;;x;
10520;144;215;101;Amabe;x;
10521;25;59;5;;x;
10522;114;144;18;Ōno;x;
10523;130;234;67;Kunisaki;x;
10524;92;133;68;Hita;x;
10525;189;13;13;Usa;x;
10526;224;141;141;Kiku;x;
10527;92;37;37;Hikosan;x;
10528;142;100;20;Daizaifu;x;
10529;229;162;32;Hakata;x;
10530;231;204;154;Munakata;x;
10531;85;60;12;Kurate;x;
10532;227;9;199;Mizuma;x;
10533;133;28;119;Mii;x;
10534;69;60;13;Saga;x;
10535;243;231;168;;x;
10536;233;199;17;Matsura;x;
10537;193;172;58;;x;
10538;223;210;138;Sonogi;x;
10539;142;126;38;Chikanoshima;x;
10540;139;37;17;Koyu;x;
10541;208;84;60;Usuki;x;
10542;104;27;13;Tsuma;x;
10543;217;142;128;Naka;x;
10544;240;191;182;Morokata;x;
10545;112;124;32;Kimotsuki;x;
10546;208;236;23;Kuwabara;x;
10547;189;202;104;Soo;x;
10548;91;94;9;;x;
10549;194;211;82;;x; # Replaceme
10550;22;84;87;Mashiki;x;
10551;20;77;75;Kikuchi;x;
10552;164;201;204;Aso;x;
10553;25;136;132;;x;
10554;52;166;171;Amakusa;x;
10555;17;50;51;Yatsushiro;x;
10556;73;108;110;Kuma;x;
10557;32;123;11;Kagoshima;x;
10558;36;138;14;Isa;x;
10559;105;197;83;Izumi;x;
10560;149;159;82;Tane;x;
10561;73;192;46;Kawanabe;x;
10562;42;9;9;IMPASSABLE KYUSHU;x;
10563;144;194;237;Yora;x;
10564;48;62;73;;x; # Replaceme
10565;13;64;107;;x; # Replaceme
10566;106;192;44;Toyora;x;
10567;61;107;28;Asa;x;
10568;35;69;11;Abu;x;
10569;89;124;64;Ōtsu;x;
10570;182;133;55;Yoshiki;x;
10571;226;173;90;Kuga;x;
10572;109;71;11;Kumage;x;
10573;235;212;175;Tsuno;x;
10574;0;58;72;Yamagata;x;
10575;30;105;124;Kamo;x;
10576;133;213;233;Itsukushima;x;
10577;19;162;198;Takada;x;
10578;82;96;5;Mitsugi;x;
10579;218;234;129;Yasuna;x;
10580;197;223;54;Kōnu;x;
10581;143;162;36;Mikami;x;
10582;123;136;185;IMPASSABLE_IWASHIRO;x;
10583;93;122;227;Kuboya;x;
10584;6;27;105;Kibitsu;x;
10585;24;56;175;Tetta;x;
10586;120;64;134;IMPASSABLE_MUTSU;x;
10587;177;24;215;Oku;x;
10588;38;12;12;IMPASSABLE SHIKOKU;x;
10589;42;6;51;Jōtō;x;
10590;135;107;38;Mashima;x;
10591;214;201;170;Aida;x;
10592;213;158;25;Tomata;x;
10593;94;202;35;Ibo;x;
10594;143;189;119;Shikama;x;
10595;63;138;23;Akashi;x;
10596;37;86;11;Shisō;x;
10597;91;104;83;Taka;x;
10598;208;46;46;Kobe;x;
10599;103;18;18;Osaka;x;
10600;241;166;166;Nose;x;
10601;131;67;114;ŌTORI;x;
10602;207;11;154;Izumi;x;
10603;6;76;203;Kyo;x;
10604;107;151;230;Uji;x;
10605;213;234;33;IMPASSABLE_CENTRAL_HONSHU;x;
10606;131;144;18;Kawachi;x;
10607;11;24;68;IMPASSABLE_NORTH_HONSHU;x;
10608;5;42;163;Awaji;x;
10609;149;87;15;Kōfuku-ji;x;
10610;231;203;171;Eizanji;x;
10611;233;147;48;Yoshino;x;
10612;209;120;16;IMPASSABLE_SHINANO;x;
10613;95;62;24;Shikinokami;x;
10614;19;124;172;Nagusa;x;
10615;17;60;80;Kongōbu-ji;x;
10616;185;214;227;Hidaka;x;
10617;92;192;238;Muro;x;
10618;35;115;153;Kumano;x;
10619;126;26;99;Kanoashi;x;
10620;195;14;146;Mino;x;
10621;230;97;194;Naka;x;
10622;145;58;121;Ochi;x;
10623;72;200;112;Kizuki-taisha;x;
10624;119;145;127;Shimane;x;
10625;18;131;53;Nita;x;
10626;7;79;30;Ou;x;
10627;100;28;33;Kume;x;
10628;233;37;51;Izumi;x;
10629;233;175;180;Hino;x;
10630;74;204;160;Hōmi;x;
10631;19;110;79;Yakami;x;
10632;168;237;214;Takakusa;x;
10633;227;141;232;Asago;x;
10634;94;7;99;Kinosaki;x;
10635;148;23;156;Keta;x;
10636;172;99;13;Kasa;x;
10637;242;152;47;Kumano;x;
10638;167;169;17;Kuwada;x;
10639;196;198;10;Hikami;x;
10640;94;95;7;Funai;x;
10641;51;229;214;Oki;x;
10642;26;134;125;;x; # Replaceme
10643;65;221;153;Amagi;x;
10644;23;184;114;;x; # Replaceme
10645;18;136;85;Simajiri/Shimajiri;x;
10646;13;102;63;Nakajan/Nakagami;x;
10647;85;115;102;Kunjan/Kunigami;x;
10648;34;13;13;IMPASSABLE_WEST_HONSHU;x;
10649;204;160;205;Sado;x; # Echigo
10650;52;81;200;Iwafune;x; # Echigo
10651;54;190;154;Kambara;x; # Echigo
10652;91;176;249;Kubiki;x; # Echigo
10653;7;212;161;Uonuma;x; # Echigo
10654;243;165;95;Yoshiki;x; # Hida
10655;171;182;36;Ōno;x; # Hida
10656;18;44;189;Mashita;x; # Hida
10657;91;142;182;;x; # Replaceme
10658;119;23;251;;x;
10659;60;18;221;;x;
10660;15;20;95;Tsukama;x; # Shinano
10661;53;100;8;;x; # Replaceme
10662;82;214;20;Zenkō-ji;x; # Shinano
10663;143;3;248;Saku;x; # Shinano
10664;137;107;202;Azumi;x; # Shinano
10665;252;118;34;Nasu;x; # Shimotsuke
10666;78;53;49;Utsunomiya;x; # Shimotsuke
10667;171;72;57;Ashikaga;x; # Shimotsuke
10668;241;211;252;Futara;x; # Shimotsuke
10669;249;134;165;Shioya;x; # Shimotsuke
10670;157;142;47;Tone;x; # Kozuke
10671;240;20;108;Nitta;x; # Kozuke
10672;200;38;131;Gunma;x; # Kozuke
10673;221;190;90;Agatsuma;x; # Kozuke
10674;37;224;30;Fugeshi;x; # Noto
10675;183;24;243;Kashima;x; # Noto
10676;84;27;99;Imizu;x; # Etchu
10677;36;33;132;Tateyama;x; # Etchu
10678;222;206;128;Haku;x; # Kaga
10679;97;252;94;Enuma;x; # Kaga
10680;87;93;119;Tsuru;x; # Kai
10681;214;76;70;;x; # Replaceme
10682;172;217;167;Yatsushiro;x; # Kai
10683;70;237;173;Koma;x; # Kai
10684;232;93;127;Ōsumi;x; # Sagami
10685;184;124;208;Fuji;x; # Suruga
10686;82;138;88;Abe;x; # Suruga
10687;93;194;169;Shida;x; # Suruga
10688;136;126;180;Suchi;x; # Totomi
10689;167;168;7;japan_mountains;x;
10690;145;111;233;Toyoda;x; # Totomi
10691;126;188;205;Fuchi;x; # Totomi
10692;188;114;105;Nukanobu/Kunohe;x; # Rikuchu
10693;37;59;221;Iwate;x; # Rikuchu
10694;94;111;0;Hei;x; # Rikuchu
10695;236;54;120;;x;
10696;117;246;245;Yahiko;x; # Echigo
10697;144;59;15;Iwai;x; # Rikuchu
10698;22;125;242;Korehari/Kurihara;x; # Rikuzen
10699;144;94;48;Miyagi;x; # Rikuzen
10700;241;29;147;Tsugaru;x; # Rikuzen
10701;63;69;176;Usori/Kita;x; # Mutsu
10702;66;194;177;Tsumo/Sannohe;x; # Mutsu
10703;14;233;187;Nisattai/Ninohe;x; # Mutsu
10704;255;116;88;Nushiro/Hiyama;x; # Ugo
10705;151;214;87;Agita/Akita;x; # Ugo
10706;3;192;31;Hotta/Yamamoto;x; # Ugo
10707;108;192;33;Okachi/Ogachi;x; # Ugo
10708;94;41;62;Yuri/Akumi;x; # Ugo
10709;100;210;248;Tokisara/Haguro;x; # Uzen
10710;41;118;71;Mogami;x; # Uzen
10711;102;223;180;Okitama;x; # Uzen
10712;131;196;55;Aizu;x; # Iwashiro
10713;142;218;118;;x;
10714;184;202;153;Yama;x; # Iwashiro
10715;2;53;208;;x;
10716;135;206;123;Adachi;x; # Iwashiro
10717;205;187;20;Iwase;x; # Iwashiro
10718;175;164;88;Namekata;x; # Iwaki
10719;160;27;236;Iwaki;x; # Iwaki
10720;143;234;114;Shirakawa;x; # Iwaki
10721;97;76;51;Kashima;x; # Hitachi
10722;180;186;122;Ibaraki;x; # Hitachi
10723;44;46;249;;x;
10724;19;71;120;Naka;x; # Hitachi
10725;199;138;154;Taga;x; # Hitachi
10726;114;134;24;Tsukuba;x; # Hitachi
10727;252;37;74;Iruma;x; # Musashi
10728;216;84;121;;x;
10729;102;141;13;Chichibu;x; # Musashi
10730;145;255;240;Toshima;x; # Musashi
10731;99;10;251;Adachi;x; # Musashi
10732;213;4;203;Tama;x; # Musashi
10733;63;136;46;Ōno;x; # Echizen
10734;242;33;207;Sakai;x; # Echizen
10735;184;209;29;Nyū;x; # Echizen
10736;26;109;110;Tsuruga;x; # Echizen
10737;17;128;11;Wakasa;x; # Wakasa
10738;158;122;169;Iga;x; # Iga
10739;224;84;217;Enryaku-ji;x; # Omi
10740;7;246;185;Azai;x; # Omi
10741;160;101;71;Inukami;x; # Omi
10742;253;53;70;Kōka;x; # Omi
10743;199;43;19;Gujō;x; # Mino
10744;159;185;76;Kani;x; # Mino
10745;224;44;233;;x;
10746;44;18;251;Motosu;x; # Mino
10747;8;29;24;Fuwa;x; # Mino
10748;133;112;227;Atsumi;x; # Mikawa
10749;196;161;125;Shitara;x; # Mikawa
10750;192;178;65;Nukata;x; # Mikawa
10751;144;190;75;Kamo;x; # Mikawa
10752;182;135;128;Atsuta;x; # Owari
10753;169;210;218;Kasugai;x; # Owari
10754;26;188;119;Nakashima;x; # Owari
10755;226;244;70;Mie;x; # Ise
10756;91;79;209;Anō;x; # Ise
10757;73;74;16;Ise-jingū;x; # Ise
10758;214;252;76;Shima;x; # Ise
10759;3;190;39;;x;
10760;141;97;251;Awa;x; # Kazusa
10761;94;24;0;Ichihara;x; # Kazusa
10762;3;63;48;Ichinomiya;x; # Kazusa
10763;191;107;2;Kamo;x; # Izu
10764;17;149;249;Tagata;x; # Izu
10765;187;118;12;Miura;x; # Sagami
10766;91;209;96;Hakone;x; # Sagami
10767;228;10;214;Katsushika;x; # Shimosa
10768;220;237;145;Chiba;x; # Shimosa
10769;10;145;70;Katori;x; # Shimosa
10770;11;2;248;Kesen;x; # Rikuzen
10771;63;2;242;Mugi;x; # Mino
10772;43;2;242;Kashima;x; # Hitachi
10773;13;2;242;Motoyoshi;x; # Rikuzen
10774;172;83;241;Matomai;x; # Hokkaido
10775;56;200;123;Uskes;x; # Hokkaido
10776;89;34;190;Kumausi;x; # Hokkaido
10777;243;67;125;Ioci;x; # Hokkaido
10778;45;178;92;;x; # Replaceme
10779;92;34;156;Otarunay;x; # Hokkaido
10780;183;212;78;Setanay;x; # Hokkaido
10781;64;199;241;Aptapet;x; # Hokkaido
10782;150;78;123;Kayaunpesh;x; # Hokkaido
10783;87;245;19;Muroran;x; # Hokkaido
10784;204;96;35;Yufutsu;x; # Hokkaido
10785;111;57;248;Niikappu;x; # Hokkaido
10786;89;172;203;Urakawa;x; # Hokkaido
10787;155;134;89;Hiroo;x; # Hokkaido
10788;47;178;235;Kasai;x; # Hokkaido
10789;67;245;123;Tokachi;x; # Hokkaido
10790;134;187;49;Kushiro;x; # Hokkaido
10791;29;222;140;Abashiri;x; # Hokkaido
10792;98;156;243;Hanasaki;x; # Hokkaido
10793;200;34;87;Shiretoko;x; # Hokkaido
10794;176;89;190;Monbetsu;x; # Hokkaido
10795;145;245;10;Soya;x; # Hokkaido
10796;32;78;206;Kamikawa;x; # Hokkaido
10797;123;199;54;Teshio;x; # Hokkaido
10798;167;45;189;Rumoi;x; # Hokkaido
10799;76;231;89;Uryu;x; # Hokkaido
10800;240;87;134;Sorachi;x; # Hokkaido
10801;190;123;245;Atsuta;x; # Hokkaido
10802;255;204;248;Prea_Vihear;x;
10803;230;255;221;Prah_Khan;x;
10804;117;4;248;Sambor_Prei_Kuk;x;
10805;234;230;150;Stung_Treng;x;
10806;145;178;234;Sambor;x;
10807;119;234;175;Kracheh_Nokor;x;
10808;234;144;121;Vat_Nokor;x;
10809;234;131;189;Vyadhapura;x;
10810;164;234;145;Maha_Rosei;x;
10811;187;210;232;Angkor_Borey;x;
10812;109;141;232;Bayang;x;
10813;16;4;244;Oc_Eo;x;
10814;101;242;139;Hanchei;x;
10815;229;139;189;Phnom_Penh;x;
10816;126;141;229;Angkor;x;
10817;229;170;156;Champassak;x;
10818;167;173;229;Srideb;x;
10819;229;208;185;Banteay_Chhmar;x;
10820;255;112;207;Vien_Chan;x;
10821;255;233;140;Rat_Buri;x;
10822;255;127;161;Lop_Buri;x;
10823;208;229;216;Botum_Sakor;x;
10824;229;197;221;Kompong_Saom;x;
10825;229;170;20;Panduranga;x;
10826;116;229;94;Kauthara;x;
10827;121;216;229;Vijaya;x;
10828;153;112;229;Simhapura;x;
10829;226;166;93;Quang_Ngai;x;
10830;118;226;137;Dong_Duong;x;
10831;226;122;150;My_Son;x;
10832;224;226;59;Aya_Ru;x;
10833;142;255;243;Hve;x;
10834;255;175;114;Malithit;x;
10835;227;183;255;Baigaur;x;
10836;136;163;125;Ma_Linh;x;
10837;143;144;163;Dia_Ly;x;
10838;163;81;144;Bo_Chinh;x;
10839;107;106;163;Nghe_An;x;
10840;26;4;232;Dien_Chau;x;
10841;199;229;128;Thanh_Hoa;x;
10842;185;229;200;Truong_Yen;x;
10843;153;184;229;Nam_Dinh;x;
10844;223;135;229;Long_Hung;x;
10845;135;229;223;Kien_Xuong;x;
10846;195;181;255;Tan_Hung;x;
10847;204;255;249;Hai_Dong;x;
10848;160;255;190;Lan_Song;x;
10849;255;255;142;Van;x;
10850;255;155;157;Nung;x;
10851;206;255;193;Quang_Nguyen;x;
10852;124;233;255;Binh_Nguyen;x;
10853;221;238;255;Vi_Long;x;
10854;255;140;230;Thuong_Nguyen;x;
10855;126;255;119;Lam_Tay;x;
10856;255;73;227;Phu_Luong;x;
10857;79;255;105;Ha_Bac;x;
10858;255;94;76;Hoang_Giang;x;
10859;155;216;255;Tam_Giang;x;
10860;175;109;255;Quoc_Oai;x;
10861;255;165;167;Thang_Long;x;
10862;155;172;255;Chau_Phong;x;
10863;238;255;158;Weichu_Elu;x;
10864;234;226;255;Weichu_Weiyuan;x;
10865;201;255;213;Nongdong_Nongdong;x;
10866;255;181;214;Nongdong_North;x;
10867;178;255;248;Weichu_Huazhu;x;
10868;255;217;114;Huichuan_Fawaina;x;
10869;65;255;48;Dali_Dali;x;
10870;255;102;170;Dali_Yunlong;x;
10871;234;158;255;Huichuan_Puto;x;
10872;190;117;255;Dongchuan_Yuepan;x;
10873;202;255;89;Shanchan_Shanchan;x;
10874;173;96;255;Shanju_Chengji;x;
10875;158;211;255;;x;
10876;175;255;189;Moutong_Lanxi;x;
10877;255;188;211;Jianchang_Mukui;x;
10878;122;255;126;;x;
10879;255;130;238;;
10880;109;124;255;Jianchang_Adu;x;
10881;61;235;255;Jianchang_Luolan;x;
10882;202;96;255;Jianchang_Shama;x;
10883;137;255;180;Jianchang_Qu;x;
10884;255;153;219;Shanju_Xiangcheng;x;
10885;255;114;107;Shanju_Ruku;x;
10886;255;191;89;Shanju_Dalan;x;
10887;167;255;79;Shanju_Luobang;x;
10888;145;158;255;Shanju_Luogang;x;
10889;75;4;248;Xiushan_Mengpeng;x;
10890;175;204;247;Xiushan_Qixi;x;
10891;220;121;247;Xiushan_Xiushan;x;
10892;247;173;136;Moeng Hing;x;
10893;119;79;132;Luang Prabang;x;
10894;113;111;132;Chiang Rung;x;
10895;115;132;94;Mong La;x;
10896;75;117;132;Mong Hang;x;
10897;130;107;125;Wa;x;
10898;201;183;104;Jinglong_Lanna;x;
10899;206;57;57;Yongchang_Shengxiang;x;
10900;75;75;204;Yongchang_Qingdian;x;
10901;188;204;71;Yongchang_Yongchang;x;
10902;182;158;255;Weichu_Buteng;x;
10903;255;140;209;Weichu_Luotuo;x;
10904;255;240;206;Weichu_Buri;x;
10905;153;255;200;Weichu_Luopan;x;
10906;255;170;155;Weichu_Yinyuan;x;
10907;171;255;147;Zuining_Ayue;x;
10908;158;226;201;Koh_Ker;x;
10909;226;183;127;Muang_Fa_Daet;x;
10910;124;226;128;Sri_Thep;x;
10911;158;255;179;Nakhon_Pathom;x;
10912;255;127;124;Ca_Mau;x;
10913;227;255;130;Soc_Trang;x;
10914;255;135;203;Binh_Dai;x;
10915;255;247;109;Ba_Tri;x;
10916;170;204;255;Thanh_Phu;x;
10917;196;178;255;Go_Cong;x;
10918;225;255;183;Xuan_Loc;x;
10919;142;219;156;Tay_Ninh;x;
10920;216;143;186;Phuoc_Tuy;x;
10921;160;168;216;Binh_Tuy;x;
10922;216;73;88;Kien_Phong;x;
10923;101;132;216;Dinh_Tuong;x;
10924;216;216;175;Binh_Long;x;
10925;164;198;216;Pleiku;x;
10926;58;185;216;Phu_Bon;x;
10927;216;255;218;Pursat;x;
10928;15;139;255;Kampong_Chhnang;x;
10929;255;178;186;Mondulkiri;x;
10930;117;193;255;Svay_Rieng;x;
10931;225;206;255;Ratanakiri;x;
10932;193;214;255;Battambang;x;
10933;255;112;143;Rovieng;x;
10934;255;236;175;Rayong;x;
10935;153;212;255;Chon_Buri;x;
10936;130;161;255;Choam_Khsant;x;
10937;96;149;255;Nakhon_Ratschasima;x;
10938;58;181;94;Sakhon_Nakhon;x;
10939;155;178;108;Bueng_Kan;x;
10940;178;42;103;Ubon_Ratchathani;x;
10941;178;135;99;Mukdahan;x;
10942;150;178;105;Si_Sa_Ket;x;
10943;114;178;167;Surin;x;
10944;178;116;122;Loei;x;
10945;255;130;194;Muang Thong;x;
10946;194;109;255;Ban_Pang;x;
10947;255;181;204;Nong_Khai;x;
10948;255;163;124;Mouang_Camphon;x;
10949;239;255;68;Pakse;x;
10950;193;219;255;Bangkok;x;
10951;167;255;135;Trat;x;
10952;91;132;158;Lampang;x;
10953;66;158;122;Phitsanulok/Bishnuloka;x;
10954;158;139;49;Phichit;x;
10955;158;82;56;Kamphaeng_Phet;x;
10956;86;158;85;Phetchabun;x;
10957;158;145;72;Maha_Sarakham;x;
10958;98;158;124;Khon_Kaen;x;
10959;122;107;158;Nong_Bua_Lam_Phu;x;
10960;255;163;213;Mae_Hong_Song;x;
10961;204;173;255;Sukhothai;x;
10962;149;255;147;Chiang Klang;x;
10963;173;227;255;Phichai/Sawangkaburi;x;
10964;255;168;200;Mae_Sot;x;
10965;104;217;255;Taunggyi;x;
10966;245;183;255;Vang_Vieng;x;
10967;255;247;137;Muang Souy;x;
10968;255;168;176;Chai_Nat;x;
10969;255;94;107;Uthai_Thani;x;
10970;46;132;111;Mongnai;x;
10971;82;70;132;Laikha;x;
10972;123;132;84;Mongnawn;x;
10973;95;99;204;Mawkmai;x;
10974;255;114;180;Mongkung;x;
10975;204;187;183;Hsipaw;x;
10976;190;128;204;Hsenwi;x;
10977;181;204;200;Nongmun;x;
10978;204;146;172;Hkawlanghu;x;
10979;204;197;65;Putao;x;
10980;226;74;92;Sawlaw;x;
10981;133;226;206;Sumpra_Bum;x;
10982;96;226;79;Monyin;x;
10983;226;167;204;Hpakant;x;
10984;165;86;226;Danai;x;
10985;114;204;150;Mogaung;x;
10986;191;134;204;Shwegu;x;
10987;204;196;85;Momauk;x;
10988;163;138;204;Waingmaw;x;
10989;204;176;122;Myitkyina;x;
10990;204;142;195;Chihpwi;x;
10991;170;199;224;Nujiang_Lisu;x;
10992;193;116;224;Chachoengsoo;x;
10993;98;119;224;Sa_Kaeo;x;
10994;224;71;127;Pathum_Thani;x;
10995;224;216;215;Thanbyuzayat;x;
10996;224;207;83;Dawei;x;
10997;141;224;177;Ye;x;
10998;181;255;210;Chaiyaphum;x;
10999;99;132;79;Plei_Doch;x;
11000;132;110;78;Ea_Sup;x;
11001;99;64;48;PHI_Babuyan;x;			####Start of Philippines pt 1
11002;170;163;29;PHI_Calayan;x;
11003;84;63;102;PHI_Nagparitan;x;
11004;194;187;206;PHI_Bigan;x;
11005;108;114;103;PHI_Kandong;x;
11006;33;56;31;PHI_Binalatongan;x;
11007;7;237;64;PHI_Aparri;x;
11008;28;10;180;PHI_Apayo;x;
11009;2;1;109;PHI_Engano;x;
11010;74;109;130;PHI_Kalinga;x;
11011;38;40;13;PHI_Cagayan;x;
11012;72;6;224;PHI_Ilongot;x;
11013;143;163;158;PHI_Kirino;x;	#Quirino
11014;140;2;35;PHI_Benguet;x;
11015;6;186;206;PHI_Tagalao;x;
11016;168;0;154;PHI_Palana;x;
11017;89;41;70;PHI_Pantabagan;x;
11018;167;193;36;PHI_Sambala;x;
11019;92;237;56;PHI_Bolinao;x;
11020;143;196;252;PHI_Kapampangan;x;
11021;66;214;118;PHI_Tondo;x;
11022;56;50;47;PHI_Binangonan;x;
11023;170;116;170;PHI_Pilila;x;
11024;127;168;57;PHI_Maynila;x;
11025;38;14;145;PHI_Batangan;x;	#Batangas
11026;175;132;178;PHI_Bondoc;x;
11027;178;119;51;PHI_Daet;x;
11028;88;41;109;PHI_Ibalon;x;
11029;135;65;140;PHI_Ibat;x;	#Albay
11030;204;152;140;PHI_Sorsogon;x;
11031;97;101;102;PHI_Pulilu;x;	#Polillo Islands
11032;78;76;196;PHI_Katanduan;x;	#Catanduanes
11033;138;170;168;PHI_Malindig;x;	#Marinduque
11034;122;107;84;PHI_Ticao;x;	#Ticao & Burias
11035;160;94;114;PHI_Masbate;x;	#Masbate
11036;56;41;15;PHI_Donblon;x;	#Romblon
11037;71;76;5;PHI_Pinamalayan;x;
11038;104;44;39;PHI_Mamburao;x;
11039;214;2;79;PHI_Dongon;x;
11040;107;139;165;PHI_Bongabong;x;
11041;82;7;140;PHI_Jamayan;x;	#Calamian Islands
11042;48;47;38;PHI_Cuyo;x;
11043;131;252;224;PHI_Taytay;x;
11044;96;95;67;PHI_Tagbanwa;x;
11045;147;117;206;PHI_Pala_wan;x;
11046;188;120;88;PHI_Balabac;x;
11047;10;15;94;PHI_Catarman;x;
11048;38;138;214;PHI_Catbalogan;x;
11049;2;211;26;PHI_Borongan;x;
11050;81;112;56;PHI_Panamao;x;	#Biliran
11051;108;119;103;PHI_Kankabatok;x;
11052;52;109;65;PHI_Baybay;x;
11053;237;64;211;PHI_Bool;x;	#Bohol
11054;33;40;88;PHI_Sugbu;x;
11055;84;8;57;PHI_Siaro;x;
11056;216;130;199;PHI_Katugasan;x;	#Siquijor
11057;175;201;196;PHI_Dananguet;x;	#Dumaguete
11058;153;135;178;PHI_Ilog;x;
11059;107;105;11;PHI_Nabingkalan;x;	#San Carlos
11060;6;10;63;PHI_Binalbagan;x;
11061;127;93;107;PHI_Himal-os;x;	#Guimaras
11062;170;153;196;PHI_Irong_Irong;x;
11063;242;111;139;PHI_Hamtik;x;
11064;102;23;36;PHI_Akean;x;
11065;97;109;75;PHI_Dinagat;x;	#Dinagat
11066;66;11;10;PHI_Siargao;x;	#Siargao
11067;79;112;83;PHI_Surigao;x;
11068;107;165;149;PHI_Tandag;x;
11069;248;255;204;PHI_Cabadbaran;x;
11070;62;112;56;PHI_Baganga;x;
11071;84;86;66;PHI_Mati;x;
11072;19;211;153;PHI_Kuambog;x;
11073;41;29;56;PHI_Magugpo;x;
11074;106;117;75;PHI_Agusan;x;
11075;63;219;133;PHI_Butuan;x;
11076;86;83;117;PHI_Tagoloan;x;
11077;92;56;175;PHI_Malaybalay;x;
11078;96;191;32;PHI_Idalemen;x;
11079;54;68;11;PHI_Masiu;x;
11080;70;59;96;PHI_Tubok;x;
11081;8;214;121;PHI_Marahui;x;
11082;226;185;20;PHI_Tukuran;x;
11083;216;147;169;PHI_Kumalarang;x;
11084;43;41;28;PHI_Bolong;x;
11085;38;55;104;PHI_Matangal;x;	#Basilan
11086;78;73;86;PHI_Sulug;x;	#Jolo
11087;13;73;76;PHI_Pangutaran;x;	#Pangutaran
11088;129;168;150;PHI_Tawi_Tawi;x;	#Tawi-Tawi
11089;202;216;166;PHI_Tamontaka;x;
11090;119;53;11;PHI_Lebak;x;
11091;7;104;65;PHI_Sapakan;x;
11092;78;57;155;PHI_Bagua_Inged;x;
11093;79;109;173;Nhan;x;	#not Philippines, in Champa
11094;91;69;67;PHI_Malita;x;
11095;64;71;99;PHI_Makar;x;
11096;72;188;37;PHI_Glan;x;
11097;10;61;7;PHI_Sarangani;x;			####End of Philippines pt 1
11098;89;109;24;IMPASSABLE Borneo Mountains 1;x;			####Start of Borneo
11099;73;60;62;IMPASSABLE Borneo Mountains 2;x;
11100;87;107;96;IMPASSABLE Borneo Mountains 3;x;
11101;43;102;114;BOR_Papar;x;
11102;170;138;170;BOR_Brunei;x;
11103;19;56;16;BOR_Seria;x;
11104;17;38;34;BOR_Punan;x;
11105;81;77;31;BOR_Miri;x;
11106;124;188;84;BOR_Bintulu;x;
11107;140;165;234;BOR_Rajang_Atas;x;
11108;183;45;100;BOR_Long;x;
11109;235;244;243;BOR_Melano;x;
11110;209;142;229;BOR_Sibu;x;
11111;102;112;97;BOR_Sigalang;x;
11112;38;27;18;BOR_Kanowit;x;
11113;78;147;65;BOR_Malu;x;
11114;131;132;115;BOR_Tanah_Taman;x;
11115;96;116;122;BOR_Sintang;x;
11116;54;249;116;BOR_Teinangga;x;
11117;40;20;38;BOR_Sedu;x;
11118;155;149;136;BOR_Santubong;x;
11119;83;84;55;BOR_Sambas;x;
11120;49;42;51;BOR_Sanggau;x;
11121;170;134;121;BOR_Landak;x;
11122;55;43;58;BOR_Mempawah;x;
11123;66;124;27;BOR_Samedang;x;
11124;84;114;108;BOR_Sekadao;x;
11125;244;201;137;BOR_Sukadana;x;
11126;224;122;94;BOR_Warau;x;
11127;117;118;119;BOR_Seruyan;x;
11128;90;153;145;BOR_Kota_Waringin;x;
11129;37;48;31;BOR_Sampit;x;
11130;118;135;131;BOR_Pembuang;x;
11131;155;73;125;BOR_Sebangau;x;
11132;162;232;41;BOR_Katingan;x;
11133;40;96;92;BOR_Kapuas;x;
11134;221;177;153;BOR_Banjar;x;
11135;114;76;88;BOR_Taiao;x;
11136;45;19;38;BOR_Laut;x;
11137;83;117;137;BOR_Kaburo;x;
11138;126;181;86;BOR_Pasir;x;
11139;53;13;76;BOR_Kota_Raden;x;
11140;214;207;200;BOR_Tunkaren;x;
11141;118;122;97;BOR_Sepunang;x;
11142;101;242;209;BOR_Badak;x;
11143;183;132;153;BOR_Pemarangan;x;
11144;22;37;150;BOR_Kutai_Loman;x;
11145;111;51;170;BOR_Bontang;x;
11146;150;60;127;BOR_Muara_Kaman;x;
11147;30;41;91;BOR_Melak;x;
11148;65;39;96;BOR_Muara_Wehea;x;
11149;124;158;173;BOR_Sangkira;x;
11150;42;43;30;BOR_Sangkulirang;x;
11151;53;79;183;BOR_Sambiliong;x;
11152;41;119;4;BOR_Tapean;x;
11153;5;168;59;BOR_Tanjung_Selor;x;
11154;81;45;66;BOR_Selamban;x;
11155;81;122;50;BOR_Tarakan;x;
11156;29;53;37;BOR_Tawau;x;
11157;42;60;152;BOR_Sibutu;x;
11158;216;239;64;BOR_Lahad_Datu;x;
11159;34;70;79;BOR_Kadazan;x;
11160;87;145;128;BOR_Kinabatangan;x;
11161;96;70;76;BOR_Marudu;x;
11162;134;183;171;BOR_Ranau;x;	####
11163;72;124;102;BOR_Dusun;x;
11164;47;111;114;BOR_Kudat;x;						####End of Borneo
11165;37;39;41;IMPASSABLE Sulawesi Mountains 1;x;			####Start of Sulawesi
11166;43;45;47;IMPASSABLE Sulawesi Mountains 2;x;
11167;15;17;19;IMPASSABLE Sulawesi Mountains 3;x;
11168;33;35;37;IMPASSABLE Sulawesi Mountains 4;x;
11169;20;22;24;IMPASSABLE Sulawesi Mountains 5;x;
11170;56;74;104;SUL_Makassar;x;
11171;14;247;158;SUL_Bantaeg;x;
11172;106;117;4;SUL_Boni;x;	#Watampone
11173;58;37;63;SUL_Bungoro;x;
11174;201;209;92;SUL_Amparita;x;
11175;41;28;99;SUL_Tosora;x;
11176;120;134;150;SUL_Palopo;x;
11177;51;127;31;SUL_Malangke;x;
11178;84;78;61;SUL_Ussu;x;
11179;167;178;172;SUL_Malili;x;
11180;107;77;54;SUL_Tamboa;x;
11181;95;192;221;SUL_Pano;x;
11182;25;21;143;SUL_Towuti;x;
11183;88;198;73;SUL_Rahambuu;x;	#Unaaha
11184;127;7;17;SUL_Kolaka;x;
11185;18;183;78;SUL_Polean;x;
11186;14;234;43;SUL_Kendari;x;
11187;137;103;239;SUL_Wowoni;x;
11188;221;170;198;SUL_Tukangbesi;x;
11189;107;102;10;SUL_Goram;x;
11190;115;172;196;SUL_Bhauu;x;	#Baubau
11191;54;124;46;SUL_Muna;x;
11192;60;171;193;SUL_Kabaena;x;
11193;56;63;56;SUL_Banggai;x;
11194;124;95;68;SUL_Balantak;x;
11195;29;101;21;SUL_Luwuk;x;
11196;99;0;4;SUL_Bunta;x;
11197;216;147;138;SUL_Togian;x;
11198;155;252;136;SUL_Tojo;x;
11199;153;91;148;SUL_Waya;x;
11200;25;40;86;SUL_Panga;x;
11201;206;247;42;SUL_Poso;x;
11202;140;31;17;SUL_Lemo_Lemo;x;
11203;6;132;84;SUL_Tamala;x;
11204;165;147;11;SUL_Tipor;x;
11205;119;53;71;SUL_Donggala;x;
11206;181;234;175;SUL_Parigi;x;
11207;99;37;63;SUL_Donda;x;
11208;123;124;112;SUL_Bolango;x;
11209;50;105;145;SUL_Kali;x;
11210;34;229;226;SUL_Gorontalo;x;
11211;111;237;159;SUL_Suwawa;x;
11212;132;206;189;SUL_Bolaang;x;
11213;132;116;26;SUL_Wenang;x;	#Manado
11214;76;48;13;SUL_Sangihe;x;	#Sangihe & Talaud
11215;10;13;16;IMPASSABLE Islands east of north Sulawesi;x;			####End of Sulawesi
11216;118;127;51;MAL_Sula;x;		####Start of Maluku islands
11217;61;20;45;MAL_Buru;x;
11218;34;36;61;MAL_Ambwan;x;	#Ambon
11219;78;46;81;MAL_Wahai;x;
11220;154;211;148;MAL_Waru;x;
11221;18;36;38;MAL_Misool;x;
11222;122;191;186;MAL_Waisai;x;
11223;204;15;104;MAL_Obi;x;
11224;117;130;114;MAL_Bacan;x;
11225;96;98;140;MAL_Weda;x;
11226;79;11;28;MAL_Tidore;x;
11227;188;101;184;MAL_Koye;x;
11228;117;87;224;MAL_Wasile;x;
11229;89;33;242;MAL_Ternate;x;
11230;99;94;76;MAL_Jailolo;x;
11231;145;103;116;MAL_Golea;x;			####End of Maluku islands
11232;10;104;12;IMPASSABLE Borneo Mountains 4;x;	#Bor-Sul-MAl additional impassable
11233;38;10;244;Borneo Lakes;x;	#Bor-Sul-MAl additional impassable
11234;39;10;248;Sulawesi Lakes central;x;	#Bor-Sul-MAl additional impassable
11235;40;10;232;Sulawesi Lakes south;x;	#Bor-Sul-MAl additional impassable
11236;41;10;236;IMPASSABLE Sumatra mountains 1;x;			####Start of Indonesia
11237;42;10;240;IMPASSABLE Sumatra mountains 2;x;
11238;43;10;244;IMPASSABLE Sumatra mountains 3;x;
11239;44;10;248;IMPASSABLE Sumatra mountains 4;x;
11240;45;10;232;IMPASSABLE Sumatra mountains 5;x;
11241;46;10;236;IMPASSABLE Sumatra mountains 6;x;
11242;47;10;240;IMPASSABLE Java mountains 1;x;
11243;48;10;244;IMPASSABLE Java mountains 2;x;
11244;49;10;248;IMPASSABLE Java wasteland 1;x;
11245;50;10;232;IMPASSABLE Timor mountains 1;x;
11246;51;10;236;IMPASSABLE Timor mountains 2;x;
11247;52;10;240;IMPASSABLE Timor mountains 3;x;
11248;53;10;244;Nakkavaram/Nicobar;x;
11249;54;10;248;IMPASSABLE Sumatra lakes 1;x;
11250;55;10;232;IMPASSABLE Sumatra lakes 2;x;
11251;56;10;236;Simeulue;x;
11252;57;10;240;Nias;x;
11253;207;226;170;SUM_Barat;x;
11254;6;86;34;SUM_Lamuri;x;
11255;234;237;232;SUM_Samudra;x;
11256;52;2;114;SUM_Pasai;x;
11257;124;98;229;SUM_Perlak;x;
11258;198;49;41;SUM_Tamiang;x;
11259;173;178;188;SUM_Medan;x;
11260;59;81;33;SUM_Aru;x;
11261;30;255;157;SUM_Kemang;x;
11262;134;8;163;SUM_Tanjung;x;
11263;51;15;91;SUM_Panai;x;
11264;174;178;142;SUM_Bahal;x;
11265;232;112;20;SUM_Rokan_Hilir;x;
11266;79;31;58;SUM_Kalowang;x;
11267;229;192;59;SUM_Rokan;x;
11268;156;89;198;SUM_Bengkalis;x;
11269;96;90;40;SUM_Pekanbaru;x;
11270;128;132;127;SUM_Muara_Takus;x;
11271;62;95;96;SUM_Kahwas;x;
11272;150;77;75;SUM_Kampar;x;
11273;107;93;97;SUM_Siak;x;
11274;26;89;147;SUM_Suir;x;
11275;172;224;94;SUM_Selat_Panjang;x;
11276;189;179;252;SUM_Boron;x;
11277;81;86;71;SUM_Tanjungpinang;x;
11278;206;196;197;SUM_Lingga;x;
11279;145;118;31;SUM_Kampe;x;
11280;1;5;191;SUM_Karitang;x;
11281;67;107;96;SUM_Rengat;x;
11282;82;106;114;SUM_Indragiri;x;
11283;53;1;21;SUM_Kuntu;x;
11284;206;196;255;SUM_Pagaruyung;x;
11285;79;135;107;SUM_Dharmasraya;x;
11286;112;165;76;SUM_Gudahiri;x;
11287;215;47;237;SUM_Kuala_Kuantan;x;
11288;41;53;36;SUM_Tungkal;x;
11289;130;201;172;SUM_Jamongas;x;
11290;54;43;61;SUM_Teba;x;
11291;107;93;74;SUM_Karang_Brahi;x;
11292;176;11;232;SUM_Lahat;x;
11293;29;45;29;SUM_Tumbesi;x;
11294;32;79;50;SUM_Jambi;x;
11295;183;95;182;SUM_Votabura;x;
11296;47;71;64;SUM_Palembang;x;
11297;52;56;25;SUM_Salekar;x;
11298;119;196;161;SUM_Musi;x;
11299;219;57;216;SUM_Tanah_Abang;x;
11300;115;132;119;SUM_Batu_Brak;x;
11301;186;124;234;SUM_Pedamaran;x;
11302;63;71;21;SUM_Minanga_Tamwan;x;
11303;117;216;176;SUM_Baros;x;
11304;82;109;60;SUM_FIC_Rawatimur;x;
11305;110;12;232;SUM_Mesuji;x;
11306;74;130;86;SUM_Tulangbawang;x;
11307;158;142;154;SUM_Menggala;x;
11308;75;163;91;SUM_Palas_Pasemah;x;
11309;139;142;99;SUM_Batu_Betil;x;
11310;5;107;78;SUM_Pugong;x;
11311;32;219;154;SUM_Andalas;x;
11312;220;203;247;SUM_Bengkulu;x;
11313;207;244;39;SUM_Muko_Muko;x;
11314;140;98;124;SUM_Inderajati;x;
11315;80;117;65;SUM_Padang;x;
11316;153;13;92;SUM_Tiku;x;
11317;10;91;30;;x;
11318;72;96;80;SUM_Barus;x;
11319;58;135;92;SUM_Singkil;x;
11320;7;66;84;SUM_Tripa;x;
11321;150;141;143;SUM_Calang;x;
11322;45;33;7;SUM_Kota_Kapur;x;
11323;168;237;99;SUM_Bangka;x;
11324;2;12;248;SUM_Belitung;x;
11325;122;99;127;JAV_Ujung_Kulon;x;
11326;34;68;39;JAV_Banten;x;
11327;123;137;181;JAV_Tangaram;x;
11328;50;1;48;JAV_Tugu;x;
11329;228;141;68;Mong Yang;x;
11330;45;86;17;JAV_Pakuan_Pajajaran;x;
11331;25;21;71;JAV_Cicatih;x;
11332;183;62;177;JAV_Limbangan;x;
11333;36;29;127;JAV_Batujaya;x;
11334;124;98;11;JAV_Bojang_Menje;x;
11335;166;191;177;JAV_Cimanuk;x;
11336;129;125;153;JAV_Cirebon;x;
11337;4;38;142;JAV_Kawali;x;
11338;17;224;24;JAV_Pangandaran;x;
11339;102;6;14;JAV_Purwokerto;x;
11340;64;66;15;JAV_Bagaluhan;x;
11341;24;165;81;JAV_Borobodur;x;
11342;229;137;154;JAV_Mamrati;x;
11343;158;126;115;JAV_Mataram;x;
11344;189;244;112;JAV_Dieng;x;
11345;66;28;6;JAV_Poh_Pitu;x;
11346;69;95;96;JAV_Keling;x;
11347;43;23;4;JAV_Kuwu;x;
11348;175;80;77;JAV_Lwaram;x;
11349;119;10;173;JAV_Kambang_Putih;x;
11350;14;76;13;JAV_Wwatan;x;
11351;93;127;35;JAV_Kampak;x;
11352;13;38;7;JAV_Anjukladang;x;
11353;35;16;9;JAV_Tamwlang;x;
11354;71;56;56;JAV_Hujung_Galuh;x;
11355;120;163;97;JAV_Daha;x;
11356;95;255;50;JAV_Kahuripan;x;
11357;26;134;155;JAV_Pasuruhan;x;
11358;112;70;87;JAV_Tumapel;x;
11359;223;75;234;JAV_Blambangan;x;
11360;190;152;226;JAV_Situbondo;x;
11361;117;99;122;JAV_Sampang;x;
11362;87;16;102;JAV_Sumenep;x;
11363;41;12;244;JAV_Kangean;x;
11364;186;174;7;IDO_Jembrana;x;
11365;91;44;13;IDO_Buleleng;x;
11366;46;53;12;IDO_Bedulu;x;
11367;165;188;206;IDO_Lombok;x;
11368;140;26;81;IDO_Taliwang;x;
11369;17;192;219;IDO_Bima;x;
11370;107;130;100;IDO_Bajo;x;
11371;163;206;154;IDO_Endeh;x;
11372;71;24;31;IDO_Larantuka;x;
11373;232;252;176;IDO_Lembata;x;
11374;63;79;18;IDO_Galiyao;x;
11375;244;88;137;IDO_Alor;x;
11376;54;12;236;IDO_Wetar;x;
11377;214;173;51;IDO_Barat_Daya;x;
11378;66;117;111;IDO_Tanimbar;x;
11379;242;227;169;IDO_Kodi;x;
11380;58;59;84;IDO_Melolo;x;
11381;103;27;107;IDO_Sawu;x;
11382;69;127;21;IDO_Roti;x;
11383;249;206;97;IDO_Kupang;x;
11384;26;119;40;IDO_Sorbian;x;
11385;211;158;199;IDO_Oetune;x;
11386;155;135;107;IDO_Noimuti;x;
11387;130;111;67;IDO_Insana;x;
11388;20;71;19;IDO_Dili;x;
11389;234;164;202;IDO_Lahoasupala;x;
11390;255;61;132;IMPASSABLE Malay Peninsula mountains 1;x;			#Start of Malay peninsula
11391;255;61;251;IMPASSABLE Malay Peninsula mountains 2;x;
11392;255;61;133;IMPASSABLE Malay Peninsula mountains 3;x;
11393;71;12;244;IMPASSABLE Malay Peninsula mountains 4;x;
11394;72;12;248;IMPASSABLE Malay Peninsula mountains 5;x;
11395;73;12;232;IMPASSABLE Kra Isthmus mountains 1;x;
11396;74;12;236;IMPASSABLE Kra Isthmus mountains 2;x;
11397;129;226;165;MAL_Tumasik;x;
11398;94;144;160;MAL_Johor;x;
11399;132;119;122;MAL_Penawar;x;
11400;220;242;215;MAL_Endau;x;
11401;61;69;89;MAL_Kundur;x;
11402;102;19;79;MAL_Gelanggi;x;
11403;85;49;114;MAL_Muar;x;
11404;84;69;78;MAL_Segamat;x;
11405;90;55;186;MAL_Kiuli;x;
11406;107;211;185;MAL_Pekan;x;
11407;47;155;26;MAL_Inderapura;x;
11408;216;147;158;MAL_Semantan;x;
11409;71;42;89;MAL_Saimwang;x;
11410;200;177;209;MAL_Tinggano;x;
11411;104;116;153;MAL_Dungun;x;
11412;159;242;218;MAL_Kelantan;x;
11413;91;127;135;MAL_Menara;x;
11414;11;14;84;MAL_Patani;x;
11415;68;53;56;MAL_Saiburi;x;
11416;53;35;51;MAL_Terang;x;
11417;140;37;196;MAL_Kedah;x;
11418;107;219;198;MAL_Bujang;x;
11419;122;14;23;MAL_Bukit_Batu_Pahat;x;
11420;73;51;132;MAL_Beruas;x;
11421;135;139;173;MAL_Kelang;x;
11422;41;43;165;MAL_Sungei_Ujong;x;
11423;106;252;113;THAI_Mardelang;x;
11424;208;219;182;THAI_Ligor;x;
11425;157;234;49;THAI_Kanchanadit;x;
11426;185;204;77;THAI_Trang;x;
11427;247;113;182;THAI_Gerbi;x;
11428;4;76;29;THAI_Takua_Pa;x;
11429;73;175;87;THAI_Chaiya;x;
11430;65;76;40;THAI_Ranang;x;
11431;150;149;87;THAI_Kra_Buri;x;
11432;221;197;212;THAI_Tenasserim;x;
11433;61;100;114;THAI_Mergui;x;
11434;132;45;74;THAI_Chumpon;x;
11435;30;84;81;THAI_Singkhon;x;
11436;153;103;10;THAI_Na_Rang;x;
11437;108;60;137;THAI_Phetchaburi;x;			End of Malay peninsula
11438;66;132;91;Krung_Poi_Pet;x;
11439;132;76;87;Phon_Sai;x;
11440;91;132;74;Sanasomboon;x;
11441;226;244;255;Lamphun;x;
11442;248;237;255;Nakhon_Ratchasima;x;
11443;183;194;255;Ku_Kaeo;x;
11444;255;135;187;Nong_Bua;x;
11445;134;90;155;Son_La;x;
11446;255;222;183;Sam_Nuea;x;
11447;209;148;98;Mueang Tak;x;
11448;209;92;160;Phrae;x;
11449;110;255;96;Hlaingbwe;x;
11450;135;255;251;Chiang_Mai;x;
11451;142;204;192;Pak_Beng;x;
11452;214;230;255;Mongmit;x;
11453;216;178;255;;x;
11454;229;223;61;Muli;x;
11455;112;195;255;;x;
11456;140;175;165;;x;
11457;0;164;234;;x;
11458;71;232;101;;x;
11459;181;213;255;Attapeu;x;
11460;196;155;255;Salavan;x;
11461;163;194;226;Kum_Pak_Khlang;x;
11462;201;206;255;Hinboun;x;
11463;255;214;252;Borikham;x;
11464;201;215;255;Tan_Xuyen;x;
11465;219;253;255;Salo_Tai;x;
11466;255;207;119;Ban_Nathan;x;
11467;219;224;188;Muang Ngoi;x;
11468;191;255;207;Meo_Vac;x;
11469;241;237;255;;x;
11470;115;127;132;Gengma;x;
11471;132;93;60;Moeng Cae;x;
11472;79;71;132;Moeng Laem;x;
11473;70;132;113;Kokang;x;
11474;83;53;255;Wenfuzhou;x;
11475;255;161;79;Shicheng;x;
11476;158;161;255;Xuchu;x;
11477;154;244;160;Nalou;x;
11478;244;122;177;Muze;x;
11479;54;130;87;Keng_Tung;x;
11480;221;73;110;Bumangdian;x;
11481;219;173;221;Nandian;x;
11482;255;107;215;Moeng Long;x;
11483;198;216;255;Chiang Tong / Zhengdong;x;
11484;255;176;81;Muang U;x;
11485;140;167;204;Chiang Khaeng;x;
11486;114;171;204;Hsenwi_South;x;
11487;255;139;94;Luowu;x;
11488;251;175;255;Weichu_North;x;
11489;97;244;119;Xiushan_West;x;
11490;191;255;238;Yuepan_North;x;
11491;178;255;233;Sam_Nuea_North;x;
11492;255;137;117;Lam Son;x;
11493;255;40;169;Taunggyi_South;x;
11494;135;219;255;Pai;x;
11495;121;255;107;Chom Thong;x;
11496;255;140;130;Mae_Hong_Song_4;x;
11497;216;127;255;Hot;x;
11498;149;165;175;Ubon_Ratchathani_Northwest;x;
11499;221;214;255;Vi_Long_West;x;
11500;110;153;153;Son_La_West;x;
11501;68;58;34;IMPASSABLE Yablonoi south;x;	#Eastern Mongolia & Manchuria IMPASSABLES
11502;92;86;68;IMPASSABLE Yablonoi middle;x;
11503;52;49;40;IMPASSABLE Yablonoi north;x;
11504;100;94;79;IMPASSABLE Yablonoi northeast;x;
11505;243;211;130;IMPASSABLE Greater Khingan south;x;
11506;210;197;164;IMPASSABLE Greater Khingan north 1;x;
11507;211;159;117;IMPASSABLE Greater Khingan north 2;x;
11508;155;124;100;IMPASSABLE Greater Khingan north 3;x;
11509;216;188;166;IMPASSABLE Greater Khingan north 4;x;
11510;61;15;232;IMPASSABLE Lesser Khingan;x;
11511;62;15;236;IMPASSABLE Mudanjiang heights;x;
11512;63;15;240;IMPASSABLE Changbai mountains west;x;
11513;64;15;244;IMPASSABLE Changbai mountains east;x;
11514;65;15;248;IMPASSABLE Sikhote mountains south 1;x;
11515;66;15;232;IMPASSABLE Sikhote mountains south 2;x;
11516;67;15;236;IMPASSABLE Sikhote mountains center 1;x;
11517;68;15;240;IMPASSABLE Sikhote mountains center 2;x;
11518;69;15;244;IMPASSABLE Sikhote mountains north 1;x;
11519;70;15;248;IMPASSABLE Sikhote mountains north 2;x;
11520;71;15;232;IMPASSABLE Sikhote mountains north 3;x;
11521;108;85;22;IMPASSABLE eastern Gobi;x;
11522;233;224;130;IMPASSABLE eastern Mongolia desert 1;x;
11523;161;158;127;IMPASSABLE eastern Mongolia desert 2;x;
11524;186;138;21;IMPASSABLE eastern Mongolia desert 3;x;
11525;100;200;121;IMPASSABLE Liaoning field;x;
11526;146;240;166;IMPASSABLE Amur-Songhua pincer field;x;
11527;113;250;242;LAKES eastern Mongolia;x;
11528;160;203;223;LAKE Khanka;x;
11529;80;15;248;Mong_Zhen;x;			###Eastern Mongolia
11530;214;15;244;FIC_Mong_Ulantolgod;x;
11531;134;39;66;FIC_Mong_Elskhol;x;
11532;181;216;179;FIC_Mong_Chusolalin;x;
11533;79;7;53;FIC_Mong_Ulyntsana;x;
11534;255;61;145;FIC_Mong_Herulun;x;
11535;188;16;134;FIC_Mong_Payenula;x;
11536;180;198;99;FIC_Mong_Olokuialin;x;
11537;242;79;226;FIC_Mong_Ulaondor;x;
11538;185;226;131;FIC_Mong_Olongoluud;x;
11539;122;112;127;FIC_Mong_Dutulunels;x;
11540;170;173;19;FIC_Mong_Semkut;x;
11541;242;19;37;FIC_Mong_Tarkilechi;x;
11542;136;168;147;FIC_Mong_Tarhanalin;x;
11543;143;181;201;FIC_Mong_Ichar_Ekin;x;
11544;34;89;19;FIC_Mong_Tarkhaidam;x;
11545;96;15;232;FIC_Mong_Karepuri;x;
11546;229;223;222;FIC_Mong_Kyursugol;x;
11547;145;43;80;FIC_Mong_Ononekh;x;
11548;68;75;102;FIC_Mong_Khaldun;x;
11549;46;117;64;FIC_Mong_Ononum;x;
11550;58;43;20;FIC_Mong_Orgilalkham;x;
11551;42;119;32;FIC_Mong_Paljigol;x;
11552;50;79;35;FIC_Mong_Ingedei;x;
11553;156;170;155;FIC_Mong_Chulereg;x;
11554;86;45;67;FIC_Mong_Shitagol;x;
11555;252;78;25;FIC_Mong_Kharbelcheer;x;
11556;107;73;58;FIC_Mong_Doodonon;x;
11557;56;44;49;FIC_Mong_Zatalbar;x;
11558;119;96;79;FIC_Mong_Khoyorgol;x;
11559;221;147;97;FIC_Mong_Kukuchol;x;
11560;232;200;104;FIC_Mong_Hinkanalin;x;
11561;136;114;150;FIC_Mong_Kanchuku;x;
11562;45;20;25;FIC_Mong_Usguitalbai;x;
11563;19;25;38;FIC_Mong_Tapsunuur;x;
11564;130;80;130;FIC_Mong_Zovkerulen;x;
11565;186;117;133;FIC_Mong_Kurnuur;x;
11566;43;6;40;FIC_Mong_Khosoonuud;x;
11567;216;114;194;FIC_Mong_Tulanhara;x;
11568;15;102;87;FIC_Mong_Ulanhulud;x;
11569;65;59;71;FIC_Mong_Nuurkhoorond;x;
11570;181;178;132;FIC_Mong_Zuunbuir;x;
11571;114;165;69;FIC_Mong_Xisaiyin;x;
11572;81;75;51;FIC_Mong_Jiasaihe;x;
11573;73;27;32;FIC_Mong_Dongheisha;x;
11574;125;68;137;FIC_Mong_Chezier;x;
11575;168;134;90;FIC_Mong_Kharulagai;x;
11576;72;130;101;FIC_Mong_Nanchezi;x;
11577;1;15;240;FIC_Mong_Beiheisha;x;
11578;140;112;135;FIC_Mong_Khargobi;x;
11579;147;137;76;FIC_Mong_Kurumnuur;x;
11580;232;249;247;FIC_Mong_Khanabaruun;x;
11581;214;51;149;Mong_Jiangbian;x;
11582;158;105;244;Mong_Hepung;x;
11583;26;127;107;FIC_Mong_Horobot;x;
11584;224;69;159;FIC_Mong_Tsagaanuur;x;
11585;114;46;4;FIC_Mong_Khanazuun;x;
11586;99;9;26;FIC_Mong_Ulajagol;x;
11587;0;20;124;FIC_Mong_Nogoontoos;x;
11588;107;219;206;FIC_Mong_Urtolgod;x;
11589;35;56;54;FIC_Mong_Gantsaardal;x;
11590;33;102;39;FIC_Mong_Shargazar;x;
11591;122;141;191;FIC_Mong_Elsenurud;x;
11592;91;123;191;FIC_Mong_Shaqiu;x;
11593;30;96;57;FIC_Mong_Toostoigol;x;
11594;36;61;18;FIC_Mong_Khurtskhandii;x;
11595;86;82;49;FIC_Mong_Khiltsaiz;x;
11596;216;171;202;FIC_Mong_Nuurkhoid;x;
11597;226;15;0;FIC_Mong_Ergunegol;x;
11598;22;15;244;FIC_Mong_Tazimurekh;x;
11599;92;98;102;FIC_Mong_Mongotalbai;x;
11600;221;200;6;FIC_Mong_Tomorels;x;
11601;150;49;91;FIC_Mong_Gasimur;x;
11602;198;178;139;FIC_Mong_Shankortsol;x;
11603;64;74;188;FIC_Mong_Gasunur;x;
11604;74;74;91;FIC_Mong_Shilkagol;x;
11605;86;71;74;FIC_Mong_Arguntokhoi;x;
11606;50;55;107;FIC_Mong_Oyuulvzar;x;
11607;79;2;13;FIC_Mong_Emurgol;x;
11608;61;137;181;FIC_Mong_Huraalin;x;
11609;43;0;19;FIC_Mong_Banukhol;x;
11610;178;232;153;FIC_Mong_Banouhe;x;
11611;114;76;119;FIC_Mong_Kamaraekh;x;
11612;173;175;168;FIC_Mong_Ilkuriuul;x;
11613;102;114;183;FIC_Mong_Xiailehuli;x;
11614;38;16;248;FIC_Mong_Gaoxuanya;x;
11615;214;64;86;FIC_Mong_Hailarekh;x;
11616;8;104;214;FIC_Mong_Hailargol;x;
11617;228;160;255;FIC_Mong_Gangoluul;x;
11618;102;18;99;FIC_Mong_Nyurgol;x;
11619;29;44;119;FIC_Mong_Telburgol;x;
11620;14;84;145;FIC_Mong_Genhegol;x;
11621;99;191;172;FIC_Mong_Olanuur;x;
11622;63;58;33;Mong_Pibeihe;x;
11623;175;139;193;FIC_Mong_Oyuhulun;x;
11624;48;16;248;FIC_Mong_Khailangol;x;
11625;130;23;42;FIC_Mong_Kharbuir;x;
11626;94;130;85;FIC_Mong_Khalkagol;x;		###End of Eastern Mongolia
11627;61;66;53;FIC_Amur_Beihelin;x;			###Amur-Songhua pincer
11628;32;29;127;FIC_Amur_Humari;x;
11629;167;229;187;FIC_Amur_Yuancao;x;
11630;84;74;35;FIC_Amur_Hurka;x;
11631;62;159;224;FIC_Amur_Jialingxi;x;
11632;56;16;240;FIC_Amur_Jiapowo;x;
11633;22;155;204;FIC_Amur_Iskenhe;x;
11634;58;47;19;FIC_Amur_Ganyijiang;x;
11635;87;102;34;FIC_Amur_Ganhejiang;x;
11636;52;49;66;IMPASSABLE Nenjiang heights;x;
11637;22;87;119;FIC_Amur_Ganheyang;x;
11638;172;183;145;FIC_Amur_Jiahuangtou;x;
11639;28;150;134;FIC_Amur_Caoqiu;x;
11640;215;220;232;FIC_Amur_Xinener;x;
11641;128;96;153;FIC_Amur_Xinganling;x;
11642;119;183;169;FIC_Amur_Xianbeishan;x;
11643;181;216;229;FIC_Amur_Gaocaoer;x;
11644;177;221;66;FIC_Amur_Bailangtudi;x;
11645;145;114;181;FIC_Amur_Jindiaotudi;x;
11646;127;108;91;FIC_Amur_Baihetudi;x;
11647;101;142;51;FIC_Amur_Zhongnenjiang;x;
11648;72;16;244;FIC_Amur_Yalujiang;x;
11649;140;63;83;FIC_Amur_Jinshujiang;x;
11650;46;122;97;FIC_Amur_Jialuotuo;x;
11651;63;12;23;FIC_Amur_Nendadu;x;
11652;5;52;191;FIC_Amur_Jianali;x;
11653;223;219;224;FIC_Amur_Nalidu;x;
11654;79;45;33;Amur_Taizhou;x;
11655;92;170;162;FIC_Amur_Hongan;x;
11656;33;23;53;FIC_Amur_Shangwulu;x;
11657;168;62;136;Jiqin_Hari;x;
11658;56;15;21;FIC_Amur_Jiaruzhe;x;
11659;7;237;122;FIC_Amur_Xuduohubo;x;
11660;234;28;76;FIC_Amur_Dalukou;x;
11661;94;93;14;FIC_Amur_Ruzhejiang;x;
11662;155;87;148;FIC_Amur_Heyucun;x;
11663;82;234;140;FIC_Amur_Pilutidu;x;
11664;206;64;206;FIC_Amur_Dasenlin;x;
11665;160;112;123;FIC_Amur_Fanlinan;x;
11666;90;16;236;FIC_Amur_Nenshuide;x;
11667;26;68;33;FIC_Amur_Nenshidi;x;
11668;110;97;117;FIC_Amur_Nemorjiang;x;
11669;148;232;223;FIC_Amur_Jinshuhe;x;
11670;9;158;128;FIC_Amur_Xipuyu;x;
11671;206;128;143;Amur_Puyu;x;
11672;77;79;74;FIC_Amur_Fulunshan;x;
11673;94;37;33;FIC_Amur_Yemaotudi;x;
11674;31;94;117;FIC_Amur_Heisenlin;x;
11675;82;147;91;FIC_Amur_Linyuan;x;
11676;17;45;84;FIC_Amur_Yuanlin;x;
11677;155;167;170;FIC_Amur_Luhean;x;
11678;122;216;117;FIC_Amur_Xijiadamo;x;
11679;191;252;249;FIC_Amur_Xiaoqiu;x;
11680;247;214;185;Amur_Mergen;x;
11681;105;16;236;FIC_Amur_Dongweian;x;
11682;76;74;29;FIC_Amur_Jiashanbei;x;
11683;155;38;116;FIC_Amur_Lupingyuan;x;
11684;64;196;126;FIC_Amur_Yingsenlin;x;
11685;244;212;255;FIC_Amur_Yemantudi;x;
11686;19;44;51;FIC_Amur_Yerencao;x;
11687;102;90;168;FIC_Amur_Longcaoan;x;
11688;12;142;45;FIC_Amur_Heilonglin;x;
11689;224;38;180;FIC_Amur_Lindu;x;
11690;35;0;45;Amur_Suihua;x;
11691;80;201;96;FIC_Amur_Ilanshan;x;
11692;91;94;69;FIC_Amur_Haixidu;x;
11693;94;86;93;FIC_Amur_Senlincun;x;
11694;76;216;21;FIC_Amur_Helincun;x;
11695;219;43;64;Amur_Dazhou;x;
11696;4;243;247;FIC_Amur_Dahedu;x;
11697;188;189;224;FIC_Amur_Henghetieli;x;
11698;122;16;244;FIC_Amur_Yingcao;x;
11699;53;14;10;FIC_Amur_Fancao;x;
11700;90;79;145;FIC_Amur_Erliuyu;x;
11701;204;152;120;FIC_Amur_Cangcao;x;
11702;127;33;30;FIC_Amur_Gonghejiang;x;			###End of Amur-Songhua pincer
11703;112;129;165;FIC_Liao_Ulanulagai;x;			###Liaoning & Jilin areas
11704;1;17;248;FIC_Liao_Ulanuer;x;
11705;38;45;20;FIC_Liao_Charnoer;x;
11706;177;178;133;FIC_Liao_Xilin;x;
11707;166;216;153;Liao_Qingzhou;x;
11708;16;33;119;Liao_Huaizhou;x;
11709;162;75;193;Liao_Linhuang;x;
11710;68;61;89;Liao_Songzhanzhou;x;
11711;89;44;16;Liao_Zuzhou;x;
11712;49;89;63;Liao_Raozhou;x;
11713;18;76;75;FIC_Liao_Dalinuor;x;
11714;144;158;143;FIC_Liao_Hongdali;x;
11715;12;17;232;Liao_Yikunzhou;x;
11716;115;111;142;Liao_Fengzhou;x;
11717;82;47;112;Liao_Yungzhou;x;
11718;160;168;158;Liao_Gaozhou;x;
11719;178;30;52;Liao_Songshanzhou;x;
11720;39;58;43;Liao_Enzhou;x;
11721;139;195;244;Liao_Dading;x;
11722;158;137;150;FIC_Liao_Wuluan;x;
11723;85;137;102;FIC_Liao_Liquan;x;
11724;64;75;89;Liao_Wuzhou;x;
11725;23;30;24;FIC_Liao_Matudi;x;
11726;32;46;81;FIC_Liao_Baicaoer;x;
11727;83;112;21;FIC_Liao_Caoyuanan;x;
11728;33;30;45;FIC_Liao_Huopingan;x;
11729;80;191;180;FIC_Liao_Bayintailai;x;
11730;249;14;195;FIC_Liao_Zhanyu;x;
11731;68;24;57;Liao_Taonan;x;
11732;18;61;5;Liao_Fengzhou2;x;
11733;30;17;244;Liao_Ningzhou;x;
11734;107;178;74;Liao_Chunzhou;x;
11735;0;130;56;Liao_Changchun;x;
11736;73;34;107;Liao_Yizhou;x;
11737;191;99;204;FIC_Liao_Yumitudi;x;
11738;226;186;22;FIC_Liao_Heihorqin;x;
11739;122;61;76;FIC_Liao_Horqin;x;
11740;37;17;232;FIC_Liao_Shuangliao;x;
11741;90;135;133;Liao_Fengzhou3;x;
11742;252;116;175;Liao_Jizhou;x;
11743;30;32;81;Liao_Weizhou;x;
11744;1;158;79;Liao_Xiangzhou;x;
11745;59;117;142;Liao_Binzhou;x;
11746;247;187;238;Liao_Changchun2;x;
11747;11;33;9;Liao_Yongji;x;
11748;170;64;178;FIC_Liao_Quliuan;x;
11749;46;17;248;FIC_Liao_Fuyunan;x;
11750;18;40;5;FIC_Liao_Beichang;x;
11751;172;219;52;FIC_Liao_Hongfucun;x;
11752;96;83;89;Liao_Xinzhou;x;
11753;135;31;20;Liao_Jianzhou;x;
11754;51;17;248;Liao_Wuanzhou;x;
11755;109;96;83;Liao_Jiangshengzhou;x;
11756;114;42;5;Liao_Longhuazhou;x;
11757;124;111;116;Liao_Yizhou2;x;
11758;101;59;119;Liao_Chengzhou;x;
11759;56;147;4;Liao_Chaoyang;x;
11760;57;17;232;Liao_Liping;x;
11761;53;47;46;Liao_Chuanzhou;x;
11762;149;191;53;Liao_Xianzhou;x;
11763;186;190;226;Liao_Haibeizhou;x;
11764;23;89;10;Liao_Qianzhou;x;
11765;110;192;201;Liao_Liaozhou;x;
11766;63;17;236;Liao_Suizhou;x;
11767;196;190;193;Liao_Weizhou2;x;
11768;39;76;45;Liao_Fuzhou;x;
11769;25;61;7;Liao_Wuzhou2;x;
11770;175;92;47;Liao_Yuanzhou;x;
11771;71;89;74;Liao_Shuangzhou;x;
11772;69;17;240;Liao_Qianzhou2;x;
11773;54;62;150;Liao_Yizhou3;x;
11774;175;151;154;Liao_Jinzhou;x;
11775;42;41;56;Liao_Andefu;x;
11776;51;14;46;Liao_Xizhou;x;
11777;1;102;63;Liao_Suzhou;x;
11778;75;17;244;Liao_Tonghua;x;
11779;142;111;130;Liao_Fuzhou2;x;
11780;119;82;95;Liao_Xianzhou2;x;
11781;193;106;166;Liao_Qizhou;x;
11782;17;91;11;Liao_Yinzhou;x;
11783;40;79;99;Liao_Guangzhou;x;
11784;81;17;248;Liao_Tangzhou;x;
11785;255;146;119;Liao_Shenyang;x;
11786;198;78;3;Liao_Liaoyang;x;
11787;35;7;20;Liao_Haizhou;x;
11788;147;60;144;Liao_Yaozhou;x;
11789;166;21;214;Liao_Tongzhou;x;
11790;87;17;232;Liao_Zhenzhou;x;
11791;96;2;18;Liao_Fuping;x;
11792;82;42;84;Liao_Suning;x;
11793;76;26;38;FIC_Liao_Biliujiang;x;
11794;165;122;120;Liao_Diezhou;x;
11795;92;17;232;Liao_Kaizhou;x;
11796;10;48;42;Liao_Dandong;x;
11797;39;38;45;FIC_Liao_Shaozijiang;x;
11798;158;109;134;Liao_Xiyuan;x;
11799;4;25;68;Liao_Guidezhou;x;
11800;97;18;232;Liao_Fengcheng;x;
11801;19;48;38;Liao_Kuandianzi;x;
11802;45;79;65;Liao_Zhengzhou;x;
11803;83;90;104;FIC_Liao_Huangcaocun;x;
11804;146;216;17;FIC_Liao_Baichang;x;
11805;75;89;137;Liao_Huanzhou;x;
11806;184;190;211;Liao_Xijing;x;
11807;33;4;27;FIC_Liao_Yaluan;x;
11808;53;81;56;Liao_Hezhou;x;
11809;106;18;248;Liao_Changling;x;
11810;209;131;179;FIC_Liao_Moedu;x;
11811;109;80;25;FIC_Liao_Ximoan;x;
11812;144;92;209;Liao_Ningjiang;x;
11813;132;107;54;Liao_Mozhou;x;
11814;153;219;78;Liao_Gaozhou2;x;
11815;168;196;131;FIC_Liao_Xitielian;x;
11816;193;145;122;Liao_Delizhen;x;
11817;120;108;221;Liao_Yingzhou;x;
11818;115;18;244;FIC_Liao_Daguokuishan;x;
11819;132;137;110;FIC_Liao_Longfengshan;x;
11820;71;42;70;FIC_Liao_Suping;x;
11821;32;43;34;Liao_Suzhou2;x;
11822;38;45;18;FIC_Liao_Nansuan;x;
11823;158;170;155;FIC_Liao_Erdaojiang;x;
11824;62;49;71;Liao_Tangzhou2;x;
11825;49;76;17;FIC_Liao_Mudanjiang;x;
11826;4;12;155;FIC_Liao_Yingan;x;
11827;78;45;142;Liao_Bozhou;x;
11828;43;25;58;Liao_Shangjing;x;
11829;126;18;248;Liao_Sushen;x;
11830;70;234;229;Liao_Tongzhou2;x;
11831;139;175;159;FIC_Liao_Tumen;x;
11832;146;160;128;FIC_Liao_Yanji;x;
11833;134;131;147;Liao_Luzhou;x;
11834;237;192;221;Liao_Zhongjing;x;
11835;175;221;200;Liao_Fusong;x;
11836;50;34;112;FIC_Liao_Changbaishan;x;
11837;7;18;240;FIC_Liao_Tianchi;x;
11838;102;92;98;Liao_Xingzhou;x;
11839;132;55;14;FIC_Liao_Helong;x;
11840;81;57;48;Liao_Luzhou2;x;
11841;96;147;99;Liao_Tianqing;x;
11842;45;175;141;Liao_Nanjing;x;
11843;249;162;226;FIC_Liao_Nanhaikou;x;
11844;6;89;83;Liao_Fengzhou4;x;
11845;79;31;7;FIC_Liao_Nandongkou;x;
11846;16;18;236;Liao_Helan;x;
11847;38;109;147;Liao_Wanhaifu;x;
11848;38;119;107;Liao_Dongjing;x;
11849;201;134;192;Liao_Lungyuanfu;x;
11850;131;66;163;FIC_Liao_Huanghekou;x;
11851;39;162;196;Liao_Jianzhou2;x;
11852;135;29;13;FIC_Liao_Tongan;x;
11853;142;111;84;FIC_Liao_Qingquan;x;			###End of Liaoning & Jilin areas
11854;86;99;30;EMan_Huligai;x;			###Eastern Manchuria
11855;25;18;232;FIC_EMan_Zhongtieli;x;
11856;5;19;33;FIC_EMan_Dongying;x;
11857;14;48;99;FIC_EMan_Hulilusean;x;
11858;242;208;191;FIC_EMan_Baihuaicun;x;
11859;111;174;219;FIC_EMan_Songhuajiang;x;
11860;226;132;54;FIC_EMan_Huaicao;x;
11861;43;145;102;FIC_EMan_Qiligashan;x;
11862;33;13;31;FIC_EMan_Heihubo;x;
11863;124;193;63;FIC_EMan_Huanghuai;x;
11864;168;234;224;FIC_EMan_Dacun;x;
11865;67;90;124;FIC_EMan_Beihuaicun;x;
11866;36;18;236;FIC_EMan_Nanshuian;x;
11867;73;73;19;FIC_EMan_Alimenan;x;
11868;17;25;15;FIC_EMan_Naolijiang;x;
11869;57;14;117;FIC_EMan_Beidongan;x;
11870;119;76;80;EMan_Yizhou;x;
11871;135;130;175;EMan_Jixi;x;
11872;147;133;110;FIC_EMan_Dongxian;x;
11873;175;39;39;FIC_EMan_Nanxingkai;x;
11874;6;0;201;FIC_EMan_Xuduohe;x;
11875;31;56;3;FIC_EMan_Dongxingkai;x;
11876;46;18;236;EMan_Supin;x;
11877;128;221;134;EMan_Boli;x;
11878;38;15;17;FIC_EMan_Wuguijiang;x;
11879;158;47;25;FIC_EMan_Yemanshui;x;
11880;201;229;149;FIC_EMan_Shangkhor;x;
11881;22;56;10;EMan_Molihewen;x;
11882;247;197;0;FIC_EMan_Heishanan;x;
11883;164;173;154;FIC_EMan_Beihean;x;
11884;244;216;166;FIC_EMan_Heishuiyang;x;
11885;168;178;89;FIC_EMan_Shuishanpu;x;
11886;173;165;186;FIC_EMan_Xiaoheijiang;x;
11887;57;18;240;FIC_EMan_Wuguihai;x;
11888;99;151;163;FIC_EMan_Elejiang;x;
11889;158;119;61;FIC_EMan_Shuilinhai;x;
11890;93;30;171;FIC_EMan_Yozejiang;x;
11891;147;134;131;FIC_EMan_Bixinshang;x;
11892;128;32;163;FIC_EMan_Yerenhe;x;
11893;124;128;150;FIC_EMan_Mohean;x;
11894;28;7;25;FIC_EMan_Khorhe;x;
11895;76;18;201;FIC_EMan_Bixinjiang;x;
11896;66;18;236;FIC_EMan_Alimenyang;x;
11897;97;97;124;FIC_EMan_Zhonganyuan;x;
11898;0;18;84;FIC_EMan_Dongning;x;
11899;13;35;12;EMan_Ningzhou;x;
11900;74;23;86;FIC_EMan_Qingshancun;x;
11901;178;177;221;FIC_EMan_Huangyuan;x;
11902;216;214;212;FIC_EMan_Beiqiulin;x;
11903;76;7;34;FIC_EMan_Heizhuhai;x;
11904;234;49;89;FIC_EMan_Zhenzhuhai;x;
11905;166;181;172;EMan_Anzhou;x;
11906;76;19;236;FIC_EMan_Silata_an;x;
11907;9;160;148;FIC_EMan_Luseqiu;x;
11908;41;47;94;FIC_EMan_Sanhean;x;
11909;33;119;96;FIC_EMan_Shanganjugu;x;
11910;4;25;56;FIC_EMan_Dinglian;x;
11911;173;76;108;EMan_Dingzhou;x;
11912;247;195;158;EMan_Yongmingcheng;x;
11913;164;134;165;EMan_Huazhou;x;
11914;56;20;48;FIC_EMan_Shuaibinan;x;			###End of Eastern Manchuria
11915;89;90;91;river_amur;x;
11916;86;19;236;river_amur;x;
11917;87;19;240;river_amur;x;
11918;88;19;244;river_amur;x;
11919;89;19;248;river_amur;x;
11920;90;19;232;river_amur;x;
11921;91;19;236;river_amur;x;
11922;92;19;240;river_amur;x;
11923;93;19;244;river_amur;x;
11924;94;19;248;river_amur;x;
11925;95;19;232;river_songhua;x;
11926;96;19;236;river_songhua;x;
11927;97;19;240;river_songhua;x;
11928;98;19;244;river_songhua;x;
11929;121;116;74;FIC_Liao_Nanmoan;x;
11930;12;27;12;IMPASSABLE Mongolian wasteland 1;x;
11931;101;19;236;IMPASSABLE Mongolian wasteland 2;x;
11932;21;87;23;IMPASSABLE Mongolian wasteland 3;x;
11933;103;19;244;river_yellow;x;			###Beginning of north China
11934;29;67;76;river_yellow;x;
11935;49;43;45;river_yellow;x;
11936;94;13;29;river_yellow;x;
11937;26;16;84;river_yellow;x;
11938;108;19;244;river_yellow;x;
11939;147;25;49;river_yellow;x;
11940;43;29;66;river_yellow;x;
11941;111;19;236;;x;
11942;112;52;84;LAKES North Shanxi;x;
11943;112;117;73;;x;
11944;114;19;248;IMPASSABLE Hebei mountains 1;x;
11945;56;55;50;IMPASSABLE Hebei mountains 2;x;
11946;96;229;196;;x;
11947;119;107;122;;x;
11948;118;19;244;IMPASSABLE Inner Mongolia mountains 2;x;
11949;158;39;51;;x;
11950;149;153;148;;x;
11951;121;19;236;;x;
11952;28;26;8;;x;
11953;177;204;219;;x;
11954;49;56;14;;x;
11955;36;45;39;;x;
11956;126;19;236;;x;
11957;245;108;247;;x;
11958;50;119;61;;x;
11959;53;30;37;;x;
11960;3;19;232;;x;
11961;110;114;112;;x;
11962;216;95;117;;x;
11963;135;88;244;;x;
11964;216;177;206;;x;
11965;8;19;232;;x;
11966;9;19;236;;x;
11967;68;62;31;;x;
11968;222;247;224;;x;
11969;64;144;158;;x;
11970;59;86;26;;x;
11971;14;19;236;;x;
11972;14;15;11;;x;
11973;247;19;133;;x;
11974;17;19;248;;x;
11975;122;114;26;;x;
11976;19;19;236;;x;
11977;79;9;55;;x;
11978;37;118;188;;x;
11979;168;159;75;;x;
11980;93;205;211;;x;
11981;140;124;75;;x;
11982;172;167;201;;x;
11983;26;19;244;;x;
11984;25;22;150;;x;
11985;26;53;50;;x;
11986;157;147;158;;x;
11987;77;86;109;;x;
11988;243;242;249;;x;
11989;8;33;32;;x;
11990;125;163;154;;x;
11991;150;206;76;;x;
11992;35;19;240;;x;
11993;17;6;15;;x;
11994;43;40;38;;x;
11995;71;38;58;;x;
11996;109;72;41;;x;
11997;78;117;26;;x;
11998;45;147;11;;x;
11999;42;19;248;;x;
12000;181;178;117;;x;
12001;27;131;229;;x;
12002;34;22;51;;x;
12003;53;0;26;;x;
12004;8;43;45;;x;
12005;191;95;117;;x;
12006;49;20;236;;x;
12007;226;120;196;;x;
12008;192;207;247;;x;
12009;140;9;120;;x;
12010;158;201;143;;x;
12011;66;79;64;;x;
12012;179;206;179;;x;
12013;56;20;244;;x;
12014;191;131;239;;x;
12015;87;97;104;;x;
12016;43;45;32;;x;
12017;35;53;142;;x;
12018;135;131;125;;x;
12019;40;39;38;;x;
12020;43;102;49;;x;
12021;64;20;236;;x;
12022;81;51;32;;x;
12023;183;71;49;;x;
12024;40;255;69;;x;
12025;103;124;106;;x;
12026;190;255;160;;x;
12027;0;43;86;;x;
12028;63;56;4;;x;
12029;72;20;248;;x;
12030;183;229;193;;x;
12031;4;68;65;;x;
12032;104;83;100;;x;
12033;120;39;249;;x;
12034;122;44;93;;x;
12035;167;28;237;;x;
12036;155;154;104;;x;
12037;80;20;240;;x;
12038;89;135;134;;x;
12039;243;196;252;;x;
12040;30;38;22;;x;
12041;27;19;28;;x;
12042;130;50;119;;x;
12043;30;170;161;;x;
12044;109;1;40;;x;
12045;88;20;232;;x;
12046;165;128;116;;x;
12047;204;87;95;;x;
12048;232;201;217;;x;
12049;117;79;86;;x;
12050;35;31;7;;x;
12051;122;62;6;;x;
12052;33;25;23;;x;
12053;51;53;47;;x;
12054;139;81;181;;x;
12055;114;77;183;;x;
12056;102;112;79;;x;
12057;100;20;240;;x;
12058;163;79;102;;x;
12059;214;112;92;;x;
12060;226;35;18;;x;
12061;130;117;94;;x;
12062;183;181;179;;x;
12063;106;20;244;;x;
12064;92;91;99;;x;
12065;64;150;73;;x;
12066;91;198;49;;x;
12067;49;40;51;;x;
12068;226;167;197;;x;
12069;112;20;248;;x;
12070;79;61;33;;x;
12071;38;114;33;;x;
12072;91;145;140;;x;
12073;170;189;247;;x;
12074;211;208;198;;x;
12075;231;207;247;;x;
12076;119;20;236;;x;
12077;26;13;124;;x;
12078;41;150;209;;x;
12079;209;214;68;;x;
12080;163;188;120;;x;
12081;55;53;94;;x;
12082;41;43;39;;x;
12083;126;20;244;;x;
12084;130;128;127;;x;
12085;19;73;21;;x;
12086;33;45;43;;x;
12087;226;154;152;;x;
12088;62;81;71;;x;
12089;31;58;0;;x;
12090;84;107;56;;x;
12091;7;20;236;;x;
12092;17;148;163;;x;
12093;112;3;37;;x;
12094;56;106;119;;x;
12095;11;20;232;;x;
12096;211;184;187;;x;
12097;74;107;101;;x;
12098;244;239;176;;x;
12099;89;18;52;;x;
12100;113;111;122;;x;
12101;163;224;186;;x;
12102;58;45;13;;x;
12103;53;81;54;;x;
12104;20;21;248;;x;
12105;52;42;58;;x;
12106;89;65;86;;x;
12107;89;80;56;;x;
12108;123;111;132;;x;
12109;115;83;178;;x;
12110;12;23;53;;x;
12111;87;198;7;;x;
12112;63;90;147;;x;
12113;29;21;244;;x;
12114;124;163;168;;x;
12115;51;47;46;;x;
12116;32;21;236;;x;
12117;56;63;76;;x;
12118;218;13;229;;x;
12119;135;150;21;;x;
12120;71;62;65;;x;
12121;201;67;232;;x;
12122;93;95;104;;x;
12123;106;80;114;;x;
12124;35;43;34;;x;
12125;127;44;115;;x;
12126;255;253;158;;x;
12127;43;21;240;;x;
12128;204;128;166;;x;
12129;90;99;94;;x;
12130;61;12;50;;x;
12131;186;123;115;;x;
12132;47;188;70;;x;
12133;192;46;211;;x;
12134;53;37;11;;x;
12135;78;112;206;;x;
12136;25;3;10;;x;
12137;156;113;226;;x;
12138;196;255;68;;x;
12139;55;21;248;;x;
12140;224;197;218;;x;
12141;84;25;96;;x;
12142;45;11;48;;x;
12143;252;68;40;;x;
12144;35;18;12;;x;
12145;61;21;232;;x;
12146;175;101;95;;x;
12147;225;234;231;;x;
12148;35;27;20;;x;
12149;26;3;51;;x;
12150;132;50;55;;x;
12151;112;12;30;;x;
12152;19;109;33;;x;
12153;66;60;51;;x;
12154;214;206;205;;x;
12155;71;21;232;;x;
12156;20;30;61;;x;
12157;57;55;58;;x;
12158;219;239;215;;x;
12159;38;37;33;;x;
12160;170;131;23;;x;
12161;33;7;12;;x;
12162;158;141;102;;x;
12163;35;17;43;;x;
12164;201;153;232;;x;
12165;53;34;46;;x;
12166;82;21;236;;x;
12167;127;142;91;;x;
12168;116;170;147;;x;
12169;167;239;11;;x;
12170;101;39;112;CirLNJ_Baihua;x;
12171;177;86;63;;x;
12172;33;61;15;CirLNJ_Changping;x;
12173;89;21;244;;x;
12174;180;237;37;CirLNJ_Xingtang;x;
12175;196;116;66;;x;
12176;124;142;112;CirLNJ_Jintao;x;
12177;23;43;33;CirLNJ_Yuyang;x;
12178;34;150;90;;x;
12179;112;48;137;;x;
12180;22;158;85;;x;
12181;97;21;236;;x;
12182;183;124;183;;x;
12183;88;141;147;;x;
12184;73;68;70;;x;
12185;132;107;39;;x;
12186;102;21;236;;x;
12187;165;145;157;;x;
12188;0;201;26;;x;
12189;10;38;216;;x;
12190;121;170;168;;x;
12191;119;26;101;;x;
12192;21;38;219;;x;
12193;18;2;71;;x;
12194;80;114;88;;x;
12195;139;215;221;;x;
12196;112;21;236;;x;
12197;145;108;49;;x;
12198;33;0;31;;x;
12199;137;244;155;;x;
12200;72;145;96;;x;
12201;84;65;62;;x;
12202;193;44;178;;x;
12203;84;122;59;;x;
12204;237;237;247;;x;
12205;28;26;33;;x;
12206;122;22;236;;x;
12207;201;209;186;;x;
12208;140;65;60;;x;
12209;55;25;81;;x;
12210;126;22;232;;x;
12211;173;119;43;;x;
12212;226;108;102;;x;
12213;68;55;58;;x;
12214;105;117;102;;x;
12215;17;28;25;;x;
12216;178;181;141;;x;
12217;82;165;175;;x;
12218;160;16;54;;x;
12219;43;40;33;;x;
12220;41;128;158;;x;
12221;237;214;130;;x;
12222;214;226;181;;x;
12223;167;166;168;;x;
12224;221;177;218;;x;
12225;14;22;232;;x;
12226;191;99;130;;x;
12227;107;91;28;;x;
12228;198;15;61;;x;
12229;19;109;16;;x;
12230;81;150;112;;x;
12231;66;91;55;;x;
12232;171;206;191;;x;
12233;22;22;244;;x;
12234;19;25;66;;x;
12235;94;49;34;;x;
12236;94;196;106;;x;
12237;69;94;45;;x;
12238;230;242;241;;x;
12239;239;239;222;;x;
12240;67;124;115;;x;
12241;30;22;236;;x;
12242;204;193;199;;x;
12243;94;34;23;;x;
12244;0;16;86;;x;
12245;79;63;58;;x;
12246;58;33;21;;x;
12247;177;181;180;CirHedong_Huoxi;x;
12248;142;38;118;;x;
12249;38;22;248;;x;
12250;3;119;40;;x;
12251;3;153;128;;x;
12252;25;170;115;;x;
12253;232;148;156;;x;
12254;163;124;76;;x;
12255;29;48;33;;x;
12256;56;105;145;;x;
12257;94;108;127;;x;
12258;47;22;244;;x;
12259;221;22;65;;x;
12260;163;141;31;;x;
12261;155;20;151;;x;
12262;87;186;126;;x;
12263;38;16;14;;x;
12264;178;232;18;;x;
12265;111;132;80;;x;
12266;122;145;111;;x;
12267;124;126;178;;x;
12268;57;22;244;;x;
12269;100;114;135;;x;
12270;65;4;247;;x;
12271;153;120;96;;x;
12272;156;153;158;;x;
12273;5;24;51;;x;
12274;38;44;224;;x;
12275;47;124;118;;x;
12276;105;157;209;;x;
12277;35;211;112;;x;
12278;9;8;58;;x;
12279;68;22;248;;x;
12280;142;125;153;;x;
12281;190;190;224;;x;
12282;144;155;80;;x;
12283;176;137;188;;x;
12284;158;67;149;;x;
12285;121;168;94;;x;
12286;75;22;236;;x;
12287;107;80;33;;x;
12288;186;184;102;;x;
12289;175;100;131;;x;
12290;22;137;191;;x;
12291;127;40;55;;x;
12292;37;40;34;;x;
12293;175;128;171;;x;
12294;62;91;96;;x;
12295;193;226;183;;x;
12296;85;22;236;;x;
12297;99;6;2;;x;
12298;34;53;52;;x;
12299;145;137;98;;x;
12300;188;120;30;;x;
12301;239;239;108;;x;
12302;102;96;109;;x;
12303;132;71;77;;x;
12304;93;23;248;;x;
12305;135;44;115;;x;
12306;22;16;58;;x;
12307;53;81;38;;x;
12308;145;143;144;;x;
12309;151;216;67;;x;
12310;232;244;173;;x;
12311;80;89;2;;x;
12312;204;198;209;;x;
12313;150;89;48;;x;
12314;103;23;248;;x;
12315;71;62;12;;x;
12316;29;35;28;;x;
12317;61;0;66;;x;
12318;82;130;23;;x;
12319;158;60;66;;x;
12320;68;21;0;;x;
12321;150;145;121;;x;
12322;53;31;44;;x;
12323;107;73;104;;x;
12324;113;23;248;;x;
12325;122;49;25;;x;
12326;78;9;135;;x;
12327;127;117;110;;x;
12328;104;79;92;;x;
12329;49;47;66;;x;
12330;232;128;88;;x;
12331;66;59;27;;x;
12332;121;23;240;;x;
12333;117;106;109;;x;
12334;24;28;17;;x;
12335;25;132;41;;x;
12336;108;252;130;;x;
12337;220;222;226;;x;
12338;126;127;42;;x;
12339;54;127;56;CirQF_Dongheqiao;x;
12340;249;0;158;;x;
12341;153;193;159;;x;
12342;4;23;240;;x;
12343;145;214;128;;x;
12344;153;62;44;;x;
12345;175;166;158;;x;
12346;156;173;152;;x;
12347;239;224;124;;x;
12348;23;61;158;CirQF_Tongxiahai;x;
12349;12;161;242;CirQF_Xiaoguan;x;
12350;164;175;154;;x;
12351;13;23;236;CirQF_Suirongbao;x;
12352;166;214;132;CirQF_Tonganzhai;x;
12353;224;51;91;CirQF_Zhonganbao;x;
12354;68;63;38;CirQF_Zhipingbao;x;
12355;66;59;64;CirQF_Anhua;x;
12356;114;104;113;CirQF_Langxinguan;x;
12357;117;115;24;CirQF_Yefangbao;x;
12358;8;35;8;CirQF_Dengcheng;x;
12359;76;116;124;CirQF_Tianshui;x;
12360;22;230;232;CirQF_Gangu;x;
12361;19;35;24;CirQF_Yanguan;x;
12362;63;47;132;CirQF_Luchanzhai;x;
12363;107;211;105;CirQF_Liting;x;
12364;211;195;221;CirQF_Pingluo;x;
12365;29;155;61;CirQF_Yongning;x;
12366;24;3;61;CirQF_Longxi;x;
12367;29;23;240;CirQF_Weiyuanbao;x;
12368;93;75;209;CirQF_Dingxi;x;
12369;60;46;68;;x;
12370;202;102;204;;x;
12371;61;55;68;;x;
12372;35;27;71;;x;
12373;15;173;175;;x;
12374;36;23;248;;x;
12375;103;107;65;;x;
12376;238;237;242;;x;
12377;169;146;232;;x;
12378;160;125;147;;x;
12379;22;14;51;;x;
12380;252;40;96;;x;
12381;86;31;46;;x;
12382;44;23;240;;x;
12383;134;126;252;;x;
12384;15;137;15;;x;
12385;84;127;122;;x;
12386;18;204;237;CirLXJ_Dongshengzhou;x;
12387;226;99;24;CirLXJ_Xuande;x;
12388;64;130;59;;x;
12389;134;113;140;;x;
12390;52;23;232;;x;
12391;10;58;252;CirLXJ_Zhenwu;x;
12392;35;43;38;CirLXJ_Heicheng;x;
12393;131;211;167;CirLXJ_Heishabao;x;
12394;185;153;252;CirLXJ_Wulanchabu;x;
12395;49;47;58;CirLXJ_Chayouqian;x;
12396;95;99;107;CirLXJ_Shanyu;x;
12397;6;68;1;;x;
12398;96;66;91;CirLXJ_Anbei;x;
12399;14;175;162;;x;
12400;162;24;232;;x;
12401;28;20;173;CirLXJ_Zhangjiakou;x;
12402;186;240;242;CirLXJ_Tuncheng;x;
12403;239;229;28;CirLXJ_Longmen;x;
12404;135;86;37;CirLXJ_Wangyun;x;
12405;131;135;91;CirLXJ_Jinshan;x;
12406;53;72;114;CirLXJ_Yangcheng;x;
12407;31;15;73;CirLXJ_Yunyudi;x;
12408;148;116;170;CirLXJ_Lilingtaiyi;x;
12409;55;52;76;CirLXJ_Dongting;x;
12410;58;73;65;CirLXJ_Nanpo;x;
12411;25;130;9;CirLXJ_Huanzhou;x;
12412;56;120;193;CirLXJ_Banchangzhou;x;
12413;75;24;244;CirLXJ_Kangbao;x;
12414;76;245;248;CirLXJ_Xianhuang;x;
12415;100;204;79;CirLZJ_Chaolijiang;x;
12416;19;73;173;CirLZJ_Xuefang;x;
12417;25;53;38;CirLZJ_Liuheting;x;
12418;80;24;244;CirLZJ_Xinghua;x;
12419;132;64;63;CirLZJ_Luanhe;x;
12420;30;109;72;CirLZJ_Qinglonghe;x;
12421;99;87;90;CirLZJ_Longtan;x;
12422;206;213;229;CirLZJ_Qinhuangdao;x;
12423;84;34;89;CirLZJ_Fusu;x;
12424;3;43;38;CirLZJ_Yuhejing;x;
12425;17;71;132;CirLZJ_Luexiating;x;
12426;38;23;155;CirLZJ_Chengde;x;
12427;130;60;3;CirLZJ_Jianting;x;
12428;15;40;14;CirLZJ_Caodangzhen;x;
12429;56;33;86;CirLZJ_Beian;x;
12430;92;24;232;CirLZJ_Yudaokou;x;
12431;184;52;224;IMPASSABLE MANCHURIA;x;
12432;21;70;231;FIC_Amur_Birigugda;x;
12433;92;83;17;FIC_Amur_Birija;x;
12434;58;230;140;FIC_Amur_Uroure;x;
12435;209;158;113;FIC_Amur_Turma;x;
12436;240;82;133;FIC_Amur_Oronmu;x;
12437;22;143;117;FIC_Amur_Nimen;x;
12438;196;184;158;FIC_Amur_Hara;x;
12439;127;101;154;FIC_Amur_Vandarin;x;
12440;198;255;221;;x;
12441;114;12;33;;x;
12442;41;150;160;;x;
12443;96;252;35;;x;
12444;201;113;242;;x;
12445;52;102;41;;x;
12446;48;24;30;;x;
12447;55;20;56;;x;
12448;100;165;1;;x;
12449;37;11;48;;x; # CirHuD_Huai_an
12450;2;218;221;;x; # CirHuD_Yancheng
12451;142;135;112;;x;
12452;51;71;40;;x;
12453;88;102;80;;x;		###North China end
12454;116;24;248;FIC_EMan_Bao;x;			###Manchuria pt2
12455;71;95;104;FIC_EMan_Senkele;x;
12456;88;119;116;FIC_EMan_Melersuki;x;
12457;53;50;46;FIC_EMan_Silbaki;x;
12458;160;170;157;FIC_EMan_Kamer;x;
12459;4;63;54;FIC_EMan_Ekiti;x;
12460;11;35;130;EMan_Nurgan;x;
12461;224;210;219;FIC_EMan_Chlya;x;
12462;17;160;151;FIC_EMan_Orel;x;
12463;13;53;34;FIC_EMan_Amgun;x;
12464;137;113;97;FIC_EMan_Henkon;x;
12465;32;35;25;FIC_EMan_Chagal;x;
12466;193;155;247;FIC_EMan_Pilda;x;
12467;62;107;242;FIC_EMan_Kerin;x;
12468;169;170;167;FIC_EMan_Usalgin;x;
12469;204;204;161;FIC_EMan_Tugur;x;
12470;102;41;87;FIC_EMan_Ymila;x;
12471;96;91;80;FIC_EMan_Imelen;x;
12472;105;191;55;FIC_EMan_Yam_Alin;x;
12473;82;112;23;FIC_EMan_Dusse_Alin;x;
12474;182;127;219;FIC_EMan_Khadul;x;
12475;103;102;104;FIC_EMan_Chayatin;x;
12476;99;149;211;FIC_EMan_Evoron;x;
12477;133;242;87;FIC_EMan_Bureya;x;
12478;48;42;79;FIC_EMan_Tudali;x;
12479;129;142;130;FIC_EMan_Bolon;x;
12480;52;130;1;FIC_EMan_Uada_Alin;x;
12481;69;82;155;FIC_EMan_Choripi;x;
12482;21;35;14;FIC_EMan_Kuru;x;
12483;18;24;244;IMPASSABLE North East Manchuria mountain 1;x;
12484;19;24;248;IMPASSABLE North East Manchuria mountain 2;x;
12485;20;24;232;IMPASSABLE North East Manchuria mountain 3;x;
12486;21;24;236;;x;			###End of Manchuria pt2
12487;22;24;240;LAKE Philippines lakes north;x;			###Start of Philippines pt 2
12488;45;29;170;LAKE Philippines lake south;x;
12489;24;24;248;IMPASSABLE Philippines Luzon Mountains 1;x;
12490;80;107;80;IMPASSABLE Philippines Luzon Mountains 2;x;
12491;63;73;48;IMPASSABLE Philippines Luzon Mountains 3;x;
12492;85;68;94;IMPASSABLE Philippines Luzon Mountains 4;x;
12493;7;14;40;IMPASSABLE Philippines Luzon Mountains 5;x;
12494;29;24;248;IMPASSABLE Philippines Mindanao Mountains 1;x;
12495;159;225;242;IMPASSABLE Philippines Mindanao Mountains 2;x;
12496;47;58;99;IMPASSABLE Philippines Mindanao Mountains 3;x;
12497;135;39;127;IMPASSABLE Philippines Mindoro Mountains 1;x;
12498;135;155;48;IMPASSABLE Philippines Mindanao Mountains 4;x;
12499;109;93;97;IMPASSABLE Philippines Mindanao Mountains 5;x;
12500;73;135;14;IMPASSABLE Philippines Mindanao Mountains 6;x;			###End of Philippines pt 2
12501;147;184;198;Chiang Rai;x;
12502;255;190;122;Nan;x;
12503;165;204;255;Sainyabuli;x;
12504;150;116;155;Chakangrao;x;
12505;236;196;255;Uthai_Thani;x;
12506;214;109;179;Binh_Long_2;x;
12507;145;113;214;Binh_Long_3;x;
12508;255;97;53;Zuining_Ayue_2;x;
12509;115;160;160;Nghe_An_2;x;
12510;224;190;219;Banh_It;x;
12511;201;181;221;Dong Si Mahosot;x;
12512;255;178;209;Canasapura;x;
12513;255;90;68;river_mekong;x;
12514;255;215;155;river_mekong;x;
12515;248;211;255;river_mekong;x;
12516;165;168;255;river_tonle_sap;x;
12517;255;201;206;river_tonle_sap;x;
12518;236;232;255;river_tonle_sap;x;
12519;166;255;124;river_tonle_sap;x;
12520;248;255;211;Annamite_Range;x;
12521;255;155;102;Viet_Mountains_2;x;
12522;255;170;228;Viet_Mountains_3;x;
12523;160;117;255;Viet_Mountains_4;x;
12524;183;255;233;Viet_Mountains_5;x;
12525;186;197;255;river_mekong;x;
12526;51;87;73;Riau;x;
12527;204;224;255;river_mekong;x;
12528;102;255;94;river_mekong;x;
12529;150;214;255;river_mekong;x;
12530;189;255;142;river_mun;x;
12531;255;178;175;river_mun;x;
12532;191;243;255;river_mun;x;
12533;225;160;255;river_mun;x;
12534;145;140;255;;x;
12535;255;247;226;;x;
12536;255;99;156;;x;
12537;127;255;136;;x;
12538;255;251;58;;x;
12539;76;222;255;;x;
12540;129;207;33;Chiang Coeng;x;
12541;215;76;82;Muang Sing;x;
12542;88;13;100;Muang Fuang;x;
12543;26;133;105;Muang Khoun;x;
12544;76;76;141;Lincang;x;
12545;12;70;29;Tra Lan;x;
12546;220;255;96;river_pearl;x;
12547;175;255;228;river_pearl;x;
12548;214;178;255;river_pearl;x;
12549;124;255;224;river_pearl;x;
12550;145;174;200;sea_pacific_ocean;x;
12551;109;60;137;LAKES JPN;x;
12552;45;94;21;GOBI_Ikh_Nart;x;			#Start of eastern Gobi corridor
12553;117;14;248;GOBI_Khulugur;x;
12554;0;50;252;GOBI_Burdene_Bulag;x;
12555;26;117;93;GOBI_Miggan;x;
12556;153;111;121;GOBI_Sishajiang;x;
12557;244;166;217;GOBI_Liaoli;x;
12558;120;158;126;GOBI_Iren;x;
12559;52;121;122;GOBI_Altan_Uul;x;
12560;247;187;215;GOBI_Aibakha;x;
12561;112;17;82;GOBI_Khatan_Suudal;x;
12562;100;150;43;GOBI_Gurvan_Saikhan;x;
12563;97;41;147;GOBI_Gashunn;x;
12564;26;68;107;GOBI_Deed_Ongi;x;
12565;62;102;92;GOBI_Dood_Ongi;x;
12566;114;41;106;GOBI_Ulaan_Nuur;x;
12567;122;196;49;GOBI_Bayanzag;x;
12568;127;110;73;GOBI_Ochikhi;x;
12569;29;193;29;GOBI_Burgasutai;x;
12570;77;186;182;GOBI_Durma;x;
12571;175;52;60;GOBI_Elsuul;x;
12572;137;110;11;GOBI_Kur_Chagan;x;
12573;170;141;104;GOBI_Abakhanar;x;			#End of eastern Gobi corridor
12574;87;135;150;sea_tungur_bay;x; 				### Beginning of East Asia sea provs
12575;110;186;165;sea_mamiya_strait;x;
12576;75;194;200;sea_japan_basin;x;
12577;93;144;196;sea_japan_basin;x;
12578;121;124;217;sea_japan_basin;x;
12579;86;103;165;sea_japan_basin;x;
12580;78;58;191;sea_japan_basin;x;
12581;33;143;212;sea_japan_basin;x;
12582;54;192;222;sea_japan_basin;x;
12583;99;93;243;sea_japan_basin;x;
12584;94;137;225;sea_japan_basin;x;
12585;90;82;195;sea_japan_basin;x;
12586;62;183;170;sea_tsugaru_strait;x;
12587;92;136;180;sea_yamato_basin;x;
12588;80;110;169;sea_yamato_basin;x;
12589;87;70;163;sea_yamato_basin;x;
12590;63;30;212;sea_yamato_basin;x;
12591;74;117;157;sea_tsushima_basin;x;
12592;98;70;218;sea_tsushima_basin;x;
12593;99;82;218;sea_tsushima_basin;x;
12594;47;170;211;sea_east_korea_bay;x;
12595;3;25;232;sea_korea_strait;x;
12596;140;25;236;sea_korea_strait;x;
12597;5;225;240;sea_yellow_sea;x;
12598;106;25;244;sea_yellow_sea;x;
12599;7;25;48;sea_yellow_sea;x;
12600;208;26;232;sea_yellow_sea;x;
12601;99;126;236;sea_yellow_sea;x;
12602;170;26;240;sea_yellow_sea;x;
12603;11;26;244;sea_yellow_sea;x;
12604;212;226;248;sea_yellow_sea;x;
12605;13;26;232;sea_korean_bay;x;
12606;14;246;236;sea_bohai_strait;x;
12607;15;26;240;sea_laizhou_bay;x;
12608;116;126;244;sea_bohai_bay;x;
12609;175;236;248;sea_liaodong_bay;x;
12610;18;26;232;sea_seto_naikai;x;
12611;190;26;236;sea_seto_naikai;x;
12612;20;26;240;sea_seto_naikai;x;
12613;210;26;244;sea_east_china;x;
12614;212;216;248;sea_east_china;x;
12615;230;126;232;sea_east_china;x;
12616;24;26;236;sea_east_china;x;
12617;95;50;240;sea_east_china;x;
12618;26;26;244;sea_east_china;x;
12619;247;26;48;sea_east_china;x;
12620;83;82;215;sea_east_china;x;
12621;229;126;236;sea_east_china;x;
12622;130;200;240;sea_hangzhou_bay;x;
12623;31;26;244;sea_taiwan_strait;x;
12624;132;126;244;sea_taiwan_strait;x;
12625;33;26;232;sea_luzon_strait;x;
12626;134;226;236;sea_west_philippine;x;
12627;35;26;240;sea_west_philippine;x;
12628;136;216;244;sea_west_philippine;x;
12629;37;226;248;sea_west_philippine;x;
12630;38;26;232;sea_philippine;x;
12631;139;126;236;sea_philippine;x;
12632;240;26;240;sea_philippine;x;
12633;41;26;244;sea_philippine;x;
12634;242;26;248;sea_philippine;x;
12635;243;226;232;sea_philippine;x;
12636;144;226;236;sea_philippine;x;
12637;45;26;240;sea_philippine;x;
12638;146;126;244;sea_philippine;x;
12639;47;26;248;sea_philippine;x;
12640;48;126;232;sea_philippine;x;
12641;149;126;136;sea_philippine;x;
12642;49;26;236;sea_philippine;x;
12643;51;26;144;sea_lamon_bay;x;
12644;52;26;48;sea_lagonoy_gulf;x;
12645;53;126;232;sea_ariake;x;
12646;254;26;236;sea_kagoshima_bay;x;
12647;155;26;240;sea_hyuga;x;
12648;56;26;244;sea_tosa_bay;x;
12649;157;126;248;sea_kumano;x;
12650;58;26;232;sea_enshu;x;
12651;159;126;236;sea_suruga_bay;x;
12652;60;26;140;sea_pacific_ocean;x;
12653;61;126;244;sea_pacific_ocean;x;
12654;62;126;248;sea_pacific_ocean;x;
12655;63;26;232;sea_pacific_ocean;x;
12656;64;26;236;sea_pacific_ocean;x;
12657;63;126;232;sea_sendai_bay;x;
12658;67;127;244;sea_uchiura_bay;x;
12659;67;126;248;sea_nemuro_bay;x;
12660;68;26;232;sea_soya_strait;x;
12661;69;126;236;sea_sibuyan;x;
12662;70;26;240;sea_visayan;x;
12663;71;126;244;sea_bohol;x;
12664;172;126;248;sea_bohol;x;
12665;73;126;232;sea_pacific_ocean;x;
12666;74;26;236;sea_pacific_ocean;x;
12667;175;126;240;sea_davao_gulf;x;
12668;76;26;244;sea_moro_gulf;x;
12669;77;226;248;sea_sulu;x;
12670;178;226;232;sea_sulu;x;
12671;79;26;236;sea_sulu;x;
12672;80;126;240;sea_sulu;x;
12673;181;126;244;sea_celebes;x;
12674;82;26;248;sea_celebes;x;
12675;183;126;232;sea_celebes;x;
12676;54;20;230;sea_celebes;x;
12677;85;126;240;sea_celebes;x;
12678;86;126;144;sea_celebes;x;
12679;87;26;248;sea_molucca;x;
12680;88;126;232;sea_molucca;x;
12681;189;26;236;sea_molucca;x;
12682;90;26;240;sea_ceram;x;
12683;51;127;244;sea_ceram;x;
12684;92;26;248;sea_ceram;x;
12685;93;26;232;sea_gulf_of_tomini;x;
12686;94;126;236;sea_gulf_of_tomini;x;
12687;195;26;240;sea_banda;x;
12688;96;26;244;sea_banda;x;
12689;97;126;248;sea_banda;x;
12690;98;26;232;sea_banda;x;
12691;99;226;236;sea_banda;x;
12692;39;51;105;sea_banda;x;
12693;101;26;244;sea_banda;x;
12694;102;126;248;sea_banda;x;
12695;163;26;232;sea_arafura;x;
12696;104;226;236;sea_arafura;x;
12697;105;26;240;sea_timor;x;
12698;106;226;244;sea_timor;x;
12699;107;26;248;sea_savu;x;
12700;108;127;232;sea_savu;x;
12701;109;127;236;sea_gulf_of_boni;x;
12702;110;27;240;sea_gulf_of_boni;x;
12703;211;27;244;sea_flores;x;
12704;112;227;248;sea_flores;x;
12705;113;27;32;sea_flores;x;
12706;114;227;236;sea_makassar_strait;x;
12707;115;27;240;sea_makassar_strait;x;
12708;116;127;244;sea_java;x;
12709;117;27;248;sea_java;x;
12710;118;227;232;sea_java;x;
12711;19;27;236;sea_java;x;
12712;120;27;240;sea_java;x;
12713;121;227;244;sea_java;x;
12714;23;27;148;sea_java;x;
12715;123;27;232;sea_java;x;
12716;124;227;236;sea_java;x;
12717;225;27;240;sea_java;x;
12718;226;227;244;sea_bali;x;
12719;160;27;248;sea_bali;x;
12720;1;27;232;sea_karimata_strait;x;
12721;82;27;236;sea_karimata_strait;x;
12722;3;27;240;sea_bangka_strait;x;
12723;4;227;244;sea_berhala_strait;x;
12724;5;27;248;sea_strait_of_malacca;x;
12725;6;227;232;sea_strait_of_malacca;x;
12726;7;27;236;sea_strait_of_malacca;x;
12727;238;27;240;sea_strait_of_malacca;x;
12728;9;27;244;sea_gulf_of_siam;x;
12729;110;27;248;sea_gulf_of_siam;x;
12730;11;127;232;sea_gulf_of_siam;x;
12731;12;27;236;sea_gulf_of_siam;x;
12732;13;127;240;sea_gulf_of_siam;x;
12733;14;127;244;sea_natuna;x;
12734;215;27;248;sea_natuna;x;
12735;116;127;232;sea_natuna;x;
12736;17;27;236;sea_north_natuna;x;
12737;18;127;240;sea_north_natuna;x;
12738;19;27;244;sea_indian_ocean;x;
12739;20;127;248;sea_indian_ocean;x;
12740;21;27;232;sea_indian_ocean;x;
12741;22;127;236;sea_sunda_strait;x;
12742;23;27;240;sea_indian_ocean;x;
12743;24;127;244;sea_indian_ocean;x;
12744;25;27;248;sea_indian_ocean;x;
12745;26;127;232;sea_indian_ocean;x;
12746;27;27;236;sea_gulf_of_tonkin;x;
12747;28;127;240;sea_gulf_of_tonkin;x;
12748;29;27;244;sea_south_china;x;
12749;30;127;248;sea_south_china;x;
12750;131;27;232;sea_south_china;x;
12751;32;27;236;sea_south_china;x;
12752;33;127;240;sea_south_china;x;
12753;34;27;44;sea_south_china;x;
12754;35;127;248;sea_south_china;x;
12755;136;27;232;sea_south_china;x;
12756;137;27;236;sea_south_china;x;s
12757;38;127;240;sea_south_china;x;
12758;39;27;244;sea_south_china;x;
12759;140;127;248;sea_south_china;x;
12760;141;27;232;sea_south_china;x;
12761;42;27;236;sea_south_china;x;
12762;43;127;240;sea_south_china;x;
12763;126;186;199;sea_indian_ocean;x;
12764;36;83;162;sea_pacific_ocean;x;
12765;30;50;90;sea_of_japan;x;
12766;35;55;95;sea_east_china;x;
12767;40;60;100;sea_south_china;x;
12768;49;27;244;sea_gulf_martaban;x;
12769;150;27;248;sea_andaman;x;
12770;164;147;96;sea_toyama_bay;x;
12771;52;27;236;somalia_kismayo;x;
12772;137;25;94;somalia_hoosingo;x;
12773;231;187;29;kenya_pate_island;x;
12774;104;94;138;kenya_kiunga;x;
12775;56;27;232;kenya_kiangwe;x;
12776;138;25;94;kenya_lamu_and_manda_islands;x;
12777;232;187;29;kenya_ewago_ngiro_river;x;
12778;104;93;138;kenya_kipini;x;
12779;138;26;94;kenya_mto_tana;x;
12780;61;27;232;kenya_ungwana;x;
12781;138;27;94;kenya_malindi;x;
12782;232;187;30;kenya_mto_athi;x;
12783;106;94;138;kenya_mto_tsavo;x;
12784;232;187;31;kenya_mtwapa;x;
12785;66;27;232;kenya_saghasa;x;
12786;107;95;138;kenya_mombasa;x;
12787;138;27;95;tanzania_kwa_mgogo_mombo;x; # Kwa Mgogo site near modern Mombo. do not confuse this with Kwa Mgogo near Dar es Salaam.
12788;69;27;244;tanzania_tanga;x;
12789;232;188;31;tanzania_mkwaja;x;
12790;108;98;138;tanzania_pangani;x;
12791;138;28;95;tanzania_pemba_island_tumbe;x;
12792;232;189;31;tanzania_unguja_ukuu_zanzibar_island;x;
12793;74;27;244;tanzania_tumbatu_zanzibar_island;x;
12794;138;29;95;tanzania_bagamoyo_kaole_old_town;x;
12795;77;27;236;kenya_gede;x; # also spelled Gedi
12796;9;97;85;kenya_galana_river;x; # mto galana
12797;9;98;85;kenya_witu;x;
12798;10;99;85;tanzania_pemba_island_ras_mkumbuu;x;
12799;2;138;225;sea_lamu_archipelago;x;
12800;93;45;166;sea_tana_delta;x;
12801;3;138;225;sea_zanzibar_channel;x;
12802;242;198;40;tanzania_kilimanjaro;x;
12803;143;30;100;vumba_kuu;x;
12804;144;31;101;kenya_meru;x; # after the Meru People
12805;15;104;91;kenya_kirinyaga;x; # Mount Kenya
12806;243;199;41;kenya_kambu;x; # after the Kamba people
12807;142;32;102;kenya_empusel;x; # old Maa name for the Amboseli region
12808;44;64;194;kenta_garissa;x;
12809;14;103;90;kenya_taveta;x; # kinda-sorta Taita-Tavesta county. Don't think too hard about it.
12810;90;69;125;Sakhalin-Taraika/Shisuka/Poronaysk;;x;
12811;177;70;204;Sakhalin-Esutoru/Uglegorsk;x;
12812;202;183;207;Sakhalin-Keton/Smirnykh;x;
12813;230;228;163;Sakhalin-Otchishi/Alexandrovsk;x;
12814;114;111;27;Sakhalin-Pogobi/Pokhobi;x;
12815;168;164;59;Sakhalin-Nogl-in/Nogliki;x;
12816;237;144;155;Sakhalin-Ziancha/Dolinsk;x;
12817;141;18;32;Sakhalin-Kushunkotan/Otomari/Korsakov;x;
12818;241;60;81;Sakhalin-Honto/Nevelsk;x;
12819;223;215;86;Kuril-Kunasir;x;
12820;123;118;30;Kuril-Etuworop-sir/Iturup;x;
12821;94;120;121;Sea of Okhotsk;x;
12822;173;238;240;Sea of Okhotsk;x;
12823;117;105;26;Batu;x;
12824;117;70;161;Siberut;x;
12825;117;163;110;Sipura;x;
12826;104;28;244;;Forest of Dean;
12827;74;91;175;Halmahera Sea;x;
12828;35;5;105;sea_ceram;x;
12829;151;141;236;sea_ceram;x;
12830;69;5;101;papua_impassable;x;
12831;107;157;227;sea_arafura;x;
12832;11;107;204;sea_arafura;x;
12833;15;146;219;sea_arafura;x;
12834;37;154;179;sea_arafura;x;
12835;50;198;173;Soren;x;
12836;211;82;120;Maybrat;x;
12837;109;119;21;Bintuni;x;
12838;41;192;115;Weri;x;
12839;151;255;173;Kaimana;x;
12840;3;21;39;Namatota;x;
12841;218;80;105;Wokam;x;
12842;175;78;207;Asmat;x;
12843;111;35;181;Mapi;x;
12844;185;32;174;Timika;x;
12845;59;18;98;Dolok;x;
12846;109;62;105;papua_impassable;x;
12847;67;200;193;Trangan;
12848;70;134;113;Diglipur;x;
12849;26;82;45;Muot/Nancowry;x;
12850;116;224;241;sea_andaman;x;
12851;227;138;239;Thap Chumphon;x;
12852;241;37;134;U Thong;x;
12853;33;24;15;Khun_Tan_Range;x;
12854;68;30;131;Si Satchanalai;x;
12855;20;88;22;Phayao;x;
12856;31;52;69;Phrao;x;
12857;18;55;100;Ban Lan;x;
12858;36;26;17;Luang_Prabang_Range;x;
12859;38;28;19;Khun_Tan_Range;x;
12860;40;30;21;Tonchai_Range;x;
12861;42;32;23;Daen_Lao_Range;x;
12862;44;34;25;Dawna_Range;x;
12863;64;39;216;Heqing;x;
12864;7;29;31;Annamite_Range;x;
12865;9;32;33;Annamite_Range;x;
12866;11;33;35;Yunnan_Mountains;x;
12867;13;35;37;Yunnan_Mountains;x;
12868;15;37;39;Yunnan_Mountains;x;
12869;17;39;41;Yunnan_Mountains;x;
12870;19;41;43;Yunnan_Mountains;x;
12871;21;43;45;Yunnan_Mountains;x;
12872;23;45;47;Yunnan_Mountains;x;
12873;25;47;49;Yunnan_Mountains;x;
12874;27;49;51;Yunnan_Mountains;x;
12875;29;51;53;Yunnan_Mountains;x;
12876;31;53;55;Yunnan_Mountains;x;
12877;33;55;57;Yunnan_Mountains;x;
12878;35;57;59;Yunnan_Mountains;x;
12879;17;97;17;Moeng Phong / Meng Peng;x;
12880;219;95;26;Tay Son;x;
12881;55;39;42;east_hokkaido_mountains;x;
12882;32;17;32;alborz_mountains;x;
12883;31;6;31;alborz_mountains;x;
12884;19;6;19;alborz_mountains;x;
12885;35;20;35;alborz_mountains;x;
12886;25;11;25;alborz_mountains;x;
12887;57;4;58;alborz_mountains;x;
12888;102;12;103;alborz_mountains;x;
12889;169;25;170;alborz_mountains;x;
12890;100;13;101;alborz_mountains;x;
12891;64;30;64;alborz_mountains;x;
12892;90;5;91;persia_mountains;x;
12893;62;5;63;zagros_mountains;x;
12894;31;5;31;persia_mountains;x;
12895;101;33;102;zagros_mountains;x;
12896;129;14;130;zagros_mountains;x;
12897;61;9;62;zagros_mountains;x;
12898;72;25;72;zagros_mountains;x;
12899;133;101;102;persia_mountains;x;
12900;4;47;51;Annamite_Range;x;
12901;237;255;143;Viet_Mountains_6;x;
12902;255;143;83;Viet_Mountains_7;x;
12903;255;143;219;Viet_Mountains_8;x;
12904;122;72;14;shinano_mountains;x;
12905;108;61;6;shinano_mountains;x;
12906;97;58;11;shinano_mountains;x;
12907;68;44;16;shinano_mountains;x;
12908;92;55;11;shinano_mountains;x;
12909;52;32;9;shinano_mountains;x;
12910;74;52;27;shinano_mountains;x;
12911;76;57;35;shinano_mountains;x;
12912;80;26;93;mutsu_mountains;x;
12913;39;5;47;mutsu_mountains;x;
12914;53;18;61;west_honshu_mountains;x;
12915;47;10;10;shikoku_mountains;x;
12916;50;6;6;kyushu_mountains;x;
12917;114;122;17;korea_mountains;x;
12918;79;85;8;korea_mountains;x;
12919;130;137;45;korea_mountains;x;
12920;96;102;20;korea_mountains;x;
12921;26;16;5;shinano_mountains;x;
12922;30;21;11;kabulistan_mountains;x;
12923;46;161;155;TAKLAMAKAN DESERT;x;
12924;20;135;129;TAKLAMAKAN DESERT;x;
12925;132;125;153;TIANSHAN;x;
12926;52;64;57;borneo_jungle;x;
12927;48;72;59;borneo_jungle;x;
12928;18;51;34;borneo_jungle;x;
12929;83;29;248;korea_mountains;x;
12930;156;184;209;Hainan;x;
12931;127;255;142;Hainan;x;
12932;186;255;248;Hainan;x;
12933;9;171;154;Hainan;x;
12934;203;145;255;Hainan;x;
12935;122;219;255;Hainan;x;
12936;209;102;143;Hainan;x;
12937;209;209;77;Hainan;x;
12938;119;209;198;Hainan;x;
12939;135;166;209;Hainan;x;
12940;209;110;151;Hainan;x;
12941;158;211;254;Hainan;x;
12942;177;168;26;Hainan;x;
12943;255;178;127;Hainan;x;
12944;218;255;127;Hainan;x;
12945;234;86;120;;x;
12946;0;0;0;;x; #
12947;107;161;159;b_qianzhou_qianhua;x;
12948;255;216;0;x;
12949;143;205;49;b_zhangzhou_zhangpu_southwest;x;
12950;180;79;227;b_zhangzhou_zhangpu_west;x;
12951;126;81;15;b_zhangzhou_longxi_west;x;
12952;40;42;57;b_zhangzhou_longxi_northwest;x;
12953;8;118;201;b_zhangzhou_longyan_south;x;
12954;31;32;170;b_tingzhou_liancheng_southeast;x;
12955;0;80;191;b_tingzhou_liancheng_northeast;x;
12956;80;72;157;b_tingzhou_ninghua_east;x;
12957;254;194;76;b_weizhou_mingsha_north;x;
12958;228;83;26;b_weizhou_mingsha_west;x;
12959;138;240;246;b_weizhou_mingsha_southwest;x;
12960;4;143;173;b_lingzhou_huaiyuan;x;
12961;90;34;159;b_lingzhou_dingyuan_north;x;
12962;212;167;232;b_weizhou_wulan;x;
12963;159;8;169;b_mizhou_north;x;
12964;155;193;251;b_mizhou_northwest;x;
12965;139;72;191;;x;
12966;205;219;97;b_laizhou_changyang_east;x;
12967;86;200;226;b_laizhou_changyang_west;x;
12968;162;40;111;b_chuzhou_longquan_southwest;x;
12969;62;212;21;b_chuzhou_longquan_south;x;
12970;220;113;9;b_chaozhou_chenghai;x;
12971;214;158;121;b_chaozhou_haining;x;
12972;17;232;139;b_chaozhou_jieyang;x;
12973;4;202;199;b_fengzhou_north;x;
12974;171;24;94;b_youzhou_yanen_west;x;
12975;53;121;199;b_youzhou_yanen_south;x;
12976;253;255;38;XYZ;x; # Impassable
12977;53;252;156;b_yanzhou_fengshan;x;
12978;181;2;30;b_yanzhou_cailong;x;
12979;42;14;124;b_guangzhou_zengchang;x;
12980;188;215;221;b_guangzhou_sihui;x;
12981;16;114;1;b_guangzhou_huameng_south;x;
12982;15;10;55;b_guangzhou_huaiji;x;
12983;251;38;50;b_guangzhou_jianshui;x;
12984;47;26;43;b_yuezhou_changjing_north;x;
12985;231;214;53;;x;
12986;94;6;153;b_yuezhou_changjing_west;x;
12987;130;241;244;;x;
12988;104;115;149;b_tanzhou_xiangtan;x;
12989;144;37;118;b_tanzhou_xinhua;x;
12990;186;123;76;b_shaozhou_shaoyang_west;x;
12991;35;249;252;b_shaozhou_wugang_northwest;x;
12992;9;55;217;b_shaozhou_shaoyang_southwest;x;
12993;49;177;64;b_jizhou_anfu_southwest;x;
12994;200;88;176;b_jizhou_anfu_south;x;
12995;166;160;160;b_xinzhou_yongfeng;x;
12996;25;2;83;b_xinzhou_yanshan;x;
12997;148;92;155;b_xunzhou_anlu;x;
12998;197;175;193;b_xunzhou_yong_an;x;
12999;106;181;249;b_xunzhou_changle;x;
13000;211;204;2;b_xunzhou_xingning_west;x;
13001;172;71;165;b_luzhou_lujiang_northeast;x;
13002;63;74;137;b_luzhou_lujiang_east;x;
13003;63;184;26;b_yizhou_fei_west;x;
13004;171;82;196;b_yizhou_fei_southwest;x;
13005;231;15;0;b_fuzhou_jianli_north;x;
13006;26;228;204;b_fuzhou_jianli_northeast;x;
13007;233;93;207;b_jianglingfu_qianjiang;x;
13008;89;225;32;b_jianglingfu_jiangling_northwest;x;
13009;52;74;197;b_haozhou_zhongli_west;x;
13010;65;242;144;b_haozhou_zhongli_southwest;x;
13011;182;157;54;b_qizhou_qichun_southwest;x;
13012;11;174;254;b_qizhou_qichun_north;x;
13013;206;65;61;b_qizhou_qichun_northwest;x;
13014;243;90;10;b_raozhou_fuliang;x;
13015;171;57;84;b_raozhou_leping;x;
13016;36;158;179;b_raozhou_poyang;x;
13017;164;128;232;b_pingzhou_lulong_west;x;
13018;96;106;185;b_pingzhou_lulong_northwest;x;
13019;65;60;114;b_lianzhou_lianshan_west;x;
13020;102;0;111;b_lianzhou_lianshan_southwest;x;
13021;222;28;72;b_lizhou_songzi;x;
13022;29;78;149;b_lizhou_shimen_southeast;x;
13023;61;121;28;b_kuizhou_fengjie_east;x;
13024;17;32;223;b_kuizhou_fengjie_west;x;
13025;253;230;215;b_tangzhou_biyang_east;x;
13026;137;232;88;b_tangzhou_biyang_south;x;
13027;162;45;241;b_fangzhou_yicheng;x;
13028;162;157;18;b_fangzhou_yongqing;x;
13029;20;89;45;b_dengzhou_jutang_west;x;
13030;253;86;32;b_dengzhou_jutang_south;x;
13031;18;180;242;b_huazhou_baima_northeast;x;
13032;124;65;220;b_huazhou_baima_east;x;
13033;250;214;168;b_huazhou_baima_southeast;x;
13034;239;218;98;b_yunzhou_xiaqiu_northwest;x;
13035;141;85;1;b_something_xiangyuan_east;x;
13036;182;128;161;b_something_xiangyuan_southwest;x;
13037;198;34;41;b_something_xiangyuan_south;x;
13038;180;247;254;b_tongzhou_heyang_northeast;x;
13039;5;178;229;b_tongzhou_heyang_northwest;x;
13040;199;124;239;b_luzhou_tunliu_northwest;x;
13041;220;92;226;b_luzhou_tunliu_south;x;
13042;29;213;166;b_hongzhou_xinwu_southeast;x;
13043;103;28;251;b_hongzhou_xinwu_south;x;
13044;248;132;225;b_shuozhou_shanyang_north;x;
13045;14;1;48;b_shuozhou_shanyang_west;x;
13046;128;198;95;b_lanzhou_hehe_northeast;x;
13047;79;210;159;b_lanzhou_hehe_northwest;x;
13048;241;18;254;b_tongzhou_baqu_southwest;x;
13049;69;64;232;b_tongzhou_baqu_south;x;
13050;90;95;91;b_shizhou_qingjiang_northwest;x;
13051;181;216;246;b_shizhou_qingjiang_west;x;
13052;107;100;100;b_qianzhou_dayu_north;x;
13053;105;73;152;b_qianzhou_dayu_west;x;
13054;122;92;58;b_qianzhou_dayu_northwest;x;
13055;44;191;184;b_huizhou_huizhou_west;x;
13056;53;211;241;b_huizhou_huizhou_east;x;
13057;2;69;242;b_sie_e_sie_e_northeast;x;
13058;107;249;242;b_sie_e_sie_e_southwest;x;
13059;225;177;149;b_poyan_north;x;
13060;1;110;242;b_poyan_south;x;
13061;245;127;107;b_fangzhou_zhushan_southwest;x;
13062;117;181;154;b_fangzhou_zhushan_southeast;x;
13063;149;170;84;b_jinzhou_shiquan_east;x;
13064;57;33;208;b_jinzhou_shiquan_west;x;
13065;122;25;107;b_jinzhou_pingli_east;x;
13066;137;124;182;b_jinzhou_pingli_west;x;
13067;120;179;33;b_yunzhou_yunzhong_northwest;x;
13068;88;49;5;b_yunzhou_yunzhong_southwest;x;
13069;216;38;184;b_daizhou_west;x;
13070;120;96;179;b_daizhou_east;x;
13071;234;23;143;b_xiazhou_ningshuo_north;x;
13072;91;29;230;b_xiazhou_ningshuo_south;x;
13073;235;144;175;b_longzhou_qingchuan_northwest;x;
13074;85;248;5;b_longzhou_qingchuan_southwest;x;
13075;238;216;18;b_shengzhou_yulin_northeast;x;
13076;88;198;75;b_shengzhou_yulin_southeast;x;
13077;31;251;24;b_linzhou_xintai_northeast;x;
13078;45;18;202;b_linzhou_xintai_southeast;x;
13079;250;252;105;b_yunzhou_something_northeast;x;
13080;223;184;0;b_yunzhou_something_east;x;
13081;121;2;64;b_yunzhou_lingqiu_east;x;
13082;249;65;158;b_yunzhou_lingqiu_southwest;x;
13083;186;64;236;b_xuzhou_langxi_west;x;
13084;224;254;36;b_huanzhou_fangqu_northeast;x;
13085;167;56;241;b_huanzhou_fangqu_west;x;
13086;201;165;189;b_xiongzhou_changhua_east;x;
13087;147;88;147;b_xiongzhou_changhua_northeast;x;
13088;35;153;22;b_weizhou_wenchi_north;x;
13089;215;201;120;b_weizhou_wenchi_northwest;x;
13090;147;240;87;b_wenzhou_wenzhou_south;x;
13091;46;98;202;b_wenzhou_wenzhou_southwest;x;
13092;225;121;205;b_shuangchengzhou_southeast;x;
13093;10;230;253;b_shuangchengzhou_southwest;x;
13094;157;199;193;b_xiazhou_dejing_south;x;
13095;164;87;31;b_youzhou_guiren_east;x;
13096;132;145;106;b_youzhou_guiren_south;x;
13097;183;10;201;XYZ;x;
13098;16;237;241;b_fuzhou_guangchang;x;
13099;92;8;228;b_fuzhou_xincheng;x;
13100;85;108;81;b_fuzhou_jinxi;x;
13101;28;111;97;b_fuzhou_yihuang;x;
13102;39;15;197;b_xuzhou_langxi_southwest;x;
13103;65;0;110;b_jizhou_taihe_north;x;
13104;95;49;20;b_jizhou_taihe_north_2;x;
13105;139;84;231;b_jizhou_luling_south;x;
13106;53;73;128;b_jizhou_luling_southwest;x;
13107;201;219;84;b_qianzhou_qianhua_northeast;x;
13108;155;27;234;b_qianzhou_qianhua_northwest;x;
13109;97;241;210;b_jizhou_luling_east;x;
13110;164;157;70;b_shuozhou_mayi_east;x;
13111;126;54;173;b_shuozhou_mayi_south;x;
13112;3;144;176;b_suzhou_hong_northwest;x;
13113;1;242;104;b_suzhou_hong_southwest;x;
13114;249;146;102;b_xuzhou_xiapi_north;x;
13115;243;16;217;b_xuzhou_suining;x;
13116;246;27;180;b_chaozhou_chaoyang_north_2;x;
13117;119;166;18;b_chaozhou_chaoyang_north_3;x;
13118;232;13;9;b_chaozhou_chaoyang_north_4;x;
13119;2;31;173;b_yunzhou_xiaqiu_southwest;x;
13120;172;158;237;b_xuzhou_pengcheng_northwest;x;
13121;145;120;174;b_xuzhou_pengcheng_southwest;x;
13122;222;192;180;b_chenzhou_zixing_north;x;
13123;0;129;58;b_chenzhou_zixing_northwest;x;
13124;10;172;101;b_yanzhou_wuyuan_northwest;x;
13125;101;215;116;b_yanzhou_wuyuan_west;x;
13126;78;129;141;b_youzhou_huaide_east;x;
13127;193;32;86;b_yunzhou_xingtang_east;x;
13128;163;25;214;b_yunzhou_xintang_southeast;x;
13129;132;207;116;;x;
13130;53;58;55;b_shaozhou_wengyuan_southwest;x;
13131;241;98;35;b_shaozhou_wengyuan_south;x;
13132;78;123;83;b_xunzhou_leixiang;x;
13133;168;118;98;b_xunzhou_leixiang_northwest;x;
13134;102;228;10;;x; # Impassable
13135;255;174;251;b_qianzhou_anyuan_north;x;
13136;39;89;162;b_qianzhou_anyuan_northeast;x;
13137;160;200;244;b_hengzhou_hengyang_northeast;x;
13138;156;137;48;b_hengzhou_hengyang_east;x;
13139;227;114;128;b_xiazhou_dejing_east;x;
13140;245;241;94;b_xiongzhou_changhua_north_2;x;
13141;10;222;112;b_tanzhou_3;x;
13142;100;48;179;b_tanzhou_4;x;
13143;83;237;126;b_tanzhou_5;x;
13144;201;82;14;b_tanzhou_longyang;x;
13145;92;29;208;b_xizhou_1;x;
13146;167;170;71;b_xizhou_2;x;
13147;131;92;131;b_xizhou_3;x;
13148;218;158;16;b_xizhou_4;x;
13149;191;129;168;b_xizhou_5;x;
13150;157;111;145;b_qingzhou_1;x;
13151;27;163;236;b_qingzhou_2;x;
13152;230;219;120;b_qingzhou_3;x;
13153;106;207;56;b_qingzhou_4;x;
13154;215;239;187;b_langzhou_anxiang;x;
13155;239;250;53;b_qianzhou_pengshui_2;x;
13156;40;252;99;b_shengzhou_yulin_northwest;x;
13157;71;68;47;b_youzhou_yanen_northeast;x;
13158;58;31;244;;x;
13159;59;31;248;b_xiangyin;x;
13160;157;250;98;;x;
13161;116;193;216;;x;
13162;157;2;193;;x;
13163;51;184;209;;x;
13164;107;127;7;;x;
13165;63;29;90;;x;
13166;252;108;237;;x;
13167;210;54;140;;x;
13168;49;159;137;;x;
13169;10;237;195;;x;
13170;34;79;13;;x;
13171;140;132;217;;x;
13172;222;89;86;;x;
13173;55;47;142;;x;
13174;82;34;7;;x;
13175;35;60;99;;x;
13176;141;99;43;;x;
13177;40;240;230;;x;
13178;116;186;113;;x;
13179;39;88;80;;x;
13180;189;140;82;;x;
13181;22;123;118;;x;
13182;52;102;217;;x;
13183;48;181;162;;x;
13184;117;125;243;;x;
13185;233;89;84;;x;
13186;26;25;152;;x;
13187;236;104;119;;x;
13188;175;207;151;;x;
13189;99;96;76;;x;
13190;77;83;229;;x;
13191;210;237;56;;x;
13192;212;187;146;;x;
13193;142;29;197;;x;
13194;228;132;61;;x;
13195;143;119;41;;x;
13196;134;177;64;;x;
13197;151;29;46;;x;
13198;98;175;198;;x;
13199;94;194;60;;x;
13200;29;193;87;;x;
13201;179;243;100;;x;
13202;123;205;11;;x;
13203;196;47;238;;x;
13204;237;97;110;;x;
13205;15;75;190;;x;
13206;57;13;234;;x;
13207;91;223;29;;x;
13208;250;34;77;;x;
13209;78;174;247;;x;
13210;151;206;174;;x;
13211;90;161;117;;x;
13212;241;222;189;;x;
13213;37;153;29;;x;
13214;245;113;235;;x;
13215;183;214;78;;x;
13216;158;157;80;;x;
13217;229;149;60;;x;
13218;174;67;132;;x;
13219;44;222;50;;x;
13220;237;60;140;;x;
13221;245;14;112;;x;
13222;204;211;126;;x;
13223;8;207;134;;x;
13224;47;63;140;;x;
13225;45;30;54;;x;
13226;99;42;88;;x;
13227;150;182;184;;x;
13228;123;181;134;;x;
13229;172;24;141;;x;
13230;19;171;218;;x;
13231;9;33;199;;x;
13232;211;127;226;;x;
13233;251;40;212;;x;
13234;2;176;24;;x;
13235;200;168;205;;x;
13236;255;215;11;;x;
13237;128;32;57;;x;
13238;171;174;152;;x;
13239;151;58;116;;x;
13240;157;5;13;;x;
13241;167;23;12;;x;
13242;192;54;122;;x;
13243;74;50;121;;x;
13244;249;69;142;;x;
13245;177;219;205;;x;
13246;155;103;195;;x;
13247;235;68;170;;x;
13248;231;153;209;;x;
13249;78;77;3;;x;
13250;236;128;205;;x;
13251;153;187;186;;x;
13252;66;235;205;;x;
13253;221;158;248;;x;
13254;250;53;138;;x;
13255;27;179;244;;x;
13256;187;254;240;;x;
13257;114;209;111;;x;
13258;92;247;169;;x;
13259;222;130;25;;x;
13260;209;58;38;;x;
13261;246;228;208;;x;
13262;28;140;67;;x;
13263;20;227;53;;x;
13264;152;210;42;;x;
13265;13;215;220;;x;
13266;44;158;255;;x;
13267;136;88;106;;x;
13268;159;111;3;;x;
13269;107;147;212;;x;
#13270;43;32;232;;x;
#13271;44;32;236;;x;
#13272;45;32;240;;x;
#13273;46;32;244;;x;
#13274;47;32;248;;x;
#13275;48;32;232;;x;
#13276;49;32;236;;x;
#13277;50;32;240;;x;
#13278;51;32;244;;x;
#13279;52;32;248;;x;
#13280;53;32;232;;x;
#13281;54;32;236;;x;
#13282;55;32;240;;x;
#13283;56;32;244;;x;
#13284;57;32;248;;x;
#13285;58;32;232;;x;
#13286;59;32;236;;x;
#13287;60;32;240;;x;
#13288;61;32;244;;x;
#13289;62;32;248;;x;
#13290;63;32;232;;x;
#13291;64;32;236;;x;
#13292;65;32;240;;x;
#13293;66;32;244;;x;
#13294;67;32;248;;x;
#13295;68;32;232;;x;
#13296;69;32;236;;x;
#13297;70;32;240;;x;
#13298;71;32;244;;x;
#13299;72;32;248;;x;
#13300;73;33;232;;x;
#13301;74;33;236;;x;
#13302;75;33;240;;x;
#13303;76;33;244;;x;
#13304;77;33;248;;x;
#13305;78;33;232;;x;
#13306;79;33;236;;x;
#13307;80;33;240;;x;
#13308;81;33;244;;x;
#13309;82;33;248;;x;
#13310;83;33;232;;x;
#13311;84;33;236;;x;
#13312;85;33;240;;x;
#13313;86;33;244;;x;
#13314;87;33;248;;x;
#13315;88;33;232;;x;
#13316;89;33;236;;x;
#13317;90;33;240;;x;
#13318;91;33;244;;x;
#13319;92;33;248;;x;
#13320;93;33;232;;x;
#13321;94;33;236;;x;
#13322;95;33;240;;x;
#13323;96;33;244;;x;
#13324;97;33;248;;x;
#13325;98;33;232;;x;
#13326;99;33;236;;x;
#13327;100;33;240;;x;
#13328;101;33;244;;x;
#13329;102;33;248;;x;
#13330;103;33;232;;x;
#13331;104;33;236;;x;
#13332;105;33;240;;x;
#13333;106;33;244;;x;
#13334;107;33;248;;x;
#13335;108;33;232;;x;
#13336;109;33;236;;x;
#13337;110;33;240;;x;
#13338;111;33;244;;x;
#13339;112;33;248;;x;
#13340;113;33;232;;x;
#13341;114;33;236;;x;
#13342;115;33;240;;x;
#13343;116;33;244;;x;
#13344;117;33;248;;x;
#13345;118;33;232;;x;
#13346;119;33;236;;x;
#13347;120;33;240;;x;
#13348;121;33;244;;x;
#13349;122;33;248;;x;
#13350;123;33;232;;x;
#13351;124;33;236;;x;
#13352;125;33;240;;x;
#13353;126;33;244;;x;
#13354;0;33;248;;x;
#13355;1;33;232;;x;
#13356;2;33;236;;x;
#13357;3;33;240;;x;
#13358;4;33;244;;x;
#13359;5;33;248;;x;
#13360;6;33;232;;x;
#13361;7;33;236;;x;
#13362;8;33;240;;x;
#13363;9;33;244;;x;
#13364;10;33;248;;x;
#13365;11;33;232;;x;
#13366;12;33;236;;x;
#13367;13;33;240;;x;
#13368;14;33;244;;x;
#13369;15;33;248;;x;
#13370;16;33;232;;x;
#13371;17;33;236;;x;
#13372;18;33;240;;x;
#13373;19;33;244;;x;
#13374;20;33;248;;x;
#13375;21;33;232;;x;
#13376;22;33;236;;x;
#13377;23;33;240;;x;
#13378;24;33;244;;x;
#13379;25;33;248;;x;
#13380;26;33;232;;x;
#13381;27;33;236;;x;
#13382;28;33;240;;x;
#13383;29;33;244;;x;
#13384;30;33;248;;x;
#13385;31;33;232;;x;
#13386;32;33;236;;x;
#13387;33;33;240;;x;
#13388;34;33;244;;x;
#13389;35;33;248;;x;
#13390;36;33;232;;x;
#13391;37;33;236;;x;
#13392;38;33;240;;x;
#13393;39;33;244;;x;
#13394;40;33;248;;x;
#13395;41;33;232;;x;
#13396;42;33;236;;x;
#13397;43;33;240;;x;
#13398;44;33;244;;x;
#13399;45;33;248;;x;
#13400;46;34;232;;x;
#13401;47;34;236;;x;
#13402;48;34;240;;x;
#13403;49;34;244;;x;
#13404;50;34;248;;x;
#13405;51;34;232;;x;
#13406;52;34;236;;x;
#13407;53;34;240;;x;
#13408;54;34;244;;x;
#13409;55;34;248;;x;
#13410;56;34;232;;x;
#13411;57;34;236;;x;
#13412;58;34;240;;x;
#13413;59;34;244;;x;
#13414;60;34;248;;x;
#13415;61;34;232;;x;
#13416;62;34;236;;x;
#13417;63;34;240;;x;
#13418;64;34;244;;x;
#13419;65;34;248;;x;
#13420;66;34;232;;x;
#13421;67;34;236;;x;
#13422;68;34;240;;x;
#13423;69;34;244;;x;
#13424;70;34;248;;x;
#13425;71;34;232;;x;
#13426;72;34;236;;x;
#13427;73;34;240;;x;
#13428;74;34;244;;x;
#13429;75;34;248;;x;
#13430;76;34;232;;x;
#13431;77;34;236;;x;
#13432;78;34;240;;x;
#13433;79;34;244;;x;
#13434;80;34;248;;x;
#13435;81;34;232;;x;
#13436;82;34;236;;x;
#13437;83;34;240;;x;
#13438;84;34;244;;x;
#13439;85;34;248;;x;
#13440;86;34;232;;x;
#13441;87;34;236;;x;
#13442;88;34;240;;x;
#13443;89;34;244;;x;
#13444;90;34;248;;x;
#13445;91;34;232;;x;
#13446;92;34;236;;x;
#13447;93;34;240;;x;
#13448;94;34;244;;x;
#13449;95;34;248;;x;
#13450;96;34;232;;x;
#13451;97;34;236;;x;
#13452;98;34;240;;x;
#13453;99;34;244;;x;
#13454;100;34;248;;x;
#13455;101;34;232;;x;
#13456;102;34;236;;x;
#13457;103;34;240;;x;
#13458;104;34;244;;x;
#13459;105;34;248;;x;
#13460;106;34;232;;x;
#13461;107;34;236;;x;
#13462;108;34;240;;x;
#13463;109;34;244;;x;
#13464;110;34;248;;x;
#13465;111;34;232;;x;
#13466;112;34;236;;x;
#13467;113;34;240;;x;
#13468;114;34;244;;x;
#13469;115;34;248;;x;
#13470;116;34;232;;x;
#13471;117;34;236;;x;
#13472;118;34;240;;x;
#13473;119;34;244;;x;
#13474;120;34;248;;x;
#13475;121;34;232;;x;
#13476;122;34;236;;x;
#13477;123;34;240;;x;
#13478;124;34;244;;x;
#13479;125;34;248;;x;
#13480;126;34;232;;x;
#13481;0;34;236;;x;
#13482;1;34;240;;x;
#13483;2;34;244;;x;
#13484;3;34;248;;x;
#13485;4;34;232;;x;
#13486;5;34;236;;x;
#13487;6;34;240;;x;
#13488;7;34;244;;x;
#13489;8;34;248;;x;
#13490;9;34;232;;x;
#13491;10;34;236;;x;
#13492;11;34;240;;x;
#13493;12;34;244;;x;
#13494;13;34;248;;x;
#13495;14;34;232;;x;
#13496;15;34;236;;x;
#13497;16;34;240;;x;
#13498;17;34;244;;x;
#13499;18;34;248;;x;
#13500;19;35;232;;x;
#13501;20;35;236;;x;
#13502;21;35;240;;x;
#13503;22;35;244;;x;
#13504;23;35;248;;x;
#13505;24;35;232;;x;
#13506;25;35;236;;x;
#13507;26;35;240;;x;
#13508;27;35;244;;x;
#13509;28;35;248;;x;
#13510;29;35;232;;x;
#13511;30;35;236;;x;
#13512;31;35;240;;x;
#13513;32;35;244;;x;
#13514;33;35;248;;x;
#13515;34;35;232;;x;
#13516;35;35;236;;x;
#13517;36;35;240;;x;
#13518;37;35;244;;x;
#13519;38;35;248;;x;
#13520;39;35;232;;x;
#13521;40;35;236;;x;
#13522;41;35;240;;x;
#13523;42;35;244;;x;
#13524;43;35;248;;x;
#13525;44;35;232;;x;
#13526;45;35;236;;x;
#13527;46;35;240;;x;
#13528;47;35;244;;x;
#13529;48;35;248;;x;
#13530;49;35;232;;x;
#13531;50;35;236;;x;
#13532;51;35;240;;x;
#13533;52;35;244;;x;
#13534;53;35;248;;x;
#13535;54;35;232;;x;
#13536;55;35;236;;x;
#13537;56;35;240;;x;
#13538;57;35;244;;x;
#13539;58;35;248;;x;
#13540;59;35;232;;x;
#13541;60;35;236;;x;
#13542;61;35;240;;x;
#13543;62;35;244;;x;
#13544;63;35;248;;x;
#13545;64;35;232;;x;
#13546;65;35;236;;x;
#13547;66;35;240;;x;
#13548;67;35;244;;x;
#13549;68;35;248;;x;
#13550;69;35;232;;x;
#13551;70;35;236;;x;
#13552;71;35;240;;x;
#13553;72;35;244;;x;
#13554;73;35;248;;x;
#13555;74;35;232;;x;
#13556;75;35;236;;x;
#13557;76;35;240;;x;
#13558;77;35;244;;x;
#13559;78;35;248;;x;
#13560;79;35;232;;x;
#13561;80;35;236;;x;
#13562;81;35;240;;x;
#13563;82;35;244;;x;
#13564;83;35;248;;x;
#13565;84;35;232;;x;
#13566;85;35;236;;x;
#13567;86;35;240;;x;
#13568;87;35;244;;x;
#13569;88;35;248;;x;
#13570;89;35;232;;x;
#13571;90;35;236;;x;
#13572;91;35;240;;x;
#13573;92;35;244;;x;
#13574;93;35;248;;x;
#13575;94;35;232;;x;
#13576;95;35;236;;x;
#13577;96;35;240;;x;
#13578;97;35;244;;x;
#13579;98;35;248;;x;
#13580;99;35;232;;x;
#13581;100;35;236;;x;
#13582;101;35;240;;x;
#13583;102;35;244;;x;
#13584;103;35;248;;x;
#13585;104;35;232;;x;
#13586;105;35;236;;x;
#13587;106;35;240;;x;
#13588;107;35;244;;x;
#13589;108;35;248;;x;
#13590;109;35;232;;x;
#13591;110;35;236;;x;
#13592;111;35;240;;x;
#13593;112;35;244;;x;
#13594;113;35;248;;x;
#13595;114;35;232;;x;
#13596;115;35;236;;x;
#13597;116;35;240;;x;
#13598;117;35;244;;x;
#13599;118;35;248;;x;
#13600;119;36;232;;x;
#13601;120;36;236;;x;
#13602;121;36;240;;x;
#13603;122;36;244;;x;
#13604;123;36;248;;x;
#13605;124;36;232;;x;
#13606;125;36;236;;x;
#13607;126;36;240;;x;
#13608;0;36;244;;x;
#13609;1;36;248;;x;
#13610;2;36;232;;x;
#13611;3;36;236;;x;
#13612;4;36;240;;x;
#13613;5;36;244;;x;
#13614;6;36;248;;x;
#13615;7;36;232;;x;
#13616;8;36;236;;x;
#13617;9;36;240;;x;
#13618;10;36;244;;x;
#13619;11;36;248;;x;
#13620;12;36;232;;x;
#13621;13;36;236;;x;
#13622;14;36;240;;x;
#13623;15;36;244;;x;
#13624;16;36;248;;x;
#13625;17;36;232;;x;
#13626;18;36;236;;x;
#13627;19;36;240;;x;
#13628;20;36;244;;x;
#13629;21;36;248;;x;
#13630;22;36;232;;x;
#13631;23;36;236;;x;
#13632;24;36;240;;x;
#13633;25;36;244;;x;
#13634;26;36;248;;x;
#13635;27;36;232;;x;
#13636;28;36;236;;x;
#13637;29;36;240;;x;
#13638;30;36;244;;x;
#13639;31;36;248;;x;
#13640;32;36;232;;x;
#13641;33;36;236;;x;
#13642;34;36;240;;x;
#13643;35;36;244;;x;
#13644;36;36;248;;x;
#13645;37;36;232;;x;
#13646;38;36;236;;x;
#13647;39;36;240;;x;
#13648;40;36;244;;x;
#13649;41;36;248;;x;
#13650;42;36;232;;x;
#13651;43;36;236;;x;
#13652;44;36;240;;x;
#13653;45;36;244;;x;
#13654;46;36;248;;x;
#13655;47;36;232;;x;
#13656;48;36;236;;x;
#13657;49;36;240;;x;
#13658;50;36;244;;x;
#13659;51;36;248;;x;
#13660;52;36;232;;x;
#13661;53;36;236;;x;
#13662;54;36;240;;x;
#13663;55;36;244;;x;
#13664;56;36;248;;x;
#13665;57;36;232;;x;
#13666;58;36;236;;x;
#13667;59;36;240;;x;
#13668;60;36;244;;x;
#13669;61;36;248;;x;
#13670;62;36;232;;x;
#13671;63;36;236;;x;
#13672;64;36;240;;x;
#13673;65;36;244;;x;
#13674;66;36;248;;x;
#13675;67;36;232;;x;
#13676;68;36;236;;x;
#13677;69;36;240;;x;
#13678;70;36;244;;x;
#13679;71;36;248;;x;
#13680;72;36;232;;x;
#13681;73;36;236;;x;
#13682;74;36;240;;x;
#13683;75;36;244;;x;
#13684;76;36;248;;x;
#13685;77;36;232;;x;
#13686;78;36;236;;x;
#13687;79;36;240;;x;
#13688;80;36;244;;x;
#13689;81;36;248;;x;
#13690;82;36;232;;x;
#13691;83;36;236;;x;
#13692;84;36;240;;x;
#13693;85;36;244;;x;
#13694;86;36;248;;x;
#13695;87;36;232;;x;
#13696;88;36;236;;x;
#13697;89;36;240;;x;
#13698;90;36;244;;x;
#13699;91;36;248;;x;
#13700;92;37;232;;x;
#13701;93;37;236;;x;
#13702;94;37;240;;x;
#13703;95;37;244;;x;
#13704;96;37;248;;x;
#13705;97;37;232;;x;
#13706;98;37;236;;x;
#13707;99;37;240;;x;
#13708;100;37;244;;x;
#13709;101;37;248;;x;
#13710;102;37;232;;x;
#13711;103;37;236;;x;
#13712;104;37;240;;x;
#13713;105;37;244;;x;
#13714;106;37;248;;x;
#13715;107;37;232;;x;
#13716;108;37;236;;x;
#13717;109;37;240;;x;
#13718;110;37;244;;x;
#13719;111;37;248;;x;
#13720;112;37;232;;x;
#13721;113;37;236;;x;
#13722;114;37;240;;x;
#13723;115;37;244;;x;
#13724;116;37;248;;x;
#13725;117;37;232;;x;
#13726;118;37;236;;x;
#13727;119;37;240;;x;
#13728;120;37;244;;x;
#13729;121;37;248;;x;
#13730;122;37;232;;x;
#13731;123;37;236;;x;
#13732;124;37;240;;x;
#13733;125;37;244;;x;
#13734;126;37;248;;x;
#13735;0;37;232;;x;
#13736;1;37;236;;x;
#13737;2;37;240;;x;
#13738;3;37;244;;x;
#13739;4;37;248;;x;
#13740;5;37;232;;x;
#13741;6;37;236;;x;
#13742;7;37;240;;x;
#13743;8;37;244;;x;
#13744;9;37;248;;x;
#13745;10;37;232;;x;
#13746;11;37;236;;x;
#13747;12;37;240;;x;
#13748;13;37;244;;x;
#13749;14;37;248;;x;
#13750;15;37;232;;x;
#13751;16;37;236;;x;
#13752;17;37;240;;x;
#13753;18;37;244;;x;
#13754;19;37;248;;x;
#13755;20;37;232;;x;
#13756;21;37;236;;x;
#13757;22;37;240;;x;
#13758;23;37;244;;x;
#13759;24;37;248;;x;
#13760;25;37;232;;x;
#13761;26;37;236;;x;
#13762;27;37;240;;x;
#13763;28;37;244;;x;
#13764;29;37;248;;x;
#13765;30;37;232;;x;
#13766;31;37;236;;x;
#13767;32;37;240;;x;
#13768;33;37;244;;x;
#13769;34;37;248;;x;
#13770;35;37;232;;x;
#13771;36;37;236;;x;
#13772;37;37;240;;x;
#13773;38;37;244;;x;
#13774;39;37;248;;x;
#13775;40;37;232;;x;
#13776;41;37;236;;x;
#13777;42;37;240;;x;
#13778;43;37;244;;x;
#13779;44;37;248;;x;
#13780;45;37;232;;x;
#13781;46;37;236;;x;
#13782;47;37;240;;x;
#13783;48;37;244;;x;
#13784;49;37;248;;x;
#13785;50;37;232;;x;
#13786;51;37;236;;x;
#13787;52;37;240;;x;
#13788;53;37;244;;x;
#13789;54;37;248;;x;
#13790;55;37;232;;x;
#13791;56;37;236;;x;
#13792;57;37;240;;x;
#13793;58;37;244;;x;
#13794;59;37;248;;x;
#13795;60;37;232;;x;
#13796;61;37;236;;x;
#13797;62;37;240;;x;
#13798;63;37;244;;x;
#13799;64;37;248;;x;
#13800;65;38;232;;x;
#13801;66;38;236;;x;
#13802;67;38;240;;x;
#13803;68;38;244;;x;
#13804;69;38;248;;x;
#13805;70;38;232;;x;
#13806;71;38;236;;x;
#13807;72;38;240;;x;
#13808;73;38;244;;x;
#13809;74;38;248;;x;
#13810;75;38;232;;x;
#13811;76;38;236;;x;
#13812;77;38;240;;x;
#13813;78;38;244;;x;
#13814;79;38;248;;x;
#13815;80;38;232;;x;
#13816;81;38;236;;x;
#13817;82;38;240;;x;
#13818;83;38;244;;x;
#13819;84;38;248;;x;
#13820;85;38;232;;x;
#13821;86;38;236;;x;
#13822;87;38;240;;x;
#13823;88;38;244;;x;
#13824;89;38;248;;x;
#13825;90;38;232;;x;
#13826;91;38;236;;x;
#13827;92;38;240;;x;
#13828;93;38;244;;x;
#13829;94;38;248;;x;
#13830;95;38;232;;x;
#13831;96;38;236;;x;
#13832;97;38;240;;x;
#13833;98;38;244;;x;
#13834;99;38;248;;x;
#13835;100;38;232;;x;
#13836;101;38;236;;x;
#13837;102;38;240;;x;
#13838;103;38;244;;x;
#13839;104;38;248;;x;
#13840;105;38;232;;x;
#13841;106;38;236;;x;
#13842;107;38;240;;x;
#13843;108;38;244;;x;
#13844;109;38;248;;x;
#13845;110;38;232;;x;
#13846;111;38;236;;x;
#13847;112;38;240;;x;
#13848;113;38;244;;x;
#13849;114;38;248;;x;
#13850;115;38;232;;x;
#13851;116;38;236;;x;
#13852;117;38;240;;x;
#13853;118;38;244;;x;
#13854;119;38;248;;x;
#13855;120;38;232;;x;
#13856;121;38;236;;x;
#13857;122;38;240;;x;
#13858;123;38;244;;x;
#13859;124;38;248;;x;
#13860;125;38;232;;x;
#13861;126;38;236;;x;
#13862;0;38;240;;x;
#13863;1;38;244;;x;
#13864;2;38;248;;x;
#13865;3;38;232;;x;
#13866;4;38;236;;x;
#13867;5;38;240;;x;
#13868;6;38;244;;x;
#13869;7;38;248;;x;
#13870;8;38;232;;x;
#13871;9;38;236;;x;
#13872;10;38;240;;x;
#13873;11;38;244;;x;
#13874;12;38;248;;x;
#13875;13;38;232;;x;
#13876;14;38;236;;x;
#13877;15;38;240;;x;
#13878;16;38;244;;x;
#13879;17;38;248;;x;
#13880;18;38;232;;x;
#13881;19;38;236;;x;
#13882;20;38;240;;x;
#13883;21;38;244;;x;
#13884;22;38;248;;x;
#13885;23;38;232;;x;
#13886;24;38;236;;x;
#13887;25;38;240;;x;
#13888;26;38;244;;x;
#13889;27;38;248;;x;
#13890;28;38;232;;x;
#13891;29;38;236;;x;
#13892;30;38;240;;x;
#13893;31;38;244;;x;
#13894;32;38;248;;x;
#13895;33;38;232;;x;
#13896;34;38;236;;x;
#13897;35;38;240;;x;
#13898;36;38;244;;x;
#13899;37;38;248;;x;
#13900;38;39;232;;x;
#13901;39;39;236;;x;
#13902;40;39;240;;x;
#13903;41;39;244;;x;
#13904;42;39;248;;x;
#13905;43;39;232;;x;
#13906;44;39;236;;x;
#13907;45;39;240;;x;
#13908;46;39;244;;x;
#13909;47;39;248;;x;
#13910;48;39;232;;x;
#13911;49;39;236;;x;
#13912;50;39;240;;x;
#13913;51;39;244;;x;
#13914;52;39;248;;x;
#13915;53;39;232;;x;
#13916;54;39;236;;x;
#13917;55;39;240;;x;
#13918;56;39;244;;x;
#13919;57;39;248;;x;
#13920;58;39;232;;x;
#13921;59;39;236;;x;
#13922;60;39;240;;x;
#13923;61;39;244;;x;
#13924;62;39;248;;x;
#13925;63;39;232;;x;
#13926;64;39;236;;x;
#13927;65;39;240;;x;
#13928;66;39;244;;x;
#13929;67;39;248;;x;
#13930;68;39;232;;x;
#13931;69;39;236;;x;
#13932;70;39;240;;x;
#13933;71;39;244;;x;
#13934;72;39;248;;x;
#13935;73;39;232;;x;
#13936;74;39;236;;x;
#13937;75;39;240;;x;
#13938;76;39;244;;x;
#13939;77;39;248;;x;
#13940;78;39;232;;x;
#13941;79;39;236;;x;
#13942;80;39;240;;x;
#13943;81;39;244;;x;
#13944;82;39;248;;x;
#13945;83;39;232;;x;
#13946;84;39;236;;x;
#13947;85;39;240;;x;
#13948;86;39;244;;x;
#13949;87;39;248;;x;
#13950;88;39;232;;x;
#13951;89;39;236;;x;
#13952;90;39;240;;x;
#13953;91;39;244;;x;
#13954;92;39;248;;x;
#13955;93;39;232;;x;
#13956;94;39;236;;x;
#13957;95;39;240;;x;
#13958;96;39;244;;x;
#13959;97;39;248;;x;
#13960;98;39;232;;x;
#13961;99;39;236;;x;
#13962;100;39;240;;x;
#13963;101;39;244;;x;
#13964;102;39;248;;x;
#13965;103;39;232;;x;
#13966;104;39;236;;x;
#13967;105;39;240;;x;
#13968;106;39;244;;x;
#13969;107;39;248;;x;
#13970;108;39;232;;x;
#13971;109;39;236;;x;
#13972;110;39;240;;x;
#13973;111;39;244;;x;
#13974;112;39;248;;x;
#13975;113;39;232;;x;
#13976;114;39;236;;x;
#13977;115;39;240;;x;
#13978;116;39;244;;x;
#13979;117;39;248;;x;
#13980;118;39;232;;x;
#13981;119;39;236;;x;
#13982;120;39;240;;x;
#13983;121;39;244;;x;
#13984;122;39;248;;x;
#13985;123;39;232;;x;
#13986;124;39;236;;x;
#13987;125;39;240;;x;
#13988;126;39;244;;x;
#13989;0;39;248;;x;
#13990;1;39;232;;x;
#13991;2;39;236;;x;
#13992;3;39;240;;x;
#13993;4;39;244;;x;
#13994;5;39;248;;x;
#13995;6;39;232;;x;
#13996;7;39;236;;x;
#13997;8;39;240;;x;
#13998;9;39;244;;x;
#13999;10;39;248;;x;
#14000;11;40;232;;x;
#14001;12;40;236;;x;
#14002;13;40;240;;x;
#14003;14;40;244;;x;
#14004;15;40;248;;x;
#14005;16;40;232;;x;
#14006;17;40;236;;x;
#14007;18;40;240;;x;
#14008;19;40;244;;x;
#14009;20;40;248;;x;
#14010;21;40;232;;x;
#14011;22;40;236;;x;
#14012;23;40;240;;x;
#14013;24;40;244;;x;
#14014;25;40;248;;x;
#14015;26;40;232;;x;
#14016;27;40;236;;x;
#14017;28;40;240;;x;
#14018;29;40;244;;x;
#14019;30;40;248;;x;
#14020;31;40;232;;x;
#14021;32;40;236;;x;
#14022;33;40;240;;x;
#14023;34;40;244;;x;
#14024;35;40;248;;x;
#14025;36;40;232;;x;
#14026;37;40;236;;x;
#14027;38;40;240;;x;
#14028;39;40;244;;x;
#14029;40;40;248;;x;
#14030;41;40;232;;x;
#14031;42;40;236;;x;
#14032;43;40;240;;x;
#14033;44;40;244;;x;
#14034;45;40;248;;x;
#14035;46;40;232;;x;
#14036;47;40;236;;x;
#14037;48;40;240;;x;
#14038;49;40;244;;x;
#14039;50;40;248;;x;
#14040;51;40;232;;x;
#14041;52;40;236;;x;
#14042;53;40;240;;x;
#14043;54;40;244;;x;
#14044;55;40;248;;x;
#14045;56;40;232;;x;
#14046;57;40;236;;x;
#14047;58;40;240;;x;
#14048;59;40;244;;x;
#14049;60;40;248;;x;
#14050;61;40;232;;x;
#14051;62;40;236;;x;
#14052;63;40;240;;x;
#14053;64;40;244;;x;
#14054;65;40;248;;x;
#14055;66;40;232;;x;
#14056;67;40;236;;x;
#14057;68;40;240;;x;
#14058;69;40;244;;x;
#14059;70;40;248;;x;
#14060;71;40;232;;x;
#14061;72;40;236;;x;
#14062;73;40;240;;x;
#14063;74;40;244;;x;
#14064;75;40;248;;x;
#14065;76;40;232;;x;
#14066;77;40;236;;x;
#14067;78;40;240;;x;
#14068;79;40;244;;x;
#14069;80;40;248;;x;
#14070;81;40;232;;x;
#14071;82;40;236;;x;
#14072;83;40;240;;x;
#14073;84;40;244;;x;
#14074;85;40;248;;x;
#14075;86;40;232;;x;
#14076;87;40;236;;x;
#14077;88;40;240;;x;
#14078;89;40;244;;x;
#14079;90;40;248;;x;
#14080;91;40;232;;x;
#14081;92;40;236;;x;
#14082;93;40;240;;x;
#14083;94;40;244;;x;
#14084;95;40;248;;x;
#14085;96;40;232;;x;
#14086;97;40;236;;x;
#14087;98;40;240;;x;
#14088;99;40;244;;x;
#14089;100;40;248;;x;
#14090;102;40;232;;x;
#14091;103;40;236;;x;
#14092;104;40;240;;x;
#14093;105;40;244;;x;
#14094;106;40;248;;x;
#14095;107;40;232;;x;
#14096;108;40;236;;x;
#14097;3;23;240;;x;
#14098;102;24;244;;x;
#14099;101;40;248;;x;
#14100;100;35;232;;x;
#14101;77;8;244;;x;
#14102;109;40;240;;x;
#14103;110;40;244;;x;
#14104;111;40;248;;x;
#14105;112;40;232;;x;
#14106;113;40;236;;x;
#14107;114;40;240;;x;
#14108;115;40;244;;x;
#14109;125;28;244;;x;
#14110;123;24;244;;x;
#14111;102;24;240;;x;
#14112;21;12;248;;x;
#14113;13;36;248;;x;
#14114;121;20;240;;;
#14115;118;2;247;;x;
#14116;21;3;236;;x;
#14117;172;39;186;;x;
#14118;133;139;61;;x;
#14119;116;40;248;;x;
#14120;86;6;244;;x;
#14121;78;33;233;;x;
#14122;117;40;232;;x;
#14123;118;40;236;;x;
#14124;119;40;240;;x;
#14125;120;40;244;;x;
#14126;121;40;248;;x;
#14127;122;40;232;;x;
#14128;123;40;236;;x;
#14129;124;40;240;;x;
#14130;125;40;244;;x;
#14131;126;40;248;;x;
#14132;0;40;232;;x;
#14133;1;40;236;;x;
#14134;2;40;240;;x;
#14135;3;40;244;;x;
#14136;4;40;248;;x;
#14137;5;40;232;;x;
#14138;6;40;236;;x;
#14139;7;40;240;;x;
#14140;8;40;244;;x;
#14141;9;40;248;;x;
#14142;10;40;232;;x;
#14143;11;40;236;;x;
